{
"type": "FeatureCollection",
"name": "burundi",
"crs": { "type": "name", "properties": { "name": "urn:ogc:def:crs:OGC:1.3:CRS84" } },
"features": [
{ "type": "Feature", "properties": { "ID_0": 39, "ISO": "BDI", "NAME_0": "Burundi", "OBJECTID_1": 18, "ISO3": "BDI", "NAME_ENGLI": "Burundi", "NAME_ISO": "BURUNDI", "NAME_FAO": "Burundi", "NAME_LOCAL": "Burundi", "NAME_OBSOL": "Belgian East Africa", "NAME_VARIA": "Ruanda-Urundi|Urundi", "NAME_NONLA": null, "NAME_FRENC": "Burundi", "NAME_SPANI": "Burundi", "NAME_RUSSI": "Бурунди", "NAME_ARABI": "بوروندي", "NAME_CHINE": "蒲隆地", "WASPARTOF": null, "CONTAINS": null, "SOVEREIGN": "Burundi", "ISO2": "BI", "WWW": null, "FIPS": "BY", "ISON": 108.0, "VALIDFR": "19620701", "VALIDTO": "Present", "POP2000": 6356252.0, "SQKM": 27253.869, "POPSQKM": 233.22384062200001, "UNREGION1": "Eastern Africa", "UNREGION2": "Africa", "DEVELOPING": 1.0, "CIS": 0.0, "Transition": 0.0, "OECD": 0.0, "WBREGION": "Sub-Saharan Africa", "WBINCOME": "Low income", "WBDEBT": "Severely indebted", "WBOTHER": "HIPC", "CEEAC": 1.0, "CEMAC": 0.0, "CEPLG": 1.0, "COMESA": 1.0, "EAC": 0.0, "ECOWAS": 0.0, "IGAD": 0.0, "IOC": 0.0, "MRU": 0.0, "SACU": 0.0, "UEMOA": 0.0, "UMA": 0.0, "PALOP": 0.0, "PARTA": 0.0, "CACM": 0.0, "EurAsEC": 0.0, "Agadir": 0.0, "SAARC": 0.0, "ASEAN": 0.0, "NAFTA": 0.0, "GCC": 0.0, "CSN": 0.0, "CARICOM": 0.0, "EU": 0.0, "CAN": 0.0, "ACP": 1.0, "Landlocked": 1.0, "AOSIS": 0.0, "SIDS": 0.0, "Islands": 0.0, "LDC": 1.0 }, "geometry": { "type": "MultiPolygon", "coordinates": [ [ [ [ 30.411727905273494, -2.312098979949837 ], [ 30.411863327026595, -2.312334775924683 ], [ 30.412006378174055, -2.312564134597608 ], [ 30.412179946899698, -2.312880516052246 ], [ 30.412483215332259, -2.31324028968811 ], [ 30.412738800048885, -2.313488483428955 ], [ 30.413085937500284, -2.313724040984994 ], [ 30.4133949279788, -2.313891649246216 ], [ 30.413700103759822, -2.314040422439462 ], [ 30.413885116577319, -2.314201593399048 ], [ 30.414146423339844, -2.314369201660156 ], [ 30.414264678955135, -2.314610958099138 ], [ 30.41438293457054, -2.314859151840096 ], [ 30.414457321167163, -2.315132141113281 ], [ 30.414548873901424, -2.315448522567692 ], [ 30.414716720581282, -2.315882682800066 ], [ 30.414779663085994, -2.316118240356388 ], [ 30.41492080688505, -2.316682815551587 ], [ 30.414939880371151, -2.316912174224797 ], [ 30.415107727050781, -2.317185163497868 ], [ 30.415361404419002, -2.317445755004712 ], [ 30.41565322876005, -2.317606925964242 ], [ 30.415933609008846, -2.317699909210035 ], [ 30.41608810424799, -2.317867517471086 ], [ 30.41622352600109, -2.318109273910409 ], [ 30.416484832763842, -2.319033622741472 ], [ 30.416633605957031, -2.319287776946908 ], [ 30.416969299316577, -2.319963932037297 ], [ 30.417160034179858, -2.320180892944109 ], [ 30.417358398437671, -2.320478677749634 ], [ 30.417570114135799, -2.320646286010629 ], [ 30.417737960815487, -2.320782661437988 ], [ 30.417861938476847, -2.320900440215951 ], [ 30.418842315673885, -2.321446418762207 ], [ 30.419282913207951, -2.321694374084473 ], [ 30.419572830200252, -2.321917772293034 ], [ 30.419982910156364, -2.322165727615129 ], [ 30.420324325561637, -2.322389125823861 ], [ 30.420709609985408, -2.322624921798649 ], [ 30.421012878417969, -2.322786092758065 ], [ 30.421241760253963, -2.32299709320057 ], [ 30.421508789062614, -2.323418855666944 ], [ 30.421533584595011, -2.323561429977303 ], [ 30.421596527099894, -2.323840618133318 ], [ 30.421632766723633, -2.324342966079712 ], [ 30.421632766723633, -2.324528932571297 ], [ 30.421571731567326, -2.324752330780029 ], [ 30.421497344970703, -2.325242280959969 ], [ 30.421440124511946, -2.325496673583984 ], [ 30.421415328979549, -2.325732231140023 ], [ 30.421415328979549, -2.325924634933472 ], [ 30.421453475952433, -2.326104402542001 ], [ 30.421514511108569, -2.326296806335336 ], [ 30.421663284301815, -2.326439380645525 ], [ 30.421911239624023, -2.326519966125261 ], [ 30.422153472900675, -2.32660079002369 ], [ 30.422513961792049, -2.326588392257463 ], [ 30.422941207885799, -2.326550960540658 ], [ 30.42330741882347, -2.326439380645525 ], [ 30.42368507385271, -2.326284408569109 ], [ 30.424058914184513, -2.326092004775887 ], [ 30.424331665039347, -2.325862646102735 ], [ 30.42461013793951, -2.325633049011117 ], [ 30.425094604492472, -2.325223684310856 ], [ 30.425304412841797, -2.325062513351213 ], [ 30.425577163696232, -2.324950695037671 ], [ 30.425838470459155, -2.324882507324105 ], [ 30.42613601684576, -2.324901103973389 ], [ 30.4263343811038, -2.325112104415894 ], [ 30.42676925659174, -2.32567024230957 ], [ 30.426885604858398, -2.325899839401131 ], [ 30.427028656005859, -2.326147794723397 ], [ 30.427160263061808, -2.326315402984619 ], [ 30.427240371704386, -2.326495170593148 ], [ 30.427419662475756, -2.326915264129639 ], [ 30.427455902099837, -2.327060222625619 ], [ 30.427574157715128, -2.327154397964478 ], [ 30.427667617797965, -2.327276468276864 ], [ 30.427766799926815, -2.32737755775446 ], [ 30.427848815918139, -2.327492713928109 ], [ 30.427947998046932, -2.327621936798039 ], [ 30.428113937378214, -2.327789306640511 ], [ 30.428230285644702, -2.32788348197937 ], [ 30.428415298462198, -2.328012704849243 ], [ 30.428617477417049, -2.328113794326782 ], [ 30.428882598877124, -2.328214883804094 ], [ 30.42915534973173, -2.328323125839177 ], [ 30.429380416870174, -2.328417301177979 ], [ 30.429555892944336, -2.328490734100228 ], [ 30.429712295532283, -2.328560352325439 ], [ 30.429817199707088, -2.328588247298967 ], [ 30.430015563964901, -2.328661680221558 ], [ 30.430267333984659, -2.3287034034729 ], [ 30.430528640747184, -2.328769683837891 ], [ 30.430793762207259, -2.32877683639515 ], [ 30.431097030639705, -2.32877683639515 ], [ 30.431402206420842, -2.328745365142595 ], [ 30.43170166015625, -2.328623294830265 ], [ 30.431980133056641, -2.328536033630201 ], [ 30.432483673095817, -2.328312635421753 ], [ 30.432748794555891, -2.328243017196598 ], [ 30.433076858520508, -2.328222036361581 ], [ 30.433439254761026, -2.328186988830566 ], [ 30.4337291717531, -2.328239440917741 ], [ 30.434200286865348, -2.328452348708993 ], [ 30.434995651245401, -2.32901740074135 ], [ 30.43524360656744, -2.329132556915283 ], [ 30.435531616210994, -2.329328060150146 ], [ 30.435853958130167, -2.329491853713819 ], [ 30.436170578002873, -2.329610586166325 ], [ 30.436552047729435, -2.329732656478654 ], [ 30.436859130859432, -2.329802513122388 ], [ 30.437246322631893, -2.329819917678719 ], [ 30.437873840332315, -2.329704761505127 ], [ 30.43835830688505, -2.329432725906372 ], [ 30.438640594482592, -2.329191923141366 ], [ 30.43902778625494, -2.328874349593889 ], [ 30.439237594604663, -2.328612804412842 ], [ 30.439432144165096, -2.328375577926636 ], [ 30.439680099487362, -2.328019618987867 ], [ 30.440357208252124, -2.327112436294556 ], [ 30.441354751587198, -2.325497150421143 ], [ 30.442150115966854, -2.324077129364014 ], [ 30.442670822143725, -2.32345604896534 ], [ 30.443061828613395, -2.322527885436841 ], [ 30.443298339843921, -2.322130203247013 ], [ 30.443483352661417, -2.321743011474496 ], [ 30.443706512451456, -2.321526765823251 ], [ 30.443756103515852, -2.32151460647566 ], [ 30.443906784057845, -2.321477890014592 ], [ 30.444192886352766, -2.321554660797005 ], [ 30.444353103637752, -2.321632862091008 ], [ 30.444448471069393, -2.321697950362932 ], [ 30.444683074951286, -2.321763992309513 ], [ 30.444910049438477, -2.321763992309513 ], [ 30.445367813110636, -2.321572065353337 ], [ 30.445713043212891, -2.321516275405827 ], [ 30.44602012634283, -2.321467399597168 ], [ 30.446281433105753, -2.321422100066968 ], [ 30.44684028625494, -2.321062564849854 ], [ 30.447219848633097, -2.320919513702393 ], [ 30.447420120239315, -2.320793867111206 ], [ 30.447813034057788, -2.320466041564941 ], [ 30.44809913635271, -2.320221900939714 ], [ 30.448326110839901, -2.320037603378296 ], [ 30.448377609252873, -2.319994688033887 ], [ 30.448408126831225, -2.319969654083252 ], [ 30.448890686035213, -2.319576263427734 ], [ 30.449398040771541, -2.319161176681519 ], [ 30.449827194213924, -2.318885564804077 ], [ 30.450538635254077, -2.318400621414185 ], [ 30.450922012329386, -2.318299293518066 ], [ 30.451267242431697, -2.31818771362299 ], [ 30.451616287231502, -2.318163394927751 ], [ 30.452041625976506, -2.31814241409279 ], [ 30.452356338501033, -2.318159818649292 ], [ 30.452638626098917, -2.318177223205566 ], [ 30.453201293945483, -2.318166732787972 ], [ 30.453510284423999, -2.318198204040414 ], [ 30.453849792480526, -2.318208694457837 ], [ 30.454387664795206, -2.318274974822828 ], [ 30.455041885376033, -2.318229675292969 ], [ 30.455408096313533, -2.318236589431649 ], [ 30.455865859985636, -2.318243503570557 ], [ 30.456151962280558, -2.318229675292969 ], [ 30.457006454467773, -2.318093538284188 ], [ 30.457141876220874, -2.318110227584782 ], [ 30.457426071167049, -2.318145751953125 ], [ 30.457784652709961, -2.318110942840462 ], [ 30.45817947387701, -2.31814241409279 ], [ 30.458448410034464, -2.318184137344133 ], [ 30.458642959594727, -2.318260908126604 ], [ 30.458845138549918, -2.318341255187875 ], [ 30.459089279174975, -2.318487882614136 ], [ 30.459310531616211, -2.318630933761597 ], [ 30.459526062011889, -2.318784236907959 ], [ 30.459714889526424, -2.318917036056519 ], [ 30.459892272949389, -2.319060087203979 ], [ 30.460039138794002, -2.319178581237793 ], [ 30.460229873657283, -2.319325208663827 ], [ 30.460462570190487, -2.319474220275765 ], [ 30.460557937622127, -2.319356203079224 ], [ 30.460914611816463, -2.319719791412354 ], [ 30.461538314819279, -2.320159196853524 ], [ 30.462352752685774, -2.320974349975415 ], [ 30.462715148925895, -2.321728944778329 ], [ 30.462638854980696, -2.322679758071729 ], [ 30.462461471557901, -2.323267936706543 ], [ 30.462572097778434, -2.323936700820752 ], [ 30.462368011474666, -2.324234485626107 ], [ 30.462488174438533, -2.324823141098022 ], [ 30.463058471679972, -2.32534384727478 ], [ 30.462944030761889, -2.326349020004272 ], [ 30.461803436279354, -2.329048871993905 ], [ 30.461311340332259, -2.329999923705941 ], [ 30.460489273071232, -2.330542564392033 ], [ 30.45999908447294, -2.331011295318547 ], [ 30.459470748901538, -2.331826210021802 ], [ 30.459108352661417, -2.333863973617554 ], [ 30.459121704101733, -2.334558486938363 ], [ 30.459304809570483, -2.335659980773926 ], [ 30.459323883056697, -2.335718393325635 ], [ 30.459417343139762, -2.336005687713623 ], [ 30.459661483764819, -2.336749792098885 ], [ 30.460481643676701, -2.338256120681535 ], [ 30.460948944091967, -2.33893513679493 ], [ 30.461145401001033, -2.339629650115967 ], [ 30.460315704345987, -2.339901208877336 ], [ 30.459836959839038, -2.340392827987444 ], [ 30.459802627563533, -2.340537548065186 ], [ 30.459793090820369, -2.340577125549316 ], [ 30.459665298462198, -2.341110944747811 ], [ 30.459352493286303, -2.3418576717375 ], [ 30.458715438842944, -2.343010425567513 ], [ 30.458631515503214, -2.343306064605542 ], [ 30.45847320556669, -2.343870639800912 ], [ 30.458518981933707, -2.344413995742798 ], [ 30.458669662475529, -2.344731092453003 ], [ 30.4590358734132, -2.34549617767334 ], [ 30.459054946899471, -2.345534086227417 ], [ 30.459363937377987, -2.346179962158203 ], [ 30.459922790527344, -2.347236633300781 ], [ 30.460718154907397, -2.347771644592285 ], [ 30.461845397949276, -2.348301887512207 ], [ 30.462051391601619, -2.348398685455209 ], [ 30.462495803833235, -2.348564386367798 ], [ 30.462652206421183, -2.348622798919507 ], [ 30.463348388671875, -2.348881721496582 ], [ 30.464632034302042, -2.349334478378182 ], [ 30.465747833251953, -2.349787235259839 ], [ 30.46630668640131, -2.350375890731584 ], [ 30.466722488403605, -2.350703239440804 ], [ 30.467182159424112, -2.350798606872445 ], [ 30.468147277832088, -2.35052752494812 ], [ 30.469255447387638, -2.350514650344735 ], [ 30.469491958618335, -2.350511789321899 ], [ 30.469944000244141, -2.351175785064584 ], [ 30.470232009887866, -2.352172136306592 ], [ 30.470518112182788, -2.353137969970703 ], [ 30.47066879272478, -2.354692697524854 ], [ 30.470651626586914, -2.35610008239729 ], [ 30.470676422119311, -2.356298923492375 ], [ 30.47068023681669, -2.356334924697876 ], [ 30.470643997192383, -2.356501817703247 ], [ 30.470594406127987, -2.3585715293882 ], [ 30.470594406127987, -2.359628200530892 ], [ 30.47026252746582, -2.36050343513466 ], [ 30.469974517822322, -2.360941171646004 ], [ 30.469449996948299, -2.361568927764722 ], [ 30.469137191772745, -2.36283254623396 ], [ 30.468994140625284, -2.363627910614014 ], [ 30.46958160400402, -2.363793849945012 ], [ 30.470081329345874, -2.363944768905526 ], [ 30.470197677612362, -2.364210605621338 ], [ 30.470237731933651, -2.364302158355713 ], [ 30.470518112182788, -2.364940881729012 ], [ 30.470849990844727, -2.366057872771989 ], [ 30.47110748291027, -2.366524219512769 ], [ 30.471822738647575, -2.367053270339738 ], [ 30.473117828369084, -2.367524385452271 ], [ 30.474065780639933, -2.367869138717481 ], [ 30.475891113281193, -2.368518114089966 ], [ 30.477334976196289, -2.368718385696241 ], [ 30.477403640747355, -2.368727684020882 ], [ 30.477533340454158, -2.368745565414315 ], [ 30.477693557739428, -2.368626356124764 ], [ 30.478351593017635, -2.368548154830933 ], [ 30.479288101196516, -2.368351936340162 ], [ 30.480178833007869, -2.367944478988591 ], [ 30.481008529663256, -2.367582321166992 ], [ 30.481567382812784, -2.367174863815308 ], [ 30.48219108581543, -2.36644887924183 ], [ 30.482973098754996, -2.365859270095825 ], [ 30.48309135437006, -2.365771055221387 ], [ 30.483860015869141, -2.365605115890503 ], [ 30.484781265258846, -2.365906953811646 ], [ 30.485776901245288, -2.366284132003784 ], [ 30.486335754394815, -2.366676568984985 ], [ 30.486577987670898, -2.366948366165161 ], [ 30.486602783203296, -2.366988658904972 ], [ 30.486625671386719, -2.367027759551945 ], [ 30.486698150634936, -2.367144584655762 ], [ 30.48674392700201, -2.367265224456673 ], [ 30.486789703369197, -2.367248773574829 ], [ 30.486785888672046, -2.36737942695612 ], [ 30.487211227417049, -2.368512392044067 ], [ 30.487525939941349, -2.369661092758122 ], [ 30.48803901672369, -2.370867013931161 ], [ 30.488569259643839, -2.37226128578186 ], [ 30.488811492919922, -2.373302698135262 ], [ 30.488788604736499, -2.374226808547917 ], [ 30.488784790039119, -2.374349594115984 ], [ 30.488780975341967, -2.374540328979265 ], [ 30.488691329956112, -2.375627040863037 ], [ 30.488872528076399, -2.376110076904183 ], [ 30.489269256591854, -2.376552581787053 ], [ 30.489717483520508, -2.377166509628239 ], [ 30.490011215209961, -2.377356529235726 ], [ 30.490968704223917, -2.377634286880379 ], [ 30.491933822631893, -2.377581834793091 ], [ 30.492940902710018, -2.377360343932935 ], [ 30.49350547790533, -2.377226829528695 ], [ 30.494455337524585, -2.37710618972767 ], [ 30.495075225830249, -2.377664566039925 ], [ 30.495904922485636, -2.37876629829384 ], [ 30.496322631836108, -2.379688262939453 ], [ 30.496992111206168, -2.380321025848389 ], [ 30.497776031494141, -2.380790710449219 ], [ 30.498807907104549, -2.381556034088078 ], [ 30.498821258545206, -2.381648063659554 ], [ 30.499452590942383, -2.38332462310774 ], [ 30.499982833862532, -2.384850025177002 ], [ 30.500057220459155, -2.384909629821777 ], [ 30.500810623169002, -2.385513067245483 ], [ 30.501787185669173, -2.385627269744759 ], [ 30.502506256103686, -2.385971546173096 ], [ 30.503089904785213, -2.386147022247314 ], [ 30.503852844238338, -2.386610269546281 ], [ 30.505805969238565, -2.387535572051831 ], [ 30.506593704223917, -2.388134002685547 ], [ 30.50665283203125, -2.388178348541146 ], [ 30.506938934326172, -2.3883957862854 ], [ 30.508342742919979, -2.389437437057495 ], [ 30.508930206299112, -2.390448570251465 ], [ 30.509790420532283, -2.392305135726815 ], [ 30.510105133056754, -2.393102169036752 ], [ 30.510152816772575, -2.393225669860612 ], [ 30.510047912597827, -2.394146442413216 ], [ 30.509790420532283, -2.396334886550676 ], [ 30.509654998779524, -2.397557497024536 ], [ 30.509616851806641, -2.397896289825326 ], [ 30.509553909301758, -2.398462772369157 ], [ 30.509639739990291, -2.399278163909912 ], [ 30.509820938110408, -2.399625301361084 ], [ 30.510400772095011, -2.400456666946354 ], [ 30.510620117187671, -2.400772333144914 ], [ 30.511224746704045, -2.401270389556885 ], [ 30.512416839599553, -2.401511907577401 ], [ 30.513774871826342, -2.401421308517229 ], [ 30.514818191528605, -2.401304721832275 ], [ 30.515888214111499, -2.401345968246289 ], [ 30.516235351562727, -2.40202522277832 ], [ 30.516508102417163, -2.402276039123535 ], [ 30.516550064087028, -2.402313947677612 ], [ 30.516975402832088, -2.402704238891431 ], [ 30.517845153808537, -2.403662919998169 ], [ 30.517868041992358, -2.403687953948861 ], [ 30.518848419189737, -2.404271841049024 ], [ 30.520816802978686, -2.404455900192033 ], [ 30.522212982177791, -2.404636144637891 ], [ 30.523143768310547, -2.404658317565918 ], [ 30.523984909057674, -2.404585123062134 ], [ 30.524391174316406, -2.404354810714665 ], [ 30.524446487426758, -2.404334306716862 ], [ 30.524448394775561, -2.404299974441528 ], [ 30.524896621704386, -2.403984069824219 ], [ 30.524940490722827, -2.403975963592416 ], [ 30.526176452636776, -2.403748035430738 ], [ 30.528705596923885, -2.403815507888794 ], [ 30.53059196472185, -2.404119014739877 ], [ 30.532016754150675, -2.404737949371338 ], [ 30.532852172851619, -2.404961585998535 ], [ 30.534048080444506, -2.405073881149292 ], [ 30.535345077514592, -2.405265092849561 ], [ 30.536254882812557, -2.406276226043644 ], [ 30.537300109863224, -2.408124208450204 ], [ 30.53744125366228, -2.408372402191048 ], [ 30.538379669189624, -2.409748077392351 ], [ 30.53891944885271, -2.410523414611816 ], [ 30.539827346801701, -2.411258697509766 ], [ 30.541582107544116, -2.412100076675301 ], [ 30.541608810425089, -2.412112712860051 ], [ 30.54201889038103, -2.412309885025024 ], [ 30.543420791626261, -2.413010358810425 ], [ 30.543542861938533, -2.413155078887826 ], [ 30.543077468872013, -2.413794040679932 ], [ 30.541790008544865, -2.417473077774048 ], [ 30.53983116149908, -2.42021799087513 ], [ 30.538387298584155, -2.42192697525013 ], [ 30.537717819213924, -2.422445058822518 ], [ 30.538904190063647, -2.425189971923771 ], [ 30.539110183715991, -2.42596602439869 ], [ 30.537565231323299, -2.429903030395508 ], [ 30.537048339843807, -2.432285070419312 ], [ 30.536546707153605, -2.433439016342163 ], [ 30.536327362060604, -2.433942079544067 ], [ 30.535089492798022, -2.435444116592407 ], [ 30.531635284424112, -2.437153100967407 ], [ 30.530605316162166, -2.438292980194092 ], [ 30.530193328857592, -2.440208911895638 ], [ 30.529523849487362, -2.443679094314575 ], [ 30.527923583984659, -2.445179939269906 ], [ 30.52524566650419, -2.446113109588623 ], [ 30.524728775024698, -2.446784973144531 ], [ 30.524368286132983, -2.447666883468571 ], [ 30.523906707763672, -2.452534914016724 ], [ 30.521120071411246, -2.45667910575861 ], [ 30.520502090454158, -2.458698034286499 ], [ 30.520812988281477, -2.46159911155695 ], [ 30.520948410034237, -2.462865114211922 ], [ 30.521276473999194, -2.465898036956787 ], [ 30.520605087280558, -2.469574928283578 ], [ 30.519832611084098, -2.474445104598828 ], [ 30.518182754516658, -2.475893974304199 ], [ 30.515502929687784, -2.478224992752018 ], [ 30.513647079467944, -2.483144998550415 ], [ 30.511741638183537, -2.488426923751604 ], [ 30.510967254638729, -2.491534948348885 ], [ 30.509576797485408, -2.496608972549325 ], [ 30.507049560546932, -2.502254962921143 ], [ 30.507152557373104, -2.505259037017822 ], [ 30.504627227783374, -2.50769305229187 ], [ 30.502925872802734, -2.51043701171875 ], [ 30.501483917236612, -2.511888980865479 ], [ 30.499267578125227, -2.514945030212175 ], [ 30.498546600341797, -2.516187906265031 ], [ 30.496616363525561, -2.518081903457642 ], [ 30.49627876281744, -2.518414020538103 ], [ 30.495506286621378, -2.519865989685002 ], [ 30.495607376098803, -2.521315097808724 ], [ 30.496183395385799, -2.522882938384839 ], [ 30.496330261230639, -2.523287057876587 ], [ 30.495561599731559, -2.523432016372453 ], [ 30.493650436401424, -2.523801088333016 ], [ 30.490093231201115, -2.524060010909864 ], [ 30.485765457153548, -2.524318933486938 ], [ 30.484939575195369, -2.524837017059269 ], [ 30.4832897186281, -2.528877019882145 ], [ 30.483598709106616, -2.530586004257032 ], [ 30.4832897186281, -2.531829118728638 ], [ 30.484216690063533, -2.532761096954289 ], [ 30.484527587890625, -2.533745050430127 ], [ 30.485145568847884, -2.537060022354126 ], [ 30.484989166259936, -2.537682056427002 ], [ 30.484941482544116, -2.537792921066114 ], [ 30.484630584716797, -2.538508892059212 ], [ 30.484216690063533, -2.540271043777238 ], [ 30.485454559326229, -2.544517040252572 ], [ 30.4856605529788, -2.545708894729614 ], [ 30.48540115356451, -2.547521114349252 ], [ 30.48452568054222, -2.550682067871094 ], [ 30.484836578369197, -2.55233788490284 ], [ 30.484783172607592, -2.557102918624878 ], [ 30.484113693237362, -2.557931900024187 ], [ 30.482826232910213, -2.55834698677063 ], [ 30.481588363647631, -2.558811902999878 ], [ 30.480403900146655, -2.560210943221932 ], [ 30.479475021362475, -2.561557054519653 ], [ 30.47823905944847, -2.565339088439828 ], [ 30.477670669555835, -2.568083047866708 ], [ 30.476692199707202, -2.569430112838631 ], [ 30.476434707641658, -2.571656942367554 ], [ 30.475112915039176, -2.573132038116341 ], [ 30.474578857422046, -2.573728084564095 ], [ 30.472671508789233, -2.574661016464233 ], [ 30.470352172851506, -2.576162099838029 ], [ 30.468290328979549, -2.580410003662109 ], [ 30.467258453369141, -2.582998991012573 ], [ 30.466949462890796, -2.585743904113656 ], [ 30.466485977172908, -2.587245941161996 ], [ 30.465301513671932, -2.588696002960091 ], [ 30.464424133300895, -2.590145111083871 ], [ 30.462671279907283, -2.591336965560799 ], [ 30.462104797363565, -2.59201192855835 ], [ 30.461847305298022, -2.592890977859383 ], [ 30.461280822753963, -2.593564033508187 ], [ 30.459270477294979, -2.595016002655029 ], [ 30.457725524902628, -2.596153974533024 ], [ 30.455804824829158, -2.600976943969556 ], [ 30.45504379272478, -2.602888107299748 ], [ 30.453239440917969, -2.60475206375105 ], [ 30.452878952026424, -2.606151103973389 ], [ 30.451797485351847, -2.60728907585127 ], [ 30.449970245361385, -2.609392881393319 ], [ 30.449684143066463, -2.609723091125318 ], [ 30.448343276977539, -2.612210035323983 ], [ 30.446847915649471, -2.614178895950317 ], [ 30.444168090820597, -2.618529081344377 ], [ 30.4425697326663, -2.622620105743181 ], [ 30.442472457885913, -2.623286008834782 ], [ 30.442363739013956, -2.624017953872624 ], [ 30.441904067993391, -2.62571191787714 ], [ 30.442054748535213, -2.627696037292367 ], [ 30.441230773925781, -2.629508018493539 ], [ 30.439374923706339, -2.632460117339917 ], [ 30.439065933227823, -2.633961915969735 ], [ 30.438545227050952, -2.635042905807381 ], [ 30.438291549682788, -2.635567903518563 ], [ 30.436901092529467, -2.637017011642456 ], [ 30.435251235962198, -2.639244079589844 ], [ 30.434030532836914, -2.640609979629403 ], [ 30.432983398437671, -2.641783952712956 ], [ 30.433292388916186, -2.642920970916634 ], [ 30.431848526001261, -2.643958091735726 ], [ 30.430561065674112, -2.644579887389966 ], [ 30.429943084716854, -2.646081924438306 ], [ 30.429262161254883, -2.646595001220703 ], [ 30.428499221801758, -2.647170066833496 ], [ 30.427055358886662, -2.647999048232862 ], [ 30.426385879516772, -2.649395942687818 ], [ 30.425769805908487, -2.650172948837167 ], [ 30.425739288330305, -2.650238990783691 ], [ 30.42556190490734, -2.65064001083374 ], [ 30.424169540405444, -2.652867078781014 ], [ 30.422880172729492, -2.654161930084115 ], [ 30.422468185424975, -2.654834032058602 ], [ 30.422430038452092, -2.655459642410165 ], [ 30.422416687011776, -2.65565896034218 ], [ 30.421901702880916, -2.657268047332764 ], [ 30.420562744140739, -2.659909009933472 ], [ 30.420200347900618, -2.661981105804443 ], [ 30.420715332031534, -2.664984941482317 ], [ 30.422416687011776, -2.666074037551709 ], [ 30.424066543579272, -2.667989015578996 ], [ 30.424789428711108, -2.669958114623796 ], [ 30.425407409667969, -2.670630931854078 ], [ 30.426799774170092, -2.673170089721509 ], [ 30.428188323974666, -2.674879074096566 ], [ 30.428911209106502, -2.675395965576172 ], [ 30.429615020752067, -2.677031040191423 ], [ 30.429735183716105, -2.677311897277832 ], [ 30.430561065674112, -2.678245067596436 ], [ 30.431024551391829, -2.678917884826546 ], [ 30.431747436523665, -2.679280042648315 ], [ 30.432571411132926, -2.679539918899422 ], [ 30.433137893676815, -2.679022073745728 ], [ 30.43363380432146, -2.678700923919678 ], [ 30.435302734375171, -2.67762303352356 ], [ 30.437004089355639, -2.677104949951172 ], [ 30.439426422119141, -2.677261114120313 ], [ 30.441074371337834, -2.677520036697388 ], [ 30.443447113037166, -2.677984952926636 ], [ 30.445146560669173, -2.678970098495483 ], [ 30.446201324463175, -2.680248022079297 ], [ 30.447620391845703, -2.681972980499268 ], [ 30.449218750000171, -2.68394303321827 ], [ 30.450250625610352, -2.685391902923413 ], [ 30.450145721435774, -2.686013936996403 ], [ 30.450559616088924, -2.686635017394906 ], [ 30.452928543090877, -2.68880891799904 ], [ 30.45689964294462, -2.69077801704384 ], [ 30.459115982055948, -2.691140890121289 ], [ 30.459867477416992, -2.690862894058057 ], [ 30.460094451904581, -2.69077801704384 ], [ 30.462415695190487, -2.689172983169499 ], [ 30.464475631713924, -2.68772292137146 ], [ 30.467981338500977, -2.685703039169198 ], [ 30.469270706176928, -2.684511899948063 ], [ 30.469707489013842, -2.683734893798658 ], [ 30.470815658569393, -2.681766033172607 ], [ 30.472723007202205, -2.680366992950439 ], [ 30.475559234619425, -2.679125070571899 ], [ 30.477361679077092, -2.679280996322404 ], [ 30.478393554687671, -2.678193092346078 ], [ 30.483848571777628, -2.676233053207397 ], [ 30.486175537109489, -2.675395965576172 ], [ 30.486446380615519, -2.674854040145874 ], [ 30.486587524414233, -2.674568891525155 ], [ 30.487310409546069, -2.674050092697087 ], [ 30.487552642822322, -2.674042940139771 ], [ 30.48911476135271, -2.67399692535389 ], [ 30.490762710571573, -2.672600030898877 ], [ 30.491281509399471, -2.672346115112077 ], [ 30.492462158203239, -2.671770095824968 ], [ 30.492519378662394, -2.671631097793579 ], [ 30.492874145507983, -2.670734882354736 ], [ 30.493804931640739, -2.670320034027043 ], [ 30.495555877685604, -2.669750928878614 ], [ 30.497772216797159, -2.668350934982129 ], [ 30.498701095581339, -2.667366981506234 ], [ 30.49907112121582, -2.667073011398315 ], [ 30.499681472778377, -2.666591882705518 ], [ 30.499935150146712, -2.666599035263062 ], [ 30.501535415649585, -2.666641950607072 ], [ 30.503906250000114, -2.665090084075814 ], [ 30.505916595459098, -2.663433074951058 ], [ 30.506593704223917, -2.662447929382097 ], [ 30.507307052612248, -2.661412000656014 ], [ 30.511533737182788, -2.656388998031503 ], [ 30.515554428100756, -2.655301094055176 ], [ 30.518699645996151, -2.655249118804761 ], [ 30.520193099975813, -2.654989004135018 ], [ 30.523130416870231, -2.655817985534668 ], [ 30.524467468262003, -2.65450811386097 ], [ 30.525348663330362, -2.65364408493042 ], [ 30.526945114135856, -2.653177022933846 ], [ 30.527059555053938, -2.653156995773145 ], [ 30.527822494507063, -2.65302205085743 ], [ 30.528335571289006, -2.653851985931283 ], [ 30.527460098266772, -2.654679059982186 ], [ 30.528131484985408, -2.65778803825367 ], [ 30.527202606201399, -2.660377025604134 ], [ 30.52807807922369, -2.662602901458513 ], [ 30.528373718261889, -2.662722110748064 ], [ 30.529109954834212, -2.663017988204729 ], [ 30.530061721802042, -2.663779020309448 ], [ 30.530061721802042, -2.665473937988281 ], [ 30.528968811035156, -2.668910026550236 ], [ 30.528911590576229, -2.669342994689941 ], [ 30.528739929199389, -2.670650959014722 ], [ 30.528055191040039, -2.671293020248413 ], [ 30.526916503906477, -2.672666072845459 ], [ 30.526733398437727, -2.674040079116708 ], [ 30.526140213012866, -2.675461053848096 ], [ 30.525091171264819, -2.677064895629883 ], [ 30.525913238525675, -2.678392887115251 ], [ 30.526277542114371, -2.679218053817635 ], [ 30.525821685791016, -2.68004298210144 ], [ 30.525594711303995, -2.680958986282121 ], [ 30.525001525878963, -2.68150806427002 ], [ 30.521854400634822, -2.681739091873112 ], [ 30.521354675293026, -2.682333946228027 ], [ 30.521444320678881, -2.685631990432512 ], [ 30.521991729736499, -2.68608999252308 ], [ 30.522447586059855, -2.687052965164185 ], [ 30.52240180969244, -2.687922954559099 ], [ 30.518436431884993, -2.689205884933301 ], [ 30.518161773681811, -2.689802885055542 ], [ 30.518663406372013, -2.691634893417358 ], [ 30.518161773681811, -2.692229986190682 ], [ 30.51725006103544, -2.692869901657104 ], [ 30.516475677490234, -2.69273400306696 ], [ 30.514923095703182, -2.692047119140511 ], [ 30.51463699340826, -2.692142963409196 ], [ 30.514240264892805, -2.692275047302189 ], [ 30.513692855835018, -2.693970918655396 ], [ 30.512964248657397, -2.694428920745793 ], [ 30.512052536011026, -2.694520950317383 ], [ 30.511276245117415, -2.694154024124146 ], [ 30.510000228882006, -2.69323801994318 ], [ 30.509317398071232, -2.694015979766675 ], [ 30.509044647216797, -2.694886922836133 ], [ 30.509317398071232, -2.695667028426953 ], [ 30.509498596191577, -2.696582078933716 ], [ 30.510046005249023, -2.698230981826782 ], [ 30.509681701660327, -2.699147939681836 ], [ 30.50876808166521, -2.699789047241211 ], [ 30.506353378295842, -2.699009895324707 ], [ 30.504802703857592, -2.697726964950448 ], [ 30.505075454712198, -2.699331998824846 ], [ 30.504938125610522, -2.699973106384277 ], [ 30.504255294799748, -2.701849937438851 ], [ 30.504209518432901, -2.703408956527483 ], [ 30.503845214843977, -2.703912973403931 ], [ 30.502204895019474, -2.704552888870239 ], [ 30.501291275024528, -2.705105066299438 ], [ 30.498008728027287, -2.708447933196965 ], [ 30.497781753540266, -2.709501981735059 ], [ 30.498418807983455, -2.711426973342896 ], [ 30.498054504394702, -2.712114095687753 ], [ 30.495136260986385, -2.712800979614144 ], [ 30.494770050048885, -2.713442087173462 ], [ 30.493951797485408, -2.715045928954964 ], [ 30.493358612060717, -2.715503931045532 ], [ 30.492582321167276, -2.714909076690617 ], [ 30.491352081299055, -2.715275049209481 ], [ 30.490440368652344, -2.71674108505232 ], [ 30.488479614257756, -2.719444036483594 ], [ 30.486883163452262, -2.720268011093026 ], [ 30.485652923584269, -2.72067999839777 ], [ 30.48505973815918, -2.721872091293278 ], [ 30.484056472778548, -2.722970962524414 ], [ 30.483146667480639, -2.722924947738477 ], [ 30.48246192932146, -2.722285032272111 ], [ 30.481958389282454, -2.72132301330555 ], [ 30.480318069457951, -2.719037055969238 ], [ 30.478767395019702, -2.716878890990984 ], [ 30.477262496948299, -2.715917110442888 ], [ 30.475484848022631, -2.715733051300049 ], [ 30.474714279174975, -2.716133117675611 ], [ 30.474163055419979, -2.716419935226213 ], [ 30.473798751831055, -2.718116044998055 ], [ 30.472703933715991, -2.718986034393254 ], [ 30.471017837524585, -2.719856977462541 ], [ 30.469831466674862, -2.71884799003584 ], [ 30.469831466674862, -2.719672918319702 ], [ 30.469558715820597, -2.720222949981689 ], [ 30.46873664855957, -2.720268011093026 ], [ 30.467323303222827, -2.719537019729614 ], [ 30.466367721557617, -2.719764947891122 ], [ 30.466958999633903, -2.722239017486459 ], [ 30.466684341430721, -2.724483966827279 ], [ 30.466001510620174, -2.724666118621712 ], [ 30.464403152466048, -2.723750114440918 ], [ 30.464860916137809, -2.725627899169808 ], [ 30.46408653259283, -2.725583076477051 ], [ 30.463264465332315, -2.724806070327759 ], [ 30.462717056274698, -2.725307941436711 ], [ 30.462671279907283, -2.726087093353101 ], [ 30.462945938110465, -2.728562116622697 ], [ 30.463584899902401, -2.729796886443978 ], [ 30.464725494384709, -2.730530977249146 ], [ 30.465957641601676, -2.731173992156982 ], [ 30.466184616088924, -2.732455968856812 ], [ 30.465364456176985, -2.733510017394849 ], [ 30.46478462219261, -2.734931945800781 ], [ 30.464450836181868, -2.735754013061467 ], [ 30.463766098022745, -2.735846042633 ], [ 30.462444305419865, -2.735479116439706 ], [ 30.461578369140568, -2.736212968826237 ], [ 30.46118354797369, -2.73710298538208 ], [ 30.461030960083292, -2.737447977065926 ], [ 30.459754943847713, -2.738136053085157 ], [ 30.458251953125227, -2.739464998245239 ], [ 30.456880569458178, -2.739418983459359 ], [ 30.455877304077148, -2.740839004516488 ], [ 30.455102920532511, -2.742077112197762 ], [ 30.454374313354549, -2.74225902557373 ], [ 30.453500747680721, -2.742435932159424 ], [ 30.452550888061637, -2.74262595176674 ], [ 30.450225830078182, -2.742902040481567 ], [ 30.44975662231451, -2.743135929107552 ], [ 30.449588775634822, -2.743221044540292 ], [ 30.444480895996094, -2.745512962341081 ], [ 30.442794799804744, -2.745193004608154 ], [ 30.442495346069506, -2.745192050933781 ], [ 30.440969467163256, -2.745193004608154 ], [ 30.440696716308651, -2.745742082595825 ], [ 30.440723419189624, -2.746175050735474 ], [ 30.44073677062994, -2.746387004852068 ], [ 30.441768646240291, -2.747942924499512 ], [ 30.441722869873104, -2.74950003623951 ], [ 30.442426681518839, -2.751858949661255 ], [ 30.442529678345011, -2.752964019775391 ], [ 30.442485809326229, -2.753035068511736 ], [ 30.44168853759794, -2.754343032836914 ], [ 30.440008163452319, -2.755053997039738 ], [ 30.437620162963924, -2.755321025848332 ], [ 30.43704795837408, -2.755676984786817 ], [ 30.43704795837408, -2.756699085235539 ], [ 30.437471389770508, -2.757390022277605 ], [ 30.437620162963924, -2.75763201713545 ], [ 30.438638687133846, -2.758922100067139 ], [ 30.43912315368658, -2.759500980377197 ], [ 30.43973731994646, -2.759876012802067 ], [ 30.440141677856445, -2.760123014450016 ], [ 30.442352294922046, -2.761146068572998 ], [ 30.443544387817553, -2.76150202751154 ], [ 30.444208145141658, -2.761857986450025 ], [ 30.444429397583292, -2.762612104415894 ], [ 30.444429397583292, -2.763369083404541 ], [ 30.444606781005916, -2.764170885085946 ], [ 30.444915771484432, -2.764569997787305 ], [ 30.446241378784464, -2.765059947967529 ], [ 30.447170257568473, -2.766082048416024 ], [ 30.447614669799748, -2.767949104309025 ], [ 30.447921752929744, -2.768615961074829 ], [ 30.447830200195426, -2.769349098205566 ], [ 30.44700813293457, -2.770401000976506 ], [ 30.446933746338175, -2.771301984786987 ], [ 30.446659088134766, -2.772053003311157 ], [ 30.446510314941349, -2.772478103637468 ], [ 30.44332313537592, -2.777260065078622 ], [ 30.443122863769702, -2.777862071990853 ], [ 30.443595886230753, -2.779162883758488 ], [ 30.444465637207031, -2.780263900756665 ], [ 30.445587158203296, -2.78151702880848 ], [ 30.445688247680721, -2.782141923904419 ], [ 30.445489883422908, -2.782968997955322 ], [ 30.444915771484432, -2.783519983291569 ], [ 30.443620681762923, -2.784466981887817 ], [ 30.44272422790533, -2.785123109817391 ], [ 30.442798614501896, -2.785722017288208 ], [ 30.443094253540323, -2.786150932311898 ], [ 30.443645477294979, -2.78695106506342 ], [ 30.443471908569336, -2.787750959396192 ], [ 30.442081451416016, -2.789392948150521 ], [ 30.441776275634822, -2.789753913879395 ], [ 30.441429138183594, -2.790355920791626 ], [ 30.441503524780217, -2.790656089782715 ], [ 30.442274093627873, -2.791481971740723 ], [ 30.44284820556669, -2.792535066604387 ], [ 30.442897796631087, -2.793235063552856 ], [ 30.442722320556697, -2.794387102127018 ], [ 30.442226409912053, -2.795337915420362 ], [ 30.441703796387003, -2.795888900756836 ], [ 30.440954208374194, -2.79621410369856 ], [ 30.440607070923136, -2.796314001083147 ], [ 30.440231323242358, -2.796763896942025 ], [ 30.439834594726506, -2.80119800567627 ], [ 30.439809799194506, -2.802073001861459 ], [ 30.439212799072436, -2.80317497253418 ], [ 30.438638687133846, -2.803801059722673 ], [ 30.43799209594755, -2.804001092910767 ], [ 30.437244415283317, -2.803875923156738 ], [ 30.436969757080135, -2.803224086761475 ], [ 30.437046051025675, -2.802649974822771 ], [ 30.43741798400896, -2.801821947097778 ], [ 30.437244415283317, -2.801121950149309 ], [ 30.43662071228033, -2.800720930099317 ], [ 30.435798645019815, -2.800821065902653 ], [ 30.435026168823185, -2.800872087478581 ], [ 30.434181213378906, -2.801223039626962 ], [ 30.433860778808651, -2.801407098770028 ], [ 30.433532714843864, -2.801597118377515 ], [ 30.433773040771769, -2.801693916320687 ], [ 30.434156417846737, -2.8018479347229 ], [ 30.435676574707202, -2.80212306976307 ], [ 30.435949325561808, -2.802824020385629 ], [ 30.435974121094034, -2.803775072097778 ], [ 30.43540191650419, -2.804301023483049 ], [ 30.434255599975529, -2.804750919341927 ], [ 30.435575485229606, -2.807531118392831 ], [ 30.435251235962198, -2.80850696563698 ], [ 30.43468093872076, -2.808907985687142 ], [ 30.434106826782511, -2.808907985687142 ], [ 30.433843612671183, -2.808825969695988 ], [ 30.433309555053654, -2.808657884597778 ], [ 30.433034896850813, -2.809108972549211 ], [ 30.433383941650447, -2.810710906982422 ], [ 30.433383941650447, -2.811736106872559 ], [ 30.432834625244425, -2.812813997268506 ], [ 30.432113647460994, -2.81318998336792 ], [ 30.43121528625511, -2.813062906265031 ], [ 30.430818557739315, -2.812613964080811 ], [ 30.430667877197322, -2.811762094497681 ], [ 30.430511474609546, -2.811536073684579 ], [ 30.430095672607479, -2.810935974121037 ], [ 30.428949356079158, -2.811011075973511 ], [ 30.428377151489315, -2.811238050460702 ], [ 30.428203582763729, -2.811585903167611 ], [ 30.42821121215843, -2.811738967895337 ], [ 30.428251266479549, -2.812539100646745 ], [ 30.428352355957315, -2.813438892364502 ], [ 30.428178787231502, -2.813915014266968 ], [ 30.427007675170842, -2.815367937087956 ], [ 30.425973892212085, -2.816123008728027 ], [ 30.425088882446346, -2.816771030425798 ], [ 30.423868179321232, -2.818022012710344 ], [ 30.423452377319336, -2.818834066390821 ], [ 30.422950744628963, -2.819818258285352 ], [ 30.423492431640625, -2.818932056427002 ], [ 30.423620223999194, -2.818722009658813 ], [ 30.424190521240291, -2.817796945571729 ], [ 30.424989700317496, -2.817169904708862 ], [ 30.42566108703619, -2.817044973373413 ], [ 30.426881790161417, -2.817521095275879 ], [ 30.42757797241228, -2.818547010421753 ], [ 30.427928924560717, -2.819549083709603 ], [ 30.42802810668968, -2.820826053619385 ], [ 30.427827835083292, -2.821926116943132 ], [ 30.427480697631893, -2.822679042816162 ], [ 30.427206039428654, -2.823004007339364 ], [ 30.426956176757869, -2.824656963348332 ], [ 30.426507949829386, -2.825907945632935 ], [ 30.424640655517862, -2.827359914779436 ], [ 30.425437927246151, -2.828737974166756 ], [ 30.426010131835994, -2.830991029739266 ], [ 30.426034927368221, -2.831666946410962 ], [ 30.425586700439737, -2.832192897796517 ], [ 30.424764633178881, -2.832544088363647 ], [ 30.424352645874194, -2.832580089569092 ], [ 30.423892974853629, -2.832618951797485 ], [ 30.422325134277514, -2.832493066787606 ], [ 30.422132492065487, -2.832509040832463 ], [ 30.421701431274471, -2.83254504203785 ], [ 30.422000885009709, -2.83331990241993 ], [ 30.422946929931754, -2.83457088470459 ], [ 30.422946929931754, -2.835474014282227 ], [ 30.422796249389762, -2.835973978042489 ], [ 30.422224044799918, -2.836298942565747 ], [ 30.421352386474837, -2.836399078369084 ], [ 30.421602249145678, -2.837025880813599 ], [ 30.422050476074503, -2.837774991988908 ], [ 30.422523498535327, -2.83882904052723 ], [ 30.42259788513212, -2.83912801742531 ], [ 30.42247390747076, -2.840154886245614 ], [ 30.422073364258097, -2.840605974197388 ], [ 30.421352386474837, -2.840882062911874 ], [ 30.420780181884993, -2.84055495262146 ], [ 30.420156478882006, -2.839729070663338 ], [ 30.420248031616438, -2.839972019195443 ], [ 30.420579910278605, -2.840857028961182 ], [ 30.420553207397631, -2.841607093810921 ], [ 30.41963386535673, -2.843183994293099 ], [ 30.419233322143725, -2.843660116195508 ], [ 30.418588638305664, -2.843885898589917 ], [ 30.418064117431641, -2.843786001205331 ], [ 30.417467117309627, -2.843435049056893 ], [ 30.417316436767635, -2.842735052108708 ], [ 30.416894912719783, -2.843435049056893 ], [ 30.416246414184741, -2.843610048294067 ], [ 30.415376663208065, -2.843410015106201 ], [ 30.415275573730639, -2.843836069106885 ], [ 30.415649414062671, -2.844536066055298 ], [ 30.415449142456112, -2.845412969589233 ], [ 30.41510009765625, -2.846013069152605 ], [ 30.414377212524414, -2.846564054489022 ], [ 30.413780212402401, -2.846965074539071 ], [ 30.413406372070369, -2.847491025924683 ], [ 30.413555145263956, -2.848090887069645 ], [ 30.414850234985636, -2.848692893981877 ], [ 30.41577339172386, -2.849143028259107 ], [ 30.416090011596964, -2.849621057510376 ], [ 30.416221618652514, -2.849818944930803 ], [ 30.416296005249308, -2.850394964218026 ], [ 30.416271209716911, -2.851421117782593 ], [ 30.41582107543968, -2.851871967315674 ], [ 30.415191650390909, -2.851914882659798 ], [ 30.413854598998967, -2.851171016693002 ], [ 30.413555145263956, -2.851721048355103 ], [ 30.413133621216105, -2.853925943374634 ], [ 30.412509918213061, -2.854726076125985 ], [ 30.411363601684627, -2.855577945709115 ], [ 30.410642623901538, -2.856803894042912 ], [ 30.409845352172908, -2.857404947280713 ], [ 30.408027648925952, -2.858105897903442 ], [ 30.407377243042163, -2.858582019805795 ], [ 30.406507492065487, -2.860033988952637 ], [ 30.406183242797852, -2.860835075378304 ], [ 30.406930923462085, -2.860685110092163 ], [ 30.407503128051928, -2.859359025955087 ], [ 30.408226013183594, -2.85898303985573 ], [ 30.408998489380053, -2.858831882476807 ], [ 30.409620285034464, -2.859183073043823 ], [ 30.409868240356502, -2.859808921813965 ], [ 30.409570693969897, -2.860510110855103 ], [ 30.409271240234659, -2.861236095428239 ], [ 30.410242080688704, -2.860534906387215 ], [ 30.410915374756144, -2.860534906387215 ], [ 30.411788940429801, -2.860860109329224 ], [ 30.412160873413256, -2.860183954238778 ], [ 30.412345886230753, -2.859910011291277 ], [ 30.412635803222713, -2.859483003616106 ], [ 30.413829803466967, -2.859257936477491 ], [ 30.414951324462834, -2.85928392410267 ], [ 30.41582107543968, -2.85973501205433 ], [ 30.416021347045955, -2.860409975051823 ], [ 30.416072845459098, -2.860886096954346 ], [ 30.415573120117472, -2.861561059951555 ], [ 30.415002822876204, -2.86201190948475 ], [ 30.415573120117472, -2.862914085387956 ], [ 30.41587257385271, -2.863665103912126 ], [ 30.415948867797908, -2.864166021347046 ], [ 30.415548324585075, -2.864542007446289 ], [ 30.415000915527628, -2.864866971969491 ], [ 30.414203643798999, -2.864841938018799 ], [ 30.413282394409123, -2.864867925643921 ], [ 30.412385940552042, -2.864943027496338 ], [ 30.413255691528377, -2.865542888641357 ], [ 30.413507461548136, -2.866344928741285 ], [ 30.413681030273722, -2.867320060729867 ], [ 30.413904190063761, -2.868021011352539 ], [ 30.414253234863565, -2.868721961975098 ], [ 30.4146022796632, -2.869223117828142 ], [ 30.41502761840826, -2.869422912597429 ], [ 30.415536880493164, -2.86919903755188 ], [ 30.415822982788086, -2.869072914123421 ], [ 30.416669845581339, -2.869800090789681 ], [ 30.417068481445369, -2.870774984359628 ], [ 30.417791366577205, -2.871776103973389 ], [ 30.417940139770621, -2.872752904891968 ], [ 30.417865753173828, -2.873830080032349 ], [ 30.418090820312443, -2.874305963516065 ], [ 30.418712615967081, -2.87453103065468 ], [ 30.419309616088924, -2.874206066131364 ], [ 30.419574737548828, -2.873992919921704 ], [ 30.420555114746207, -2.873203992843401 ], [ 30.421674728393498, -2.87217903137207 ], [ 30.422325134277514, -2.871850967406999 ], [ 30.423694610595987, -2.871076107024919 ], [ 30.425437927246151, -2.869323015212842 ], [ 30.426084518432788, -2.869048118591309 ], [ 30.426757812500057, -2.869072914123421 ], [ 30.427505493164062, -2.869648933410531 ], [ 30.427976608276538, -2.870023012161255 ], [ 30.429248809814396, -2.870901107787859 ], [ 30.430543899536076, -2.87172698974598 ], [ 30.431098937988452, -2.872195005416813 ], [ 30.431316375732706, -2.87237811088562 ], [ 30.432336807251033, -2.87398004531849 ], [ 30.432958602905444, -2.874330997467041 ], [ 30.434303283691349, -2.874130964279118 ], [ 30.435077667236555, -2.874656915664673 ], [ 30.435600280762003, -2.875432968139648 ], [ 30.436098098755053, -2.876158952713013 ], [ 30.436000823974666, -2.877284049987736 ], [ 30.43547439575201, -2.878237009048462 ], [ 30.435251235962198, -2.878587007522356 ], [ 30.434553146362532, -2.879437923431226 ], [ 30.434453964233342, -2.880013942718449 ], [ 30.43423080444353, -2.880939960479566 ], [ 30.434404373168945, -2.881942033767473 ], [ 30.435176849365405, -2.882917881011906 ], [ 30.436296463012866, -2.883568048477173 ], [ 30.437244415283317, -2.884419918060246 ], [ 30.437492370605753, -2.885297060012647 ], [ 30.437467575073526, -2.886023044586182 ], [ 30.437118530273722, -2.887525081634521 ], [ 30.436819076538143, -2.888376951217538 ], [ 30.437143325805721, -2.889477968215942 ], [ 30.437467575073526, -2.890804052352905 ], [ 30.437692642211971, -2.891832113265878 ], [ 30.438116073608569, -2.892757892608529 ], [ 30.438091278076172, -2.894109964370728 ], [ 30.437692642211971, -2.894985914230347 ], [ 30.437269210815714, -2.895361900329476 ], [ 30.43711090087919, -2.895456075668221 ], [ 30.436546325683878, -2.895787954330444 ], [ 30.437156677246207, -2.896033048629761 ], [ 30.437543869018725, -2.896188020706177 ], [ 30.438140869140796, -2.89691400527937 ], [ 30.438638687133846, -2.898015975952148 ], [ 30.439533233642692, -2.898942947387582 ], [ 30.439435958862475, -2.900544881820679 ], [ 30.438938140869425, -2.901144981384221 ], [ 30.438539505004996, -2.901746034622079 ], [ 30.438215255737589, -2.902548074722063 ], [ 30.43805122375494, -2.903089046478101 ], [ 30.438396453857536, -2.903608083724976 ], [ 30.438463211059798, -2.9036989212035 ], [ 30.438766479492244, -2.903661966323625 ], [ 30.439285278320483, -2.90359902381897 ], [ 30.440034866333292, -2.90385007858265 ], [ 30.440656661987532, -2.904201030731201 ], [ 30.440929412841967, -2.904725074767896 ], [ 30.44229888916027, -2.904274940490609 ], [ 30.442750930786076, -2.90441107749939 ], [ 30.443048477173079, -2.904501914977914 ], [ 30.443546295166129, -2.905025959014779 ], [ 30.444292068481616, -2.907079935073853 ], [ 30.444419860839787, -2.907955884933472 ], [ 30.444381713867472, -2.908162117004167 ], [ 30.444292068481616, -2.908657073974609 ], [ 30.444889068603459, -2.909033060073625 ], [ 30.445251464843807, -2.908859968185425 ], [ 30.445463180542276, -2.908756971359253 ], [ 30.446161270141715, -2.908008098602238 ], [ 30.446708679199162, -2.907906055450439 ], [ 30.449422836303768, -2.90955805778492 ], [ 30.449848175048771, -2.910358905792123 ], [ 30.449998855590763, -2.911261081695443 ], [ 30.450008392334269, -2.911663055419751 ], [ 30.450023651123161, -2.912137031555005 ], [ 30.45017051696783, -2.913162946700822 ], [ 30.450595855713004, -2.913388013839722 ], [ 30.451042175293253, -2.913012027740479 ], [ 30.451799392700252, -2.911731004714966 ], [ 30.451839447021541, -2.911660909652483 ], [ 30.452512741089151, -2.910960912704354 ], [ 30.453460693359432, -2.910759925842171 ], [ 30.454805374145678, -2.91060996055603 ], [ 30.455774307250977, -2.910259008407593 ], [ 30.456596374512003, -2.909257888793832 ], [ 30.457393646240462, -2.909282922744751 ], [ 30.458040237426928, -2.90958309173584 ], [ 30.458465576171932, -2.910383939743042 ], [ 30.459186553955192, -2.911134004592782 ], [ 30.459960937500057, -2.912286996841431 ], [ 30.46075630187994, -2.913188934326001 ], [ 30.461654663085994, -2.913964986801034 ], [ 30.462675094604435, -2.914691925048771 ], [ 30.463346481323299, -2.914916038512956 ], [ 30.463521957397518, -2.915918111800977 ], [ 30.463571548462085, -2.917119026184025 ], [ 30.463695526123274, -2.918121099471932 ], [ 30.464492797851562, -2.919147968292009 ], [ 30.464569091796932, -2.919924974441415 ], [ 30.464094161987362, -2.920599937438908 ], [ 30.463594436645508, -2.920875072479078 ], [ 30.462026596069563, -2.921101093292236 ], [ 30.46065711975109, -2.921427011489754 ], [ 30.459884643554858, -2.921502113342285 ], [ 30.459037780761776, -2.921175956725904 ], [ 30.458366394043139, -2.921242952346688 ], [ 30.45829010009794, -2.921251058578491 ], [ 30.458316802978572, -2.922000885009766 ], [ 30.458938598632983, -2.92277789115883 ], [ 30.460632324218693, -2.924104928970337 ], [ 30.461179733276538, -2.924329996108952 ], [ 30.461977005005167, -2.924406051635629 ], [ 30.462675094604435, -2.924055099487305 ], [ 30.46322250366228, -2.923629045486337 ], [ 30.463392257690714, -2.923326969146558 ], [ 30.463993072509936, -2.922251939773389 ], [ 30.464668273925952, -2.921951055526733 ], [ 30.465913772583065, -2.922502040862923 ], [ 30.466934204101733, -2.923429012298413 ], [ 30.467905044555778, -2.923855066299325 ], [ 30.469375610351847, -2.924230098724365 ], [ 30.470121383666935, -2.925457000732308 ], [ 30.470098495483512, -2.926157951354867 ], [ 30.468328475952205, -2.92758488655079 ], [ 30.468976974487248, -2.927634954452287 ], [ 30.469425201416072, -2.927388906478825 ], [ 30.470943450927962, -2.92655706405634 ], [ 30.471815109253043, -2.926660060882568 ], [ 30.473110198974723, -2.927834987640267 ], [ 30.473859786987362, -2.92903709411604 ], [ 30.474058151245174, -2.929713010787736 ], [ 30.474256515503214, -2.931966066360246 ], [ 30.474630355835018, -2.932265996932983 ], [ 30.47542953491228, -2.932667016982862 ], [ 30.476150512695369, -2.932667970657349 ], [ 30.4773464202882, -2.933918952941781 ], [ 30.478168487548885, -2.93449497222889 ], [ 30.479236602783374, -2.934362888336182 ], [ 30.479938507080362, -2.934715986251604 ], [ 30.480363845825366, -2.935492992400953 ], [ 30.480009078979776, -2.937474012374821 ], [ 30.480783462524471, -2.93853402137745 ], [ 30.48099517822294, -2.939311027526742 ], [ 30.481277465820312, -2.941926002502214 ], [ 30.481981277466105, -2.944046974182015 ], [ 30.483247756958008, -2.946238994598218 ], [ 30.484655380249194, -2.946662902831861 ], [ 30.487188339233455, -2.94828796386696 ], [ 30.488176345825366, -2.947652101516724 ], [ 30.488950729370401, -2.947652101516724 ], [ 30.490568161010913, -2.947652101516724 ], [ 30.492118835449389, -2.948430061340218 ], [ 30.49310302734375, -2.948147058486768 ], [ 30.493459701538143, -2.948252916335832 ], [ 30.494300842285384, -2.948501110076904 ], [ 30.495637893676758, -2.949984073638802 ], [ 30.498834609985522, -2.950867891311532 ], [ 30.499616622924862, -2.950752019882202 ], [ 30.501125335693644, -2.951014041900464 ], [ 30.502887725830249, -2.952883005142098 ], [ 30.503128051758097, -2.952927112579346 ], [ 30.504436492920092, -2.953166007995605 ], [ 30.505561828613509, -2.95295405387867 ], [ 30.505676269531421, -2.952831983566114 ], [ 30.506828308105639, -2.951611995697021 ], [ 30.507532119751033, -2.95019602775551 ], [ 30.507886886596623, -2.95019602775551 ], [ 30.508800506591967, -2.950974941253662 ], [ 30.509996414184798, -2.950126886367741 ], [ 30.511474609375227, -2.948570966720467 ], [ 30.512319564819336, -2.947370052337419 ], [ 30.514446258544979, -2.945069074630737 ], [ 30.515979766845987, -2.943411111831665 ], [ 30.517387390136946, -2.943411111831665 ], [ 30.517534255981616, -2.943264007568132 ], [ 30.51837348937994, -2.942421913146859 ], [ 30.520063400268839, -2.94171404838562 ], [ 30.521272659302042, -2.941683053970166 ], [ 30.522808074951229, -2.941643953323364 ], [ 30.524427413940714, -2.940017938613835 ], [ 30.526046752929631, -2.936695098876953 ], [ 30.52625846862793, -2.935775995254403 ], [ 30.527454376220987, -2.935422897338754 ], [ 30.528934478759822, -2.93358588218689 ], [ 30.530622482299975, -2.931180953979379 ], [ 30.531818389892862, -2.930403947830087 ], [ 30.533790588379134, -2.930332899093401 ], [ 30.535896301269588, -2.931133985519409 ], [ 30.536394119262638, -2.931323051452637 ], [ 30.538789749145735, -2.932806015014535 ], [ 30.539491653442553, -2.932665109634286 ], [ 30.542587280273722, -2.926939964294434 ], [ 30.542587280273722, -2.926021099090406 ], [ 30.54287147521984, -2.925527095794507 ], [ 30.543716430664119, -2.924958944320679 ], [ 30.545543670654581, -2.922274112701302 ], [ 30.5458278656007, -2.921001911163273 ], [ 30.546602249145565, -2.920367002486955 ], [ 30.548360824585131, -2.917820930480843 ], [ 30.553268432617472, -2.911312103271371 ], [ 30.556806564331112, -2.907357931137085 ], [ 30.561946868896769, -2.902550935745126 ], [ 30.563404083251953, -2.901415109634399 ], [ 30.565395355224894, -2.89986610412592 ], [ 30.564886093139933, -2.898879051208382 ], [ 30.564340591430721, -2.897814989089966 ], [ 30.564762115478572, -2.894917964935075 ], [ 30.566522598266715, -2.893927097320557 ], [ 30.570291519165323, -2.89292311668396 ], [ 30.572517395019588, -2.89286994934082 ], [ 30.574171066284407, -2.892829895019531 ], [ 30.577093124389933, -2.893290042877027 ], [ 30.578008651733455, -2.894114971160775 ], [ 30.578784942626896, -2.895296096801758 ], [ 30.581661224365405, -2.899663925170728 ], [ 30.581159591674975, -2.900902986526262 ], [ 30.581087112426758, -2.901592969894239 ], [ 30.581022262573299, -2.902231931686401 ], [ 30.581296920776481, -2.903700113296509 ], [ 30.582208633423022, -2.904664039611589 ], [ 30.583669662475586, -2.90434193611145 ], [ 30.585634231567553, -2.904755115509033 ], [ 30.587186813354776, -2.905396938323975 ], [ 30.587688446044979, -2.906038999557495 ], [ 30.588558197021655, -2.912184000015259 ], [ 30.589195251465014, -2.912734031677246 ], [ 30.590017318725643, -2.912873029708692 ], [ 30.595542907714844, -2.913239955901986 ], [ 30.596136093139933, -2.913743972778207 ], [ 30.597734451294173, -2.916539907455331 ], [ 30.598739624023608, -2.919934988021794 ], [ 30.598693847656534, -2.920943021774178 ], [ 30.599777221679915, -2.922138929366952 ], [ 30.600063323974837, -2.922456979751473 ], [ 30.600214004516829, -2.922368049621412 ], [ 30.602300643920842, -2.921128034591675 ], [ 30.60444831848173, -2.920531034469548 ], [ 30.606275558471964, -2.920806884765625 ], [ 30.607645034790266, -2.921540021896362 ], [ 30.609334945678825, -2.923145055770817 ], [ 30.610111236572436, -2.923878908157235 ], [ 30.613079071045206, -2.925483942031633 ], [ 30.615955352783487, -2.92525291442854 ], [ 30.617647171020451, -2.92525291442854 ], [ 30.619882583618448, -2.926402091979924 ], [ 30.621379852294922, -2.927608966827165 ], [ 30.622211456298885, -2.92828106880188 ], [ 30.623809814453352, -2.929932117462158 ], [ 30.626047134399357, -2.932913064956608 ], [ 30.626642227173022, -2.934058904647827 ], [ 30.628240585327092, -2.935022115707227 ], [ 30.630523681640909, -2.936489105224496 ], [ 30.631801605224723, -2.937727928161621 ], [ 30.633171081543026, -2.939652919769173 ], [ 30.634223937988452, -2.941672086715698 ], [ 30.636642456054972, -2.944653034210148 ], [ 30.637769699096623, -2.94595193862915 ], [ 30.640935897827376, -2.949604988098145 ], [ 30.642486572265682, -2.950797080993652 ], [ 30.644678115845011, -2.951486110687142 ], [ 30.646780014038256, -2.952999114990234 ], [ 30.647418975830362, -2.953228950500488 ], [ 30.647237777710018, -2.954833984374829 ], [ 30.64714431762701, -2.957218885421582 ], [ 30.647464752197436, -2.960612058639299 ], [ 30.646095275878963, -2.964602947234994 ], [ 30.645912170410213, -2.965794086456299 ], [ 30.646186828613565, -2.968637943267765 ], [ 30.650022506714038, -2.975563049316179 ], [ 30.651622772217081, -2.976615905761491 ], [ 30.653264999389819, -2.976754903793335 ], [ 30.655502319336222, -2.977580070495605 ], [ 30.656553268432674, -2.978313922882023 ], [ 30.658744812012003, -2.980330944061166 ], [ 30.660434722900561, -2.98207402229292 ], [ 30.660846710205249, -2.983567953109514 ], [ 30.660890579223917, -2.983725070953199 ], [ 30.66139221191429, -2.985008955001831 ], [ 30.662397384643725, -2.985835075378247 ], [ 30.663402557373104, -2.986430883407593 ], [ 30.663539886474609, -2.987942934036028 ], [ 30.666187286377124, -2.99065089225769 ], [ 30.668653488159293, -2.992759943008366 ], [ 30.669065475464038, -2.992891073226872 ], [ 30.670389175415096, -2.99330997467041 ], [ 30.671915054321346, -2.993010044097673 ], [ 30.67271804809576, -2.992851972579842 ], [ 30.676372528076229, -2.989504098892098 ], [ 30.67696571350092, -2.989043951034489 ], [ 30.678358078003214, -2.988202095031625 ], [ 30.67943191528326, -2.987303018569719 ], [ 30.680847167968977, -2.985146999359017 ], [ 30.682628631591854, -2.983817100524902 ], [ 30.684637069702433, -2.982625961303711 ], [ 30.685504913330135, -2.981523990631104 ], [ 30.685825347900561, -2.980468988418579 ], [ 30.685825347900561, -2.97849702835066 ], [ 30.693542480468921, -2.97308611869812 ], [ 30.695415496826229, -2.973040103912297 ], [ 30.696054458618335, -2.972855091094971 ], [ 30.698564529419116, -2.973315000533944 ], [ 30.699628829956055, -2.972568035125676 ], [ 30.703132629394588, -2.97010493278492 ], [ 30.703907012939396, -2.96989107131958 ], [ 30.704959869384822, -2.969599962234383 ], [ 30.707286834717081, -2.970012903213387 ], [ 30.709524154663256, -2.971204996108895 ], [ 30.712903976440543, -2.974736928939819 ], [ 30.714136123657511, -2.976799964904728 ], [ 30.715141296386776, -2.9790940284729 ], [ 30.715690612792969, -2.979644060134888 ], [ 30.714410781860352, -2.980240106582642 ], [ 30.717197418212947, -2.982120037078857 ], [ 30.71745872497587, -2.982374906539803 ], [ 30.71861457824707, -2.983509063720476 ], [ 30.719022750854435, -2.983908891677743 ], [ 30.71975326538103, -2.984230041503906 ], [ 30.721305847168253, -2.983360052108537 ], [ 30.723062515258846, -2.985454082489014 ], [ 30.724458694457951, -2.98711895942688 ], [ 30.726421356201115, -2.989090919494515 ], [ 30.72665023803728, -2.989871025085336 ], [ 30.727926254272518, -2.989228963851929 ], [ 30.729845046997241, -2.988998889923039 ], [ 30.73180961608881, -2.989136934280396 ], [ 30.733682632446289, -2.989962100982666 ], [ 30.735874176025618, -2.99092602729786 ], [ 30.738431930542276, -2.990741968154794 ], [ 30.740669250488452, -2.992208957672062 ], [ 30.742267608642749, -2.993767976760751 ], [ 30.743774414062557, -2.996198892593156 ], [ 30.744661331176871, -2.996644973754883 ], [ 30.744869232178019, -2.996748924255371 ], [ 30.746513366699503, -2.996701955795231 ], [ 30.747791290283374, -2.997208118438721 ], [ 30.749620437622184, -2.996244907379037 ], [ 30.751903533935604, -2.996153116226196 ], [ 30.753410339355412, -2.996016025543213 ], [ 30.754552841186523, -2.994869947433415 ], [ 30.756286621093921, -2.994961023330688 ], [ 30.765419006347599, -2.99285006523121 ], [ 30.768341064453125, -2.994364976882935 ], [ 30.771722793579386, -2.994868993758928 ], [ 30.773046493530444, -2.99404406547535 ], [ 30.773731231689624, -2.993767976760751 ], [ 30.774616241455362, -2.993813991546403 ], [ 30.775421142578182, -2.993855953216553 ], [ 30.776380538940714, -2.993906021118164 ], [ 30.778251647949219, -2.992943048477002 ], [ 30.779167175293139, -2.992897987365723 ], [ 30.779851913452262, -2.991612911224308 ], [ 30.784690856933537, -2.989917039871102 ], [ 30.789669036865291, -2.989640951156446 ], [ 30.796747207641545, -2.988816022872811 ], [ 30.800901412963867, -2.988310098647958 ], [ 30.802865982055835, -2.986660003662109 ], [ 30.803825378417969, -2.986752033233529 ], [ 30.806062698364542, -2.987761020660287 ], [ 30.807796478271541, -2.985881090164185 ], [ 30.808847427368221, -2.985284090042001 ], [ 30.81035423278837, -2.98519301414467 ], [ 30.814237594604663, -2.981249094009399 ], [ 30.81583595275896, -2.980881929397412 ], [ 30.818483352661246, -2.981523990631104 ], [ 30.821451187133846, -2.980561017990055 ], [ 30.826337814331112, -2.980149030685425 ], [ 30.827009201049975, -2.980015993118286 ], [ 30.829576492309741, -2.978142976760751 ], [ 30.830770492553995, -2.978193044662305 ], [ 30.831319808960245, -2.978492975234872 ], [ 30.831569671630859, -2.977518081664812 ], [ 30.832614898681925, -2.976643085479623 ], [ 30.835105895996094, -2.976991891860905 ], [ 30.836874008178995, -2.975617885589486 ], [ 30.838302612304858, -2.975378036499023 ], [ 30.839738845825252, -2.975817918777466 ], [ 30.842454910278377, -2.978868007659798 ], [ 30.844770431518555, -2.977567911147901 ], [ 30.845188140869425, -2.977988004684335 ], [ 30.846214294433821, -2.97901797294594 ], [ 30.846836090087891, -2.978193044662305 ], [ 30.847633361816349, -2.977941989898454 ], [ 30.849004745483455, -2.978518962859994 ], [ 30.850225448608683, -2.979516983032056 ], [ 30.849876403808878, -2.980592012405339 ], [ 30.849376678466854, -2.980870008468457 ], [ 30.849203109741268, -2.980967044830095 ], [ 30.848505020141602, -2.981491088867074 ], [ 30.847604751586971, -2.98189997673029 ], [ 30.847011566162109, -2.982167959213029 ], [ 30.845741271972827, -2.983442068099805 ], [ 30.844768524169979, -2.985491037368547 ], [ 30.844139099121378, -2.988050937652361 ], [ 30.843807220459041, -2.988359928131104 ], [ 30.843498229980469, -2.988646984100114 ], [ 30.842948913574276, -2.988924026489144 ], [ 30.842676162720011, -2.989059925079346 ], [ 30.841060638427905, -2.989059925079346 ], [ 30.840530395508097, -2.989059925079346 ], [ 30.839160919189624, -2.991858005523568 ], [ 30.838014602661133, -2.993628025054932 ], [ 30.838581085205249, -2.995076894759961 ], [ 30.837247848511026, -2.996351003646623 ], [ 30.837303161621378, -2.997189998626709 ], [ 30.837942123413143, -2.997662067413216 ], [ 30.838216781616325, -2.998245000839233 ], [ 30.835275650024357, -3.001575946807691 ], [ 30.834945678710994, -3.00261402130127 ], [ 30.834306716919059, -3.003961086273193 ], [ 30.833484649658203, -3.004961967468262 ], [ 30.83256912231468, -3.005635976791382 ], [ 30.831956863403548, -3.006192922592049 ], [ 30.831098556518782, -3.007241964340096 ], [ 30.829288482666016, -3.008754014968815 ], [ 30.826583862304744, -3.011084079742432 ], [ 30.826089859009073, -3.011921882629167 ], [ 30.826309204101733, -3.014233112335205 ], [ 30.825944900512866, -3.01532506942749 ], [ 30.82515907287609, -3.016690015792847 ], [ 30.824043273925781, -3.01780009269703 ], [ 30.823568344116381, -3.018291950225773 ], [ 30.823265075683594, -3.020987987518311 ], [ 30.82230186462408, -3.02357888221735 ], [ 30.821607589721964, -3.024597883224487 ], [ 30.820875167846623, -3.025290012359619 ], [ 30.818738937378214, -3.025819063186532 ], [ 30.818262100220011, -3.026292085647469 ], [ 30.818008422851847, -3.026546955108643 ], [ 30.816963195800952, -3.02819108963007 ], [ 30.818275451660327, -3.03029799461342 ], [ 30.818277359009073, -3.031809091567936 ], [ 30.818073272705305, -3.032901048660221 ], [ 30.817235946655387, -3.034321069717407 ], [ 30.816963195800952, -3.035042047500497 ], [ 30.816642761230696, -3.037720918655225 ], [ 30.816394805908487, -3.039783954620248 ], [ 30.814905166626147, -3.042901992797738 ], [ 30.813375473022518, -3.044219970703068 ], [ 30.811143875122127, -3.045857906341496 ], [ 30.810266494751261, -3.046113967895394 ], [ 30.808181762695483, -3.046061038970834 ], [ 30.805366516113338, -3.047776937484628 ], [ 30.804471969604435, -3.048942089080811 ], [ 30.803485870361499, -3.050148010253793 ], [ 30.801515579223576, -3.05151104927063 ], [ 30.795261383056754, -3.054236888885384 ], [ 30.798036575317667, -3.058793067932129 ], [ 30.799457550048942, -3.061125993728638 ], [ 30.801542282104549, -3.063673973083382 ], [ 30.80172538757347, -3.064548015594369 ], [ 30.802085876465014, -3.068196058273145 ], [ 30.802871704101562, -3.069118976593018 ], [ 30.80438232421875, -3.069958925246965 ], [ 30.80595588684082, -3.070414066314527 ], [ 30.807903289795092, -3.071008920669499 ], [ 30.809312820434855, -3.07220888137806 ], [ 30.810409545898722, -3.073883056640454 ], [ 30.810682296753157, -3.075429916381665 ], [ 30.810501098632812, -3.076648950576782 ], [ 30.811651229858455, -3.077667951583692 ], [ 30.812931060791243, -3.079068899154663 ], [ 30.813728332519531, -3.080828905105591 ], [ 30.813919067382812, -3.081253051757699 ], [ 30.81591606140131, -3.081764936447087 ], [ 30.81618690490734, -3.081834077835083 ], [ 30.819328308105526, -3.082506895065194 ], [ 30.820917129516886, -3.082614898681641 ], [ 30.828321456909123, -3.083723068237134 ], [ 30.829219818115178, -3.083910942077637 ], [ 30.829711914062671, -3.084013938903809 ], [ 30.833766937256144, -3.088516950607243 ], [ 30.834133148193644, -3.090393066406136 ], [ 30.835374832153377, -3.092648029327279 ], [ 30.836471557617244, -3.094594955444165 ], [ 30.836397171020792, -3.096524953842163 ], [ 30.835998535156193, -3.098061084747314 ], [ 30.834381103515852, -3.099466085433846 ], [ 30.833112716674975, -3.101353883743172 ], [ 30.832412719726733, -3.103549957275163 ], [ 30.832279205322209, -3.104779958724748 ], [ 30.832323074340877, -3.106228113174438 ], [ 30.833110809326229, -3.107721090316772 ], [ 30.833286285400391, -3.108732938766366 ], [ 30.832803726196232, -3.109874010085832 ], [ 30.832323074340877, -3.111675024032593 ], [ 30.832674026489258, -3.112684965133496 ], [ 30.834030151367472, -3.114572048187142 ], [ 30.833759307861612, -3.115114927291756 ], [ 30.833518981933537, -3.115592002868652 ], [ 30.832717895508097, -3.116535902023315 ], [ 30.831930160522575, -3.119184017181283 ], [ 30.832239151001147, -3.121526002883854 ], [ 30.832059860229549, -3.122253894805681 ], [ 30.831039428710881, -3.124212980270386 ], [ 30.830961227417276, -3.124366044997942 ], [ 30.830923080444393, -3.125202894210815 ], [ 30.829742431640796, -3.126517057418653 ], [ 30.830223083496378, -3.128933906555005 ], [ 30.826721191406307, -3.136399030685425 ], [ 30.825366973877237, -3.139296054839974 ], [ 30.823789596557617, -3.140702009200993 ], [ 30.82260894775419, -3.142152070998918 ], [ 30.818450927734318, -3.144963026046639 ], [ 30.818080902099837, -3.145487070083561 ], [ 30.818012237548999, -3.145581960678101 ], [ 30.817865371704386, -3.146820068359318 ], [ 30.818195343017749, -3.14791107177723 ], [ 30.819036483764648, -3.14918494224537 ], [ 30.820280075073526, -3.149985074996891 ], [ 30.821380615234432, -3.150333881378174 ], [ 30.829162597656421, -3.145231008529549 ], [ 30.830331802368335, -3.145013093948137 ], [ 30.831428527832202, -3.144431114196607 ], [ 30.834205627441463, -3.143117904663086 ], [ 30.836204528808764, -3.147511005401611 ], [ 30.836753845214787, -3.148093938827344 ], [ 30.837631225586165, -3.148421049118042 ], [ 30.838144302368107, -3.149729967117139 ], [ 30.839239120483398, -3.15191292762745 ], [ 30.84091949462919, -3.154206037521362 ], [ 30.84154129028343, -3.155663013458252 ], [ 30.84146881103544, -3.157082080840951 ], [ 30.845819473266602, -3.16260910034157 ], [ 30.846662521362475, -3.16435599327076 ], [ 30.846660614013729, -3.165266036987134 ], [ 30.84384727478033, -3.171564102172795 ], [ 30.843336105346964, -3.173202037811279 ], [ 30.843482971191406, -3.176405906677132 ], [ 30.841909408569336, -3.179303884506226 ], [ 30.840112686157227, -3.183696031570321 ], [ 30.839195251465128, -3.186419963836556 ], [ 30.839456558227653, -3.188658952712899 ], [ 30.838275909423885, -3.192698955535718 ], [ 30.841163635254077, -3.198451042175293 ], [ 30.841356277466105, -3.198740005492994 ], [ 30.84387588501005, -3.202491998672315 ], [ 30.846502304077148, -3.205918073654118 ], [ 30.847366333007869, -3.206511974334717 ], [ 30.847887039184741, -3.206868886947632 ], [ 30.848165512085131, -3.207060098648071 ], [ 30.84787940979021, -3.207595109939518 ], [ 30.846380233764933, -3.207741975784245 ], [ 30.845102310180721, -3.207631111144906 ], [ 30.84419059753435, -3.207420110702458 ], [ 30.843383789062784, -3.20723295211792 ], [ 30.841337203979492, -3.207456111907845 ], [ 30.834861755371264, -3.210397958755493 ], [ 30.834615707397404, -3.210510015487557 ], [ 30.829172134399357, -3.212989091873055 ], [ 30.827812194824389, -3.214446067809945 ], [ 30.825033187866495, -3.214373111724854 ], [ 30.822877883911076, -3.214083909988346 ], [ 30.820814132690487, -3.213558912277222 ], [ 30.818933486938477, -3.216633081436044 ], [ 30.817554473877237, -3.218218088150024 ], [ 30.816165924072493, -3.218472957611027 ], [ 30.815544128418253, -3.219018936156999 ], [ 30.815324783325252, -3.220585107803174 ], [ 30.813419342041186, -3.224230051040649 ], [ 30.814516067505053, -3.227396011352425 ], [ 30.816087722778377, -3.229866027832031 ], [ 30.817550659179688, -3.232165098190308 ], [ 30.818408966064453, -3.234638929367009 ], [ 30.819065093994425, -3.235984086990356 ], [ 30.820892333984659, -3.23762297630293 ], [ 30.821222305297852, -3.238385915756055 ], [ 30.820529937744197, -3.240025043487378 ], [ 30.820819854736442, -3.240499019622632 ], [ 30.821004867553768, -3.240899085998308 ], [ 30.82174491882347, -3.241012096405029 ], [ 30.822565078735352, -3.241137981414795 ], [ 30.824056625366268, -3.243693113327026 ], [ 30.825050354003963, -3.245397090911638 ], [ 30.825927734375171, -3.246742010116463 ], [ 30.827243804931697, -3.247396945953312 ], [ 30.830661773681868, -3.249087095260563 ], [ 30.831464767456112, -3.249742031097298 ], [ 30.831903457641602, -3.250433921813965 ], [ 30.832489013671932, -3.250977993011475 ], [ 30.837284088134766, -3.253174066543579 ], [ 30.83907508850109, -3.253319025039616 ], [ 30.842651367187614, -3.253391981124878 ], [ 30.8427162170413, -3.25371694564808 ], [ 30.842781066894759, -3.254050016403028 ], [ 30.841001510620174, -3.255661964416504 ], [ 30.840551376342944, -3.256069898605176 ], [ 30.838581085205249, -3.257431030273324 ], [ 30.836042404174862, -3.25835394859314 ], [ 30.834730148315487, -3.258836984634286 ], [ 30.834117889404354, -3.259452104568481 ], [ 30.833024978637866, -3.260111093520948 ], [ 30.831623077392805, -3.261734962463379 ], [ 30.829259872436637, -3.263623952865487 ], [ 30.827465057373331, -3.264414072036686 ], [ 30.825113296509073, -3.265408039092904 ], [ 30.820360183716105, -3.266028881072998 ], [ 30.816831588745401, -3.266433954238892 ], [ 30.811056137085018, -3.270649909972974 ], [ 30.807407379150447, -3.272039890289193 ], [ 30.802610397339038, -3.273329019546395 ], [ 30.801277160644474, -3.27453708648676 ], [ 30.798015594482479, -3.279037952422868 ], [ 30.793861389160327, -3.279725074767953 ], [ 30.789438247680721, -3.279798984527588 ], [ 30.787647247314396, -3.28009200096119 ], [ 30.785547256469727, -3.280787944793531 ], [ 30.784576416015682, -3.281111001968384 ], [ 30.783296585083065, -3.281877040863037 ], [ 30.782127380371321, -3.2828590869903 ], [ 30.779714584350756, -3.282205104827653 ], [ 30.777961730957315, -3.283660888671704 ], [ 30.776607513427905, -3.284172058105241 ], [ 30.775474548340128, -3.284754991531372 ], [ 30.774414062500171, -3.285773992538452 ], [ 30.773536682129134, -3.286102056503296 ], [ 30.769077301025447, -3.286648988723641 ], [ 30.765933990478686, -3.288361072540283 ], [ 30.764509201049862, -3.289854049682504 ], [ 30.763851165771484, -3.290802001953125 ], [ 30.762863159179915, -3.291565895080453 ], [ 30.757709503173999, -3.292587041854858 ], [ 30.756174087524414, -3.292331933974992 ], [ 30.754676818847713, -3.291749954223462 ], [ 30.751895904541243, -3.289604902267342 ], [ 30.751827239990405, -3.289561986923104 ], [ 30.75174903869646, -3.289511919021436 ], [ 30.748754501343058, -3.287673950195256 ], [ 30.747583389282397, -3.286693096160889 ], [ 30.74707221984886, -3.284909963607788 ], [ 30.74564552307146, -3.281707048416138 ], [ 30.745571136474666, -3.279777050018083 ], [ 30.745864868164119, -3.277484893798828 ], [ 30.745790481567667, -3.275737047195321 ], [ 30.745609283447322, -3.275010108947583 ], [ 30.745937347412109, -3.274207115173283 ], [ 30.744768142700252, -3.27089595794655 ], [ 30.74451065063505, -3.270385026931649 ], [ 30.744472503662166, -3.268930912017822 ], [ 30.743852615356502, -3.268165111541634 ], [ 30.74321556091337, -3.267962932586556 ], [ 30.742828369140852, -3.267838954925537 ], [ 30.742025375366438, -3.268094062805062 ], [ 30.73997688293457, -3.267765998840275 ], [ 30.738260269165039, -3.26856803894043 ], [ 30.736944198608512, -3.270315885543823 ], [ 30.735336303710938, -3.271735906600838 ], [ 30.73361778259283, -3.272682905197144 ], [ 30.73127937316923, -3.273593902587777 ], [ 30.730327606201229, -3.274467945098763 ], [ 30.730293273926065, -3.275450944900399 ], [ 30.730657577514592, -3.276761054992448 ], [ 30.730257034301815, -3.279201030730974 ], [ 30.730548858642635, -3.279927968978882 ], [ 30.730474472045842, -3.281493902206421 ], [ 30.730073928833065, -3.283204078674203 ], [ 30.730512619018725, -3.284589052200317 ], [ 30.730184555053768, -3.28698992729187 ], [ 30.729587554931697, -3.288544893264543 ], [ 30.728197097778548, -3.289563894271737 ], [ 30.727138519287394, -3.290474891662598 ], [ 30.726846694946346, -3.291275978088265 ], [ 30.726005554199219, -3.292150974273454 ], [ 30.725341796875284, -3.293087959289437 ], [ 30.724836349487362, -3.294333934783765 ], [ 30.724729537963981, -3.294400930404436 ], [ 30.723535537719897, -3.2951500415802 ], [ 30.723129272460938, -3.29627609252924 ], [ 30.722690582275447, -3.299103975295964 ], [ 30.721130371094034, -3.301979064941349 ], [ 30.720718383789119, -3.302232027053833 ], [ 30.720026016235636, -3.302653074264413 ], [ 30.719614028930891, -3.302902936935368 ], [ 30.718992233276651, -3.303414106368905 ], [ 30.7162513732913, -3.304251909255868 ], [ 30.714387893676928, -3.304289102554321 ], [ 30.711900711059741, -3.306292057037126 ], [ 30.711315155029581, -3.306910991668701 ], [ 30.70981788635271, -3.307239055633318 ], [ 30.708744049072266, -3.308904886245614 ], [ 30.707906723022745, -3.309357881545907 ], [ 30.707464218139705, -3.309597015380746 ], [ 30.706113815307617, -3.310106992721501 ], [ 30.703882217407397, -3.310326099395638 ], [ 30.703689575195312, -3.31025409698475 ], [ 30.702713012695483, -3.309890031814575 ], [ 30.701324462890739, -3.311163902282601 ], [ 30.700412750244197, -3.311398983001595 ], [ 30.700189590454386, -3.311455011367798 ], [ 30.699277877807674, -3.311602115630876 ], [ 30.692974090576229, -3.31430196762085 ], [ 30.691455841064737, -3.314953088760262 ], [ 30.690139770507812, -3.314990043640137 ], [ 30.689079284668253, -3.315608978271314 ], [ 30.685386657714901, -3.317285060882568 ], [ 30.681001663208178, -3.318670988082886 ], [ 30.678478240966854, -3.318490028381234 ], [ 30.676467895507869, -3.319691896438428 ], [ 30.675006866455135, -3.319690942764282 ], [ 30.674566268921012, -3.32029390335066 ], [ 30.670801162719783, -3.31989407539362 ], [ 30.669267654419002, -3.319931030273267 ], [ 30.667438507080362, -3.319458007812273 ], [ 30.666927337646655, -3.319859027862435 ], [ 30.666769027709904, -3.320571899413892 ], [ 30.666452407837198, -3.322007894515991 ], [ 30.665740966796932, -3.322865962982178 ], [ 30.665380477905558, -3.323770999908334 ], [ 30.664339065552042, -3.324554920196306 ], [ 30.662584304809798, -3.328345060348283 ], [ 30.661544799804744, -3.328214883804264 ], [ 30.660959243774585, -3.329718112945386 ], [ 30.66112136840826, -3.331221103668156 ], [ 30.660991668701115, -3.332005977630502 ], [ 30.660503387451229, -3.332624912261963 ], [ 30.659496307373217, -3.333703994750977 ], [ 30.658260345459041, -3.33468389511097 ], [ 30.657577514648665, -3.334748983383179 ], [ 30.657188415527571, -3.335042953491154 ], [ 30.656764984131144, -3.335989952087289 ], [ 30.655660629272745, -3.337199926376229 ], [ 30.655658721923771, -3.33782696723938 ], [ 30.655002593994368, -3.338279962539673 ], [ 30.653379440307901, -3.339337110519352 ], [ 30.652914047241268, -3.339638948440552 ], [ 30.652421951293945, -3.340256929397469 ], [ 30.651824951171932, -3.341115951537972 ], [ 30.650619506836108, -3.342480897903329 ], [ 30.649969100952262, -3.343421936035043 ], [ 30.64959907531744, -3.343775987624952 ], [ 30.649019241333065, -3.343987941741943 ], [ 30.648530960083121, -3.344835042953378 ], [ 30.648162841797046, -3.346740961074829 ], [ 30.648075103759766, -3.347246885299569 ], [ 30.648000717163143, -3.347681999206429 ], [ 30.647420883178938, -3.347872972488233 ], [ 30.647140502929972, -3.347964048385563 ], [ 30.646909713745231, -3.348552942276001 ], [ 30.646339416503963, -3.34886193275446 ], [ 30.646215438842773, -3.348931074142456 ], [ 30.645509719848803, -3.349437952041626 ], [ 30.644916534424112, -3.349400997161752 ], [ 30.644523620605639, -3.350083112716675 ], [ 30.643804550170955, -3.350084066390878 ], [ 30.643199920654581, -3.349855899810677 ], [ 30.641809463501033, -3.350584983825513 ], [ 30.640834808349609, -3.351387977600098 ], [ 30.640464782715128, -3.352021932601929 ], [ 30.639839172363509, -3.352891921996957 ], [ 30.638679504394588, -3.353692054748478 ], [ 30.638263702392862, -3.355128049850464 ], [ 30.637359619140852, -3.35649299621582 ], [ 30.636314392090014, -3.358186006545907 ], [ 30.635713577270792, -3.359056949615365 ], [ 30.635135650634822, -3.359693050384521 ], [ 30.634786605834961, -3.36004710197443 ], [ 30.634624481201456, -3.360917091369629 ], [ 30.634416580200309, -3.361505031585693 ], [ 30.635129928589038, -3.36188006401045 ], [ 30.63590240478527, -3.36322808265686 ], [ 30.636386871337834, -3.364137887954712 ], [ 30.63729286193842, -3.366043090820312 ], [ 30.638057708740519, -3.366183996200562 ], [ 30.638916015625284, -3.366794109344482 ], [ 30.63972282409685, -3.366923093795776 ], [ 30.640237808227596, -3.367005109786987 ], [ 30.6407470703125, -3.367428064346313 ], [ 30.640817642211971, -3.368204116821119 ], [ 30.642429351806697, -3.370696067810059 ], [ 30.644298553466854, -3.373588085174504 ], [ 30.644674301147631, -3.373953104019165 ], [ 30.646020889282511, -3.374702930450326 ], [ 30.646623611450309, -3.376326084136792 ], [ 30.647502899169922, -3.378232002258073 ], [ 30.647621154785213, -3.378489971160775 ], [ 30.647830963134709, -3.379288911819458 ], [ 30.647737503052042, -3.37999606132496 ], [ 30.647182464599837, -3.380842924118042 ], [ 30.646741867065373, -3.381994962692261 ], [ 30.646741867065373, -3.383430004119816 ], [ 30.646928787231502, -3.384393930435181 ], [ 30.646930694580078, -3.384952068328857 ], [ 30.647579193115291, -3.384340047836304 ], [ 30.648691177368448, -3.384291887283325 ], [ 30.650014877319506, -3.384361982345581 ], [ 30.651613235473803, -3.384383916854858 ], [ 30.652406692505053, -3.384409904479753 ], [ 30.65300559997587, -3.384430885314714 ], [ 30.65789794921875, -3.384661912918091 ], [ 30.659591674804858, -3.384989023208504 ], [ 30.661514282226733, -3.386071920394897 ], [ 30.665157318115519, -3.387339115142709 ], [ 30.669586181640852, -3.38971209526062 ], [ 30.670444488525618, -3.39039301872242 ], [ 30.670398712158203, -3.391380071639958 ], [ 30.670906066894588, -3.392076969146729 ], [ 30.671693801879883, -3.39158391952509 ], [ 30.672691345215128, -3.391841888427507 ], [ 30.674198150634936, -3.392570018768254 ], [ 30.674987792969034, -3.393604040145647 ], [ 30.675336837768668, -3.395039081573486 ], [ 30.675962448120288, -3.395555973052751 ], [ 30.676174163818587, -3.395925045013428 ], [ 30.676286697387752, -3.396121025085336 ], [ 30.677772521972713, -3.397624015808105 ], [ 30.678144454956112, -3.398518085479736 ], [ 30.678096771240291, -3.39915299415577 ], [ 30.677194595337085, -3.403011083602735 ], [ 30.676475524902401, -3.403904914855843 ], [ 30.675201416015568, -3.405091047286874 ], [ 30.674526214599723, -3.405718088150024 ], [ 30.673971176147745, -3.407176017761003 ], [ 30.673324584961108, -3.407931089401245 ], [ 30.67302131652832, -3.408587932586613 ], [ 30.673765182495401, -3.410280942916756 ], [ 30.674276351928768, -3.412468910217058 ], [ 30.674276351928768, -3.413809061050301 ], [ 30.673603057861499, -3.414938926696777 ], [ 30.672468185424918, -3.41665506362915 ], [ 30.67235183715843, -3.417102098464966 ], [ 30.672504425048828, -3.418565034866333 ], [ 30.671972274780273, -3.419483900070077 ], [ 30.669956207275334, -3.421672105789185 ], [ 30.668680191040266, -3.422801971435376 ], [ 30.667194366455135, -3.423038959502946 ], [ 30.666360855102596, -3.423274993896371 ], [ 30.664646148681811, -3.425863027572632 ], [ 30.662885665893612, -3.428687095641976 ], [ 30.662490844726562, -3.430263042449724 ], [ 30.662145614624308, -3.430990934371721 ], [ 30.6616344451906, -3.431440114974862 ], [ 30.661602020263842, -3.431705951690674 ], [ 30.66098976135271, -3.432446956634521 ], [ 30.660169601440487, -3.432406902313232 ], [ 30.658752441406534, -3.433325052261296 ], [ 30.658128738403491, -3.433819055557137 ], [ 30.657735824585018, -3.434148073196411 ], [ 30.656133651733398, -3.434998035430908 ], [ 30.655839920044116, -3.435168027877694 ], [ 30.655647277832088, -3.435278892517033 ], [ 30.655323028564453, -3.436361074447632 ], [ 30.654373168945597, -3.437160968780404 ], [ 30.653388977050838, -3.437994956970101 ], [ 30.652982711792276, -3.438338994979745 ], [ 30.651962280273608, -3.439421892166024 ], [ 30.651590347290153, -3.440455913543701 ], [ 30.650571823120288, -3.44156289100647 ], [ 30.649549484253214, -3.442387104034424 ], [ 30.647859573364315, -3.442575931549072 ], [ 30.646467208862532, -3.442742109298479 ], [ 30.645053863525447, -3.443166017532349 ], [ 30.644010543823526, -3.444272041320801 ], [ 30.640346527099894, -3.446933984756356 ], [ 30.639373779297046, -3.447474002838078 ], [ 30.639141082763729, -3.448226928710824 ], [ 30.639163970947493, -3.449708938598519 ], [ 30.638401031494368, -3.451143980026075 ], [ 30.63765907287609, -3.451545000076237 ], [ 30.637445449829386, -3.452486991882211 ], [ 30.63725662231468, -3.453663110732862 ], [ 30.635633468628214, -3.454627990722656 ], [ 30.634149551391658, -3.455169916152954 ], [ 30.633316040039119, -3.456417083740121 ], [ 30.632690429687671, -3.456700086593628 ], [ 30.631971359253157, -3.456748008728027 ], [ 30.631088256836222, -3.457406044006234 ], [ 30.629026412964038, -3.459572076797315 ], [ 30.62602615356451, -3.461159944534074 ], [ 30.623291015625284, -3.462620019912606 ], [ 30.622386932373274, -3.464195966720354 ], [ 30.62194633483881, -3.464478969573861 ], [ 30.620277404785099, -3.464644908905029 ], [ 30.619720458984546, -3.465069055557137 ], [ 30.618770599365291, -3.466386079788208 ], [ 30.618144989013672, -3.466622114181519 ], [ 30.617450714111612, -3.466614961624032 ], [ 30.615987777710245, -3.466599941253662 ], [ 30.615295410156364, -3.466734886169434 ], [ 30.613693237304744, -3.46704792976368 ], [ 30.611846923828409, -3.467380046844369 ], [ 30.609666824340991, -3.467757940292245 ], [ 30.60449600219755, -3.469455003738403 ], [ 30.602388381957951, -3.470844030380078 ], [ 30.597957611084041, -3.472915887832642 ], [ 30.597717285156534, -3.473329067230111 ], [ 30.597448348999251, -3.473788976669312 ], [ 30.597127914428825, -3.474530935287362 ], [ 30.59696197509794, -3.474916934967041 ], [ 30.596103668213175, -3.475481986999398 ], [ 30.594806671142521, -3.476094961166382 ], [ 30.592742919921932, -3.477719068527222 ], [ 30.591259002685604, -3.479224920272827 ], [ 30.590124130249194, -3.480307102203142 ], [ 30.589429855346907, -3.480802059173584 ], [ 30.587968826294002, -3.481203079223633 ], [ 30.586090087890909, -3.482590913772526 ], [ 30.585300445556811, -3.48301696777321 ], [ 30.58463096618658, -3.484227895736694 ], [ 30.583810806274641, -3.484803915023804 ], [ 30.581586837768612, -3.485441923141366 ], [ 30.580886840820369, -3.48577094078064 ], [ 30.580287933349894, -3.486053943633976 ], [ 30.579359054565714, -3.486149072646867 ], [ 30.578014373779411, -3.487184047698975 ], [ 30.575904846191463, -3.488055944442749 ], [ 30.574375152588175, -3.488645076751538 ], [ 30.57249641418457, -3.489093065261841 ], [ 30.5697154998781, -3.489682912826311 ], [ 30.568347930908203, -3.490295886993295 ], [ 30.567026138305891, -3.491543054580688 ], [ 30.566051483154467, -3.492343902587891 ], [ 30.565587997436751, -3.493072032928353 ], [ 30.564706802368221, -3.494484901427995 ], [ 30.563953399658374, -3.494592905044556 ], [ 30.562723159789982, -3.494712114334106 ], [ 30.561286926269815, -3.495111942291146 ], [ 30.560544967651538, -3.495043992996216 ], [ 30.558134078979549, -3.49619698524458 ], [ 30.556602478027514, -3.496669054031372 ], [ 30.555049896240462, -3.49683308601368 ], [ 30.553611755371151, -3.496645927429086 ], [ 30.551340103149414, -3.497869968414193 ], [ 30.548767089843921, -3.498084068298226 ], [ 30.545938491821232, -3.498980045318604 ], [ 30.545103073120288, -3.499192953109684 ], [ 30.543897628784464, -3.499922990798723 ], [ 30.542297363281421, -3.50091195106495 ], [ 30.540233612060831, -3.502041101455518 ], [ 30.539299011230526, -3.502258062362671 ], [ 30.538703918457031, -3.502397060394287 ], [ 30.537776947021428, -3.50235009193409 ], [ 30.5369873046875, -3.502749919891244 ], [ 30.535297393798771, -3.503739118575879 ], [ 30.534206390380859, -3.505222082138062 ], [ 30.532421112060661, -3.507833957671949 ], [ 30.531913757324503, -3.508337020873796 ], [ 30.531564712524471, -3.508681058883496 ], [ 30.530105590820312, -3.508918046951067 ], [ 30.527578353881836, -3.510118007659912 ], [ 30.525629043579329, -3.512141942977678 ], [ 30.524494171142578, -3.51357793807972 ], [ 30.523914337158203, -3.515202045440674 ], [ 30.523521423340128, -3.517412900924683 ], [ 30.52254867553728, -3.519742012023926 ], [ 30.522201538086222, -3.520988941192513 ], [ 30.520879745483569, -3.521790027618408 ], [ 30.519395828247355, -3.524025917053223 ], [ 30.518444061279354, -3.525201082229614 ], [ 30.517494201660327, -3.526802062988168 ], [ 30.516592025756893, -3.528143882751465 ], [ 30.515409469604549, -3.529320001601945 ], [ 30.514387130737475, -3.529885053634644 ], [ 30.511907577514819, -3.530333995818864 ], [ 30.511074066162053, -3.530616998672372 ], [ 30.510679244995174, -3.52932500839222 ], [ 30.510980606079386, -3.528124094009229 ], [ 30.511236190796126, -3.52734899520874 ], [ 30.511327743530444, -3.525607109069824 ], [ 30.510862350463924, -3.52332592010481 ], [ 30.510705947875977, -3.52312493324257 ], [ 30.510437011718921, -3.522779941558838 ], [ 30.509912490844897, -3.522102117538452 ], [ 30.509128570556925, -3.521552085876465 ], [ 30.507940292358398, -3.520715951919442 ], [ 30.506525039672908, -3.519870996475163 ], [ 30.505689620971737, -3.519613027572632 ], [ 30.504344940185831, -3.519753932952881 ], [ 30.502998352050952, -3.518722057342529 ], [ 30.501583099365405, -3.517874002456665 ], [ 30.500703811645792, -3.517452955245972 ], [ 30.50031852722168, -3.517182111739999 ], [ 30.499748229980639, -3.517668962478524 ], [ 30.498495101928995, -3.5176389217375 ], [ 30.496957778930835, -3.51806902885437 ], [ 30.496507644653605, -3.518563985824585 ], [ 30.496047973633097, -3.519071102142277 ], [ 30.494993209838924, -3.520243883132821 ], [ 30.493000030517749, -3.520759105682316 ], [ 30.492145538330362, -3.520586013793945 ], [ 30.491834640503214, -3.521245002746412 ], [ 30.492259979248047, -3.52193188667286 ], [ 30.491975784301928, -3.522559881210213 ], [ 30.490722656250284, -3.52313303947426 ], [ 30.490211486816577, -3.523619890213013 ], [ 30.489217758178881, -3.52757906913746 ], [ 30.48909950256342, -3.528053045272827 ], [ 30.485826492309855, -3.529541015625 ], [ 30.484714508056925, -3.530169963836556 ], [ 30.484058380126953, -3.531543016433716 ], [ 30.483064651489315, -3.533288002014103 ], [ 30.481355667114315, -3.533859968185425 ], [ 30.48087120056158, -3.534346103668042 ], [ 30.480615615844954, -3.535346984863224 ], [ 30.479646682739315, -3.536633968353271 ], [ 30.478052139282397, -3.53766393661482 ], [ 30.476428985595703, -3.53800797462452 ], [ 30.475631713867244, -3.538321971893197 ], [ 30.473524093628214, -3.539351940155029 ], [ 30.471588134765682, -3.539982080459595 ], [ 30.470876693725529, -3.541009902953931 ], [ 30.469821929931925, -3.542954921722298 ], [ 30.468769073486499, -3.5450439453125 ], [ 30.466663360595874, -3.547816991805917 ], [ 30.465837478637866, -3.549077033996582 ], [ 30.465354919433878, -3.549525976180803 ], [ 30.465068817138956, -3.54979205131508 ], [ 30.462390899658487, -3.551537036895752 ], [ 30.461309432983683, -3.552510023116838 ], [ 30.461280822753963, -3.554025888442993 ], [ 30.461790084838867, -3.554972887039071 ], [ 30.461849212646598, -3.555083036422729 ], [ 30.461906433105753, -3.555913925170842 ], [ 30.461479187011776, -3.556485891342163 ], [ 30.459287643432788, -3.55745792388916 ], [ 30.458463668823356, -3.557315111160278 ], [ 30.45752143859869, -3.558430910110246 ], [ 30.456384658813533, -3.559231996536255 ], [ 30.454561233520621, -3.559776067733765 ], [ 30.453052520752237, -3.56046199798584 ], [ 30.453451156616268, -3.561263084411564 ], [ 30.453165054321346, -3.56194806098938 ], [ 30.452682495117188, -3.562578916549569 ], [ 30.450689315796069, -3.563208103179818 ], [ 30.450546264648608, -3.563694000243913 ], [ 30.450004577636719, -3.564580917358398 ], [ 30.449434280395678, -3.565753936767464 ], [ 30.448667526245345, -3.565753936767464 ], [ 30.44880867004423, -3.566582918167114 ], [ 30.447755813598633, -3.567698955535775 ], [ 30.447193145752124, -3.568274974822884 ], [ 30.446058273315714, -3.568080902099382 ], [ 30.446750640869425, -3.568582057952881 ], [ 30.446805953979776, -3.569334030151197 ], [ 30.447488784790323, -3.57039999961853 ], [ 30.447553634643839, -3.570503950118962 ], [ 30.447719573974894, -3.571476936340332 ], [ 30.448440551757983, -3.573035001754704 ], [ 30.447969436645565, -3.573815107345581 ], [ 30.44843864440918, -3.574594020843449 ], [ 30.448274612426701, -3.57515096664423 ], [ 30.449077606201286, -3.57604098319996 ], [ 30.45051765441923, -3.576904058456307 ], [ 30.451791763305721, -3.577016115188599 ], [ 30.452512741089151, -3.577126979827881 ], [ 30.452678680420206, -3.576458930969125 ], [ 30.451986312866325, -3.57551193237299 ], [ 30.451875686645792, -3.57476091384882 ], [ 30.452596664428881, -3.574425935745182 ], [ 30.455623626708984, -3.575051069259644 ], [ 30.455698013305778, -3.575067043304443 ], [ 30.45652961730957, -3.575567960738908 ], [ 30.456779479980753, -3.576486110687199 ], [ 30.456918716430664, -3.577433109283447 ], [ 30.456472396850643, -3.577989101409912 ], [ 30.457138061523722, -3.578351020812988 ], [ 30.457277297973803, -3.579185962676775 ], [ 30.456502914428768, -3.580492973327637 ], [ 30.455364227295036, -3.581273078918343 ], [ 30.456502914428768, -3.582276105880624 ], [ 30.457195281982479, -3.583444118499699 ], [ 30.455976486206339, -3.584335088729631 ], [ 30.455062866211222, -3.584975004195996 ], [ 30.454839706421012, -3.585253000259172 ], [ 30.455450057983569, -3.586116075515747 ], [ 30.455615997314624, -3.587007045745736 ], [ 30.454978942871151, -3.587590932845899 ], [ 30.45420265197771, -3.587896108627319 ], [ 30.454839706421012, -3.589315891265642 ], [ 30.454397201538313, -3.589817047119084 ], [ 30.453037261963175, -3.588926076888868 ], [ 30.452291488647688, -3.589037895202409 ], [ 30.450822830200195, -3.59162688255293 ], [ 30.451044082641658, -3.592489957809391 ], [ 30.451599121093807, -3.593045949935913 ], [ 30.452373504638842, -3.592989921569824 ], [ 30.453842163085994, -3.591430902480965 ], [ 30.454450607300089, -3.591264963149797 ], [ 30.458024978637866, -3.593406915664445 ], [ 30.458042144775504, -3.594321012496778 ], [ 30.45805549621582, -3.594995975494271 ], [ 30.457803726196403, -3.595746040344238 ], [ 30.456472396850643, -3.596609115600415 ], [ 30.456003189086971, -3.596720933913957 ], [ 30.456695556640682, -3.597332954406738 ], [ 30.457029342651424, -3.59853005409235 ], [ 30.456502914428768, -3.600560903549024 ], [ 30.456447601318587, -3.600708961486816 ], [ 30.456224441528377, -3.60131311416626 ], [ 30.455865859985636, -3.602231025695801 ], [ 30.455865859985636, -3.602926969528085 ], [ 30.456472396850643, -3.604320049285775 ], [ 30.456945419311637, -3.605196952819824 ], [ 30.45705604553217, -3.605403900146484 ], [ 30.457084655761776, -3.606349945068246 ], [ 30.455642700195597, -3.607630014419385 ], [ 30.455089569091854, -3.607881069183179 ], [ 30.453815460205362, -3.607991933822632 ], [ 30.452955245971623, -3.608299016952401 ], [ 30.451654434204386, -3.608242988586426 ], [ 30.45163726806669, -3.608597040176278 ], [ 30.451625823974609, -3.608855009078979 ], [ 30.452568054199503, -3.609411954879647 ], [ 30.4530677795413, -3.610191106796151 ], [ 30.453010559082202, -3.610665082931519 ], [ 30.451599121093807, -3.610970020294076 ], [ 30.451404571533374, -3.611721992492676 ], [ 30.451625823974609, -3.612556934356576 ], [ 30.451265335083065, -3.613141059875375 ], [ 30.45051765441923, -3.613531112670785 ], [ 30.44996452331543, -3.613197088241407 ], [ 30.449825286865519, -3.613976001739388 ], [ 30.449077606201286, -3.614142894744759 ], [ 30.448356628418026, -3.613892078399545 ], [ 30.448080062866268, -3.61354207992531 ], [ 30.447719573974894, -3.613085031509399 ], [ 30.447719573974894, -3.612780094146615 ], [ 30.447969436645565, -3.612112045287972 ], [ 30.447221755981502, -3.61211109161377 ], [ 30.447025299072436, -3.612724065780469 ], [ 30.447109222412166, -3.613753080367985 ], [ 30.447137832641545, -3.614310026168823 ], [ 30.44741439819353, -3.614839076995793 ], [ 30.447692871093921, -3.615674018859863 ], [ 30.446140289306868, -3.616369962692147 ], [ 30.445697784423999, -3.617511034011613 ], [ 30.444894790649414, -3.617789030074846 ], [ 30.444423675537337, -3.618484973907471 ], [ 30.443950653076342, -3.618762016296216 ], [ 30.444229125976506, -3.619263887405396 ], [ 30.443675994873104, -3.619710922241211 ], [ 30.442649841308878, -3.620016098022347 ], [ 30.442041397094727, -3.620795011520386 ], [ 30.44104385376005, -3.621380090713274 ], [ 30.439962387085075, -3.62104606628418 ], [ 30.438716888427791, -3.62029409408558 ], [ 30.437744140624943, -3.61990404129017 ], [ 30.437025070190487, -3.620155096053963 ], [ 30.43597221374506, -3.620767116546517 ], [ 30.435087203979492, -3.621185064315796 ], [ 30.434505462646712, -3.621992111206055 ], [ 30.433839797973633, -3.622131109237444 ], [ 30.433979034424112, -3.622881889343262 ], [ 30.433258056640682, -3.623271942138615 ], [ 30.431762695312557, -3.622966051101571 ], [ 30.430099487304801, -3.624634981155282 ], [ 30.429794311523438, -3.625525951385498 ], [ 30.42963790893549, -3.625808000564348 ], [ 30.429546356201399, -3.62597107887251 ], [ 30.430376052856616, -3.626250028610173 ], [ 30.430570602417049, -3.627028942108041 ], [ 30.431373596191463, -3.627530097961312 ], [ 30.432178497314453, -3.627640962600651 ], [ 30.43270492553728, -3.62725210189808 ], [ 30.433452606201115, -3.627194881439209 ], [ 30.433811187744254, -3.627835988998243 ], [ 30.433868408203409, -3.629951000213623 ], [ 30.433534622192667, -3.630731105804443 ], [ 30.433479309082088, -3.631788015365487 ], [ 30.433036804199219, -3.632930040359327 ], [ 30.432317733764933, -3.633904933929443 ], [ 30.431678771972827, -3.634238004684448 ], [ 30.431152343750057, -3.633986949920541 ], [ 30.430793762207259, -3.63473892211897 ], [ 30.429851531982592, -3.634321928024292 ], [ 30.429805755615348, -3.634927988052368 ], [ 30.429767608642862, -3.63543510437006 ], [ 30.43068122863798, -3.635572910308724 ], [ 30.431013107299748, -3.63601899147011 ], [ 30.431234359741381, -3.636632919311296 ], [ 30.430597305297852, -3.637439012527295 ], [ 30.428743362426985, -3.637689113616943 ], [ 30.427967071533203, -3.637744903564453 ], [ 30.427495956421126, -3.638273954391479 ], [ 30.427356719970874, -3.638968944549561 ], [ 30.427911758423022, -3.640361070632821 ], [ 30.428161621094034, -3.640973091125375 ], [ 30.428104400634709, -3.641669034957886 ], [ 30.427024841308878, -3.641891002654916 ], [ 30.425363540649698, -3.640888929367009 ], [ 30.424144744873217, -3.640415906906128 ], [ 30.423700332641772, -3.641028881072771 ], [ 30.423145294189396, -3.641446113586198 ], [ 30.42223167419445, -3.641251087188607 ], [ 30.422647476196346, -3.642113924026489 ], [ 30.422620773315373, -3.643506050109693 ], [ 30.42227935791027, -3.644392967224121 ], [ 30.422010421753214, -3.645092010498047 ], [ 30.421676635742472, -3.646151065826189 ], [ 30.420875549316634, -3.646985054016 ], [ 30.421455383300838, -3.647763967513924 ], [ 30.420791625976733, -3.648961067199707 ], [ 30.420652389526424, -3.649878978729248 ], [ 30.420097351074276, -3.650434970855656 ], [ 30.420875549316634, -3.651103019714355 ], [ 30.421012878417969, -3.651604890823137 ], [ 30.420488357543945, -3.651940107345411 ], [ 30.419784545898722, -3.652400970458871 ], [ 30.420320510864315, -3.6539430618285 ], [ 30.419406890869197, -3.654665946960336 ], [ 30.418186187744084, -3.654944896697828 ], [ 30.416219711303768, -3.653719902038461 ], [ 30.416048049926701, -3.654212951660043 ], [ 30.416276931762866, -3.655474901199227 ], [ 30.416303634643839, -3.656781911849862 ], [ 30.415943145752124, -3.657393932342359 ], [ 30.415943145752124, -3.658284902572575 ], [ 30.416164398193416, -3.659203052520752 ], [ 30.416967391967773, -3.660567045211678 ], [ 30.415609359741381, -3.661708116531372 ], [ 30.415195465087891, -3.663182973861581 ], [ 30.415805816650447, -3.663907051086426 ], [ 30.41533470153837, -3.664490938186532 ], [ 30.415388107299975, -3.665076017379761 ], [ 30.416219711303768, -3.665297985076904 ], [ 30.415971755981502, -3.666270971298104 ], [ 30.4154701232913, -3.666327953338396 ], [ 30.413007736206282, -3.666493892669678 ], [ 30.412229537963924, -3.666551113128548 ], [ 30.411401748657283, -3.667690992355347 ], [ 30.41040229797369, -3.667135000228825 ], [ 30.410070419311694, -3.668469905853158 ], [ 30.409349441528434, -3.670028924942017 ], [ 30.409072875976847, -3.670475006103345 ], [ 30.408462524414119, -3.671143054962158 ], [ 30.40874099731451, -3.671921014785653 ], [ 30.409378051757812, -3.672272920608464 ], [ 30.40959739685087, -3.672394990920793 ], [ 30.410015106201342, -3.672951936721802 ], [ 30.410182952880803, -3.673954010009652 ], [ 30.411066055297965, -3.674010992049944 ], [ 30.411359786987418, -3.674577951431104 ], [ 30.411483764648438, -3.674817085265943 ], [ 30.411981582641886, -3.675040960311776 ], [ 30.412008285522461, -3.676013946533146 ], [ 30.411926269531307, -3.677265882491952 ], [ 30.411149978637695, -3.67860102653492 ], [ 30.40959739685087, -3.678936004638672 ], [ 30.408712387085131, -3.680188894271737 ], [ 30.407688140869254, -3.680047988891602 ], [ 30.406663894653605, -3.679187059402409 ], [ 30.406402587890909, -3.679327011108171 ], [ 30.405582427978629, -3.679769992828369 ], [ 30.405637741088981, -3.680329084396135 ], [ 30.408657073974553, -3.683278083801099 ], [ 30.409349441528434, -3.684752941131592 ], [ 30.409709930420149, -3.686674118041765 ], [ 30.408990859985295, -3.688231945037614 ], [ 30.40832328796381, -3.688565015792676 ], [ 30.407743453979435, -3.687870025634652 ], [ 30.407131195068303, -3.687033891677629 ], [ 30.406192779541186, -3.686366081237793 ], [ 30.40513992309593, -3.68661904335022 ], [ 30.404829025268839, -3.687417984008789 ], [ 30.404750823974837, -3.687618970870915 ], [ 30.404308319091967, -3.688538074493238 ], [ 30.403532028198356, -3.688594102859497 ], [ 30.40331077575712, -3.689066886901855 ], [ 30.403781890869197, -3.689873933792001 ], [ 30.402950286865405, -3.690596103667986 ], [ 30.402950286865405, -3.69112491607649 ], [ 30.403532028198356, -3.69168305397011 ], [ 30.403753280639819, -3.693269014358521 ], [ 30.40303230285673, -3.694576978683415 ], [ 30.402645111084041, -3.695801973342896 ], [ 30.40123176574707, -3.696805000305176 ], [ 30.400594711303768, -3.698139905929452 ], [ 30.400041580200366, -3.699003934860059 ], [ 30.40084457397478, -3.699976921081429 ], [ 30.400234222412394, -3.700644969940072 ], [ 30.399293899536303, -3.700339078903028 ], [ 30.398019790649471, -3.700505971908399 ], [ 30.397548675537394, -3.701118946075439 ], [ 30.398767471313533, -3.701898097991943 ], [ 30.398933410644759, -3.702843904495126 ], [ 30.398767471313533, -3.703428030013924 ], [ 30.397575378418026, -3.705044031143075 ], [ 30.39671707153326, -3.705126047134229 ], [ 30.394233703613395, -3.704530954360905 ], [ 30.393808364868221, -3.704430103301888 ], [ 30.392644882202433, -3.70582199096657 ], [ 30.391702651977596, -3.705626964569092 ], [ 30.390981674194506, -3.70484805107111 ], [ 30.390483856201456, -3.705460071563721 ], [ 30.391618728637809, -3.706629991531372 ], [ 30.392089843750057, -3.708215951919556 ], [ 30.392007827758732, -3.708717107772713 ], [ 30.391397476196573, -3.709134101867676 ], [ 30.391342163086222, -3.709969043731519 ], [ 30.391120910644759, -3.710690975188982 ], [ 30.390401840210131, -3.711250066757202 ], [ 30.389705657959041, -3.712491035461198 ], [ 30.389513015747184, -3.712835073471012 ], [ 30.389125823974666, -3.713308095932007 ], [ 30.387462615966911, -3.713670015335083 ], [ 30.387020111084212, -3.714309930801335 ], [ 30.388681411743391, -3.714338064193555 ], [ 30.38890457153326, -3.715063095092717 ], [ 30.389707565307674, -3.714477062225228 ], [ 30.390537261962834, -3.714589118957292 ], [ 30.391002655029354, -3.715076923370248 ], [ 30.391120910644759, -3.715200901031267 ], [ 30.391424179077205, -3.715953111648446 ], [ 30.391874313354776, -3.716116905212402 ], [ 30.392034530639705, -3.716175079345703 ], [ 30.392034530639705, -3.718458890914746 ], [ 30.391775131225586, -3.718559980392342 ], [ 30.391525268554972, -3.718657970428239 ], [ 30.389623641967717, -3.719403982162476 ], [ 30.389125823974666, -3.720266103744507 ], [ 30.389263153076172, -3.722187042236271 ], [ 30.389596939086914, -3.724385976791154 ], [ 30.389905929565487, -3.724756956100293 ], [ 30.390317916870174, -3.725248098373299 ], [ 30.390621185302791, -3.726166963577271 ], [ 30.39095687866228, -3.726571083068677 ], [ 30.391036987304858, -3.726667881011849 ], [ 30.390705108642692, -3.727586984634399 ], [ 30.390815734863224, -3.728169918060189 ], [ 30.39159011840843, -3.728171110153198 ], [ 30.39231109619169, -3.727947950362989 ], [ 30.392755508422965, -3.728087902069035 ], [ 30.39325141906744, -3.729090929031145 ], [ 30.394222259521484, -3.729813098907414 ], [ 30.394916534423771, -3.729897022247144 ], [ 30.395334243774471, -3.729723930358773 ], [ 30.395856857299862, -3.729506969451904 ], [ 30.396268844604776, -3.729545116424447 ], [ 30.396467208862589, -3.729562997817879 ], [ 30.398323059082031, -3.731093883514404 ], [ 30.398628234863395, -3.731843948364087 ], [ 30.398405075073185, -3.732985973358041 ], [ 30.39837837219244, -3.734515905380192 ], [ 30.399070739746094, -3.735044002532959 ], [ 30.399488449096964, -3.735908031463566 ], [ 30.39940261840826, -3.73743891715992 ], [ 30.398599624634016, -3.73757791519148 ], [ 30.398101806640796, -3.737272024154549 ], [ 30.398073196411417, -3.737387895583879 ], [ 30.398031234741381, -3.737561941146737 ], [ 30.397686004638729, -3.738996982574463 ], [ 30.397907257080135, -3.739496946334725 ], [ 30.398738861083928, -3.739887952804565 ], [ 30.398931503296183, -3.740179061889535 ], [ 30.398986816406534, -3.740335941314584 ], [ 30.399126052856445, -3.74097204208374 ], [ 30.39925575256342, -3.741116046905404 ], [ 30.401121139526367, -3.743200063705217 ], [ 30.400899887085131, -3.744035005569344 ], [ 30.400310516357422, -3.74418306350708 ], [ 30.400234222412394, -3.744201898574715 ], [ 30.400455474853459, -3.744842052459603 ], [ 30.40084457397478, -3.745213985442888 ], [ 30.401065826416186, -3.745428085327035 ], [ 30.400981903076456, -3.746139049529916 ], [ 30.400955200195483, -3.746372938156128 ], [ 30.401088714599609, -3.74644398689253 ], [ 30.402147293090991, -3.747013092040902 ], [ 30.40195274353033, -3.748739004135132 ], [ 30.403005599975756, -3.749881029128801 ], [ 30.403587341308707, -3.751159906387215 ], [ 30.404336929321346, -3.751966953277588 ], [ 30.404722213745288, -3.752830028533936 ], [ 30.404888153076172, -3.753498077392464 ], [ 30.405221939086914, -3.754833936691284 ], [ 30.404777526855639, -3.755695104598999 ], [ 30.404336929321346, -3.755975961685067 ], [ 30.404695510864315, -3.756558895110913 ], [ 30.404390335083121, -3.757782936096135 ], [ 30.404129028320597, -3.758171081542855 ], [ 30.404056549072379, -3.758276939391976 ], [ 30.403919219970874, -3.758480072021484 ], [ 30.404169082641886, -3.75920295715332 ], [ 30.40452957153326, -3.761374950408765 ], [ 30.40555381774908, -3.761540889739877 ], [ 30.406053543090877, -3.762320995330811 ], [ 30.406141281128157, -3.762527942657471 ], [ 30.406217575073185, -3.762710094451734 ], [ 30.407382965087891, -3.763044118881226 ], [ 30.408020019531421, -3.763405084609985 ], [ 30.408351898193416, -3.763794898986646 ], [ 30.40854644775402, -3.764211893081665 ], [ 30.409570693969897, -3.76413011550892 ], [ 30.409959793090991, -3.764992952346631 ], [ 30.410329818725813, -3.76586198806757 ], [ 30.410375595093058, -3.765966892242432 ], [ 30.410568237304915, -3.766468048095589 ], [ 30.409488677978572, -3.768500089645386 ], [ 30.409265518188533, -3.770086050033456 ], [ 30.409349441528434, -3.771589994430485 ], [ 30.409322738647461, -3.772341012954655 ], [ 30.408878326416186, -3.773648023605347 ], [ 30.41029167175293, -3.774148941039925 ], [ 30.4102077484132, -3.775122880935498 ], [ 30.410152435303019, -3.777183055877629 ], [ 30.410423278808878, -3.778594970703125 ], [ 30.410541534423942, -3.779215097427368 ], [ 30.411066055297965, -3.780857086181527 ], [ 30.410734176635799, -3.781913995742627 ], [ 30.410375595093058, -3.783056020736581 ], [ 30.410375595093058, -3.784392118453752 ], [ 30.409738540649528, -3.785226106643563 ], [ 30.408767700195483, -3.786035060882341 ], [ 30.407604217529354, -3.78711891174305 ], [ 30.406274795532511, -3.787147045135384 ], [ 30.406242370605753, -3.7875878810882 ], [ 30.406217575073185, -3.787925958633252 ], [ 30.40555381774908, -3.788038015365601 ], [ 30.406108856201229, -3.789123058319035 ], [ 30.404916763305721, -3.790041923522779 ], [ 30.40513992309593, -3.791656017303467 ], [ 30.404695510864315, -3.793047904968148 ], [ 30.404668807983683, -3.793659925460645 ], [ 30.403081893921126, -3.793636083602735 ], [ 30.402784347534123, -3.793631076812744 ], [ 30.402257919311694, -3.794020891189575 ], [ 30.4018688201906, -3.794688940048161 ], [ 30.401842117309798, -3.795634984969922 ], [ 30.40159034729021, -3.795939922332764 ], [ 30.401010513305835, -3.796303033828735 ], [ 30.40012359619169, -3.796220064163208 ], [ 30.399099349975643, -3.795579910278093 ], [ 30.398950576782283, -3.795713901519662 ], [ 30.398574829101619, -3.796053886413517 ], [ 30.398212432861328, -3.797027111053467 ], [ 30.397851943969783, -3.797638893127441 ], [ 30.396799087524585, -3.797723054885751 ], [ 30.396329879760913, -3.797027111053467 ], [ 30.396413803100813, -3.796108961105347 ], [ 30.395107269287053, -3.79600191116333 ], [ 30.394470214843921, -3.795541048049813 ], [ 30.394260406494368, -3.794688940048161 ], [ 30.39454269409174, -3.79401707649231 ], [ 30.396238327026424, -3.793697118758928 ], [ 30.3961315155031, -3.792387008666992 ], [ 30.3961315155031, -3.790932893752881 ], [ 30.39482498168951, -3.79072093963623 ], [ 30.39369392395048, -3.791996955871412 ], [ 30.392425537109432, -3.792565107345467 ], [ 30.391401290893555, -3.79231595993042 ], [ 30.390977859497298, -3.791323900222778 ], [ 30.391042709350643, -3.790919065475464 ], [ 30.391153335571346, -3.790224075317383 ], [ 30.390590667724609, -3.789764881134033 ], [ 30.390483856201456, -3.789091110229322 ], [ 30.38889312744152, -3.789197921752816 ], [ 30.386705398559741, -3.788984060287476 ], [ 30.385541915893782, -3.788134098052979 ], [ 30.384763717651424, -3.785866975784302 ], [ 30.385400772094727, -3.7853710651396 ], [ 30.384729385376261, -3.784945011138916 ], [ 30.384687423706225, -3.784878015518132 ], [ 30.38405990600603, -3.783880949020215 ], [ 30.383846282959098, -3.782500028610116 ], [ 30.384128570556697, -3.781757116317635 ], [ 30.385683059692667, -3.780975103378239 ], [ 30.385999679565373, -3.780515909194946 ], [ 30.385858535766886, -3.780091047286987 ], [ 30.385540008545206, -3.77983903884865 ], [ 30.384023666381893, -3.778636932373047 ], [ 30.383172988891658, -3.778620958328247 ], [ 30.382255554199389, -3.778603076934814 ], [ 30.381164550781307, -3.779062986373788 ], [ 30.380281448364315, -3.778848886489641 ], [ 30.379928588867301, -3.778034925460815 ], [ 30.380105972290266, -3.776829957961922 ], [ 30.37883377075201, -3.77732610702509 ], [ 30.378219604492301, -3.776990890502816 ], [ 30.375904083251953, -3.775732040405273 ], [ 30.375303268432731, -3.776192903518677 ], [ 30.374280929565657, -3.776298999786263 ], [ 30.371845245361271, -3.77555489540083 ], [ 30.366973876953068, -3.775589942931958 ], [ 30.36485671997076, -3.777148962020874 ], [ 30.363409042358626, -3.77739691734314 ], [ 30.362386703491381, -3.777682065963575 ], [ 30.361923217773494, -3.778098106384277 ], [ 30.361679077148608, -3.778317928314095 ], [ 30.360868453979663, -3.780622005462533 ], [ 30.35994911193859, -3.781436920165902 ], [ 30.359455108642749, -3.781436920165902 ], [ 30.35797309875511, -3.780550956725961 ], [ 30.356771469116495, -3.779700994491577 ], [ 30.356172561645678, -3.779097080230486 ], [ 30.356136322021541, -3.778213024139404 ], [ 30.357231140136832, -3.777432918548584 ], [ 30.357337951660213, -3.776794910430908 ], [ 30.35634803771967, -3.776725053787231 ], [ 30.355537414550724, -3.77562594413746 ], [ 30.354019165039233, -3.776015043258553 ], [ 30.353277206420955, -3.775979042053166 ], [ 30.35186576843256, -3.775731086730843 ], [ 30.350982666015796, -3.775022029876709 ], [ 30.34988975524908, -3.774172067642041 ], [ 30.347488403320597, -3.774172067642041 ], [ 30.347631454468058, -3.774951934814339 ], [ 30.347135543823413, -3.775589942931958 ], [ 30.345617294311523, -3.775875091552734 ], [ 30.34551048278837, -3.7764759063719 ], [ 30.344841003418082, -3.777043104171753 ], [ 30.343994140625057, -3.777113914489632 ], [ 30.34231185913103, -3.777642965316772 ], [ 30.341064453125171, -3.778034925460815 ], [ 30.340711593628157, -3.778764963149911 ], [ 30.340463638305948, -3.779274940490609 ], [ 30.338911056518725, -3.779772043227979 ], [ 30.338840484619084, -3.780586004257202 ], [ 30.337783813476676, -3.7813649177549 ], [ 30.336170196533146, -3.780697345733415 ], [ 30.336370468139933, -3.78317308425892 ], [ 30.335803985595874, -3.784626960754395 ], [ 30.33446311950712, -3.784768104553223 ], [ 30.333404541015568, -3.784449100494271 ], [ 30.332515716553019, -3.785551071166992 ], [ 30.332345962524585, -3.785758972167969 ], [ 30.331251144409293, -3.785689115524178 ], [ 30.330543518066349, -3.784837961196899 ], [ 30.330192565918139, -3.785120964050179 ], [ 30.330530166626033, -3.785415887832642 ], [ 30.330722808837947, -3.785583972930908 ], [ 30.331039428711165, -3.786326885223275 ], [ 30.331392288208178, -3.787636995315552 ], [ 30.331075668334904, -3.788383007049447 ], [ 30.32969856262207, -3.788523912429696 ], [ 30.329381942749194, -3.789161920547315 ], [ 30.328321456909407, -3.789658069610482 ], [ 30.327756881713924, -3.790472984313851 ], [ 30.32835578918457, -3.791006088256609 ], [ 30.328321456909407, -3.792279958724805 ], [ 30.327791213989258, -3.793025016784497 ], [ 30.325321197509936, -3.79401707649231 ], [ 30.324508666992188, -3.795007944107056 ], [ 30.324296951293888, -3.796036005020085 ], [ 30.325426101684684, -3.796674966812077 ], [ 30.325462341308594, -3.797523975372258 ], [ 30.325214385986555, -3.798377037048226 ], [ 30.326063156128214, -3.799333095550537 ], [ 30.326274871826342, -3.80046701431263 ], [ 30.325885772705249, -3.80110502243042 ], [ 30.325109481811808, -3.800997972488176 ], [ 30.324226379394815, -3.800537109375 ], [ 30.323944091796932, -3.800997972488176 ], [ 30.324155807495401, -3.801848888397217 ], [ 30.325426101684684, -3.801918983459416 ], [ 30.326238632202205, -3.802308082580566 ], [ 30.32637977600109, -3.803123950958252 ], [ 30.326026916503906, -3.803690910339355 ], [ 30.324226379394815, -3.804116964340096 ], [ 30.323627471923999, -3.805001974105835 ], [ 30.324544906616495, -3.806066036224252 ], [ 30.324720382690714, -3.806915998458692 ], [ 30.323556900024585, -3.80751895904541 ], [ 30.321720123291186, -3.807020902633553 ], [ 30.321826934814737, -3.807837009429932 ], [ 30.321508407593058, -3.808495998382568 ], [ 30.321191787720011, -3.809149980545044 ], [ 30.321485519409464, -3.809051036834717 ], [ 30.322990417480526, -3.808546066284009 ], [ 30.323698043823242, -3.808687925338688 ], [ 30.32436752319353, -3.809184074401855 ], [ 30.324932098388842, -3.810105085372811 ], [ 30.324615478515739, -3.810708045959473 ], [ 30.324169158935717, -3.811105966567879 ], [ 30.323980331421183, -3.811275005340462 ], [ 30.324050903320426, -3.812056064605542 ], [ 30.323274612426815, -3.812622070312386 ], [ 30.321933746337891, -3.813152074813615 ], [ 30.323202133178995, -3.814109086990356 ], [ 30.32341575622587, -3.815030097961312 ], [ 30.323238372802905, -3.816272020339852 ], [ 30.321685791015852, -3.815563917160034 ], [ 30.321201324462947, -3.81571793556202 ], [ 30.320909500122241, -3.815812110900879 ], [ 30.321050643920955, -3.817014932632333 ], [ 30.320556640625057, -3.818291902542114 ], [ 30.319463729858569, -3.818964004516488 ], [ 30.317237854004077, -3.818823099136239 ], [ 30.317556381225756, -3.819674015045166 ], [ 30.316884994506893, -3.820807933807259 ], [ 30.316850662231559, -3.821657896041813 ], [ 30.317661285400504, -3.823784112930127 ], [ 30.317316055297908, -3.82426095008833 ], [ 30.317096710205021, -3.824563980102482 ], [ 30.315683364868448, -3.823854923248291 ], [ 30.314979553222713, -3.823606967925969 ], [ 30.314556121826229, -3.824209928512573 ], [ 30.315967559814624, -3.824316024780046 ], [ 30.316532135009709, -3.824704885482618 ], [ 30.316488265991438, -3.824800968170052 ], [ 30.31632041931158, -3.825165987014714 ], [ 30.315719604492188, -3.82612299919117 ], [ 30.314313888549975, -3.826217889785653 ], [ 30.314197540283487, -3.82622575759882 ], [ 30.315048217773722, -3.827008962631112 ], [ 30.315261840820597, -3.828071117400896 ], [ 30.315155029296875, -3.829384088516235 ], [ 30.31434440612793, -3.829915046691781 ], [ 30.313072204589901, -3.830019950866699 ], [ 30.31268310546875, -3.830657958984148 ], [ 30.311943054199276, -3.830658912658578 ], [ 30.310813903808821, -3.831614971160889 ], [ 30.309402465820483, -3.831934928893872 ], [ 30.308660507202205, -3.832572937011719 ], [ 30.310283660888672, -3.832679986953565 ], [ 30.310417175293026, -3.832885026931763 ], [ 30.311061859130859, -3.833884000778028 ], [ 30.310708999634073, -3.835302114486581 ], [ 30.31102561950695, -3.836009979248047 ], [ 30.311765670776651, -3.837251901626587 ], [ 30.31201362609886, -3.838740110397339 ], [ 30.31169509887701, -3.839483022689762 ], [ 30.311061859130859, -3.839943885803223 ], [ 30.310920715332202, -3.841468095779419 ], [ 30.309967041015796, -3.842494964599609 ], [ 30.30968284606962, -3.842515945434457 ], [ 30.309013366699389, -3.842566013336182 ], [ 30.308624267578296, -3.843983888625985 ], [ 30.308744430542106, -3.8447229862212 ], [ 30.308837890625171, -3.845294952392578 ], [ 30.308376312255859, -3.845791101455688 ], [ 30.308170318603686, -3.845882892608643 ], [ 30.307495117187671, -3.84618091583252 ], [ 30.306259155273494, -3.84618091583252 ], [ 30.305624008178938, -3.846853971481153 ], [ 30.304988861084041, -3.848555088043213 ], [ 30.304321289062557, -3.849436998367253 ], [ 30.3042125701906, -3.849581956863403 ], [ 30.303152084350643, -3.849477052688599 ], [ 30.302272796630859, -3.850431919097673 ], [ 30.30124855041521, -3.850680112838631 ], [ 30.300870895385799, -3.850302934646379 ], [ 30.300506591796932, -3.849937915802002 ], [ 30.300504684448526, -3.850717067718392 ], [ 30.29962348937994, -3.851707935333195 ], [ 30.298564910888956, -3.85167407989502 ], [ 30.298881530761662, -3.85263109207142 ], [ 30.299446105957145, -3.854792118072453 ], [ 30.299234390259016, -3.856138944625627 ], [ 30.298528671264705, -3.857486009597551 ], [ 30.297716140747127, -3.857875108718872 ], [ 30.297153472900447, -3.858583927154541 ], [ 30.296375274658203, -3.859682083129769 ], [ 30.295387268066463, -3.860037088393938 ], [ 30.293905258178881, -3.861100912094003 ], [ 30.292776107788256, -3.862303972244263 ], [ 30.292070388793888, -3.862730026245004 ], [ 30.291221618652628, -3.862658977508318 ], [ 30.290763854980526, -3.862092018127271 ], [ 30.290374755859432, -3.861347913742065 ], [ 30.290199279785213, -3.860354900360107 ], [ 30.289844512939624, -3.861063957214355 ], [ 30.290056228637752, -3.861561059951782 ], [ 30.290058135986499, -3.862128019332772 ], [ 30.28952789306652, -3.862941980361825 ], [ 30.289117813110579, -3.86282300949091 ], [ 30.288681030273494, -3.862694978713989 ], [ 30.288187026977596, -3.863544940948259 ], [ 30.287265777588118, -3.864310979843083 ], [ 30.287162780761946, -3.864396095275879 ], [ 30.286775588989258, -3.864927053451481 ], [ 30.286703109741268, -3.865741014480591 ], [ 30.285856246948356, -3.866274118423405 ], [ 30.28433990478544, -3.866274118423405 ], [ 30.285116195678881, -3.867124080657732 ], [ 30.28532791137701, -3.867938995361214 ], [ 30.284868240356445, -3.868860960006657 ], [ 30.283773422241154, -3.86914396285988 ], [ 30.283493041992188, -3.869051933288461 ], [ 30.282468795776538, -3.868719100952092 ], [ 30.282398223877124, -3.86942791938759 ], [ 30.282115936279524, -3.869959115982056 ], [ 30.281373977661246, -3.87056207656849 ], [ 30.281267166137752, -3.871198892593384 ], [ 30.280809402465763, -3.871766090392953 ], [ 30.279220581054801, -3.872119903564339 ], [ 30.27971458435087, -3.873609066009294 ], [ 30.279151916504134, -3.874316930770703 ], [ 30.278337478637638, -3.874209880828744 ], [ 30.278137207031421, -3.87407994270302 ], [ 30.277139663696573, -3.873431921005249 ], [ 30.27646827697771, -3.873716115951538 ], [ 30.275798797607479, -3.875556945800668 ], [ 30.274843215942667, -3.876054048538208 ], [ 30.273855209350529, -3.875771045684701 ], [ 30.273502349853572, -3.875061988830396 ], [ 30.273714065552042, -3.874353885650635 ], [ 30.273080825805721, -3.874209880828744 ], [ 30.272689819335994, -3.875097036361694 ], [ 30.272336959839038, -3.876657962798845 ], [ 30.271385192871378, -3.877754926681519 ], [ 30.270572662353686, -3.877754926681519 ], [ 30.269973754882869, -3.877187967300301 ], [ 30.269233703613509, -3.875983953475838 ], [ 30.269010543823299, -3.8758668899535 ], [ 30.268489837646655, -3.875593900680315 ], [ 30.268455505371151, -3.87630200386036 ], [ 30.26739692687994, -3.876797914504778 ], [ 30.266387939453182, -3.877052068710327 ], [ 30.266267776489542, -3.877082109451294 ], [ 30.265878677368448, -3.877790927886906 ], [ 30.266019821167106, -3.880094051360857 ], [ 30.26538467407255, -3.880696058273088 ], [ 30.264820098877067, -3.880589962005615 ], [ 30.264562606811523, -3.880275964736711 ], [ 30.26414871215826, -3.879776000976562 ], [ 30.263513565063477, -3.880165100097656 ], [ 30.262384414672908, -3.880022048950195 ], [ 30.260372161865462, -3.880414009094238 ], [ 30.26075935363798, -3.882148027419987 ], [ 30.261430740356502, -3.88335394859314 ], [ 30.261537551879996, -3.884170055389404 ], [ 30.26058387756359, -3.884418010711556 ], [ 30.25889015197771, -3.884701013565063 ], [ 30.25825309753435, -3.884594917297193 ], [ 30.257476806640739, -3.883884906768571 ], [ 30.256561279297046, -3.883884906768571 ], [ 30.257160186767862, -3.885056972503662 ], [ 30.257724761963175, -3.886969089507943 ], [ 30.257795333862589, -3.888883113861084 ], [ 30.257833480834904, -3.889271020889282 ], [ 30.257865905761832, -3.889591932296639 ], [ 30.25869560241722, -3.889154911041146 ], [ 30.259172439575423, -3.889060974121037 ], [ 30.259258270263956, -3.889130115508806 ], [ 30.25952339172369, -3.889342069625854 ], [ 30.259700775146655, -3.889484882354509 ], [ 30.259807586669979, -3.891114950179826 ], [ 30.260055541992244, -3.891681909560987 ], [ 30.259948730469034, -3.892319917678719 ], [ 30.259099960327205, -3.89309906959511 ], [ 30.258642196655273, -3.894090890884399 ], [ 30.257230758667276, -3.894942998885938 ], [ 30.257654190063704, -3.895651102065983 ], [ 30.257743835449219, -3.896405935287476 ], [ 30.257759094238338, -3.896537065505981 ], [ 30.257089614868221, -3.897104024886971 ], [ 30.255819320678768, -3.896856069564819 ], [ 30.255689620971964, -3.897339105605909 ], [ 30.255571365356502, -3.897778034209978 ], [ 30.255500793457259, -3.899266958236694 ], [ 30.255853652954272, -3.900577068328744 ], [ 30.255218505859546, -3.901463031768628 ], [ 30.255430221557674, -3.902384042739868 ], [ 30.255430221557674, -3.903376102447396 ], [ 30.254547119140852, -3.903836965560856 ], [ 30.253065109252873, -3.904546022415047 ], [ 30.25281906127924, -3.905112981796151 ], [ 30.252960205078296, -3.905855894088575 ], [ 30.25349235534668, -3.906821012496891 ], [ 30.253665924072322, -3.907131910324097 ], [ 30.253347396850643, -3.907912015914803 ], [ 30.252216339111612, -3.907663106918335 ], [ 30.252172470092773, -3.907977104186784 ], [ 30.252147674560604, -3.908159971237183 ], [ 30.252288818359659, -3.908797979354745 ], [ 30.251617431640796, -3.909861087798959 ], [ 30.250911712646428, -3.910568952560425 ], [ 30.251405715942667, -3.911206960677873 ], [ 30.251546859741381, -3.912023067474252 ], [ 30.250699996948299, -3.912625074386483 ], [ 30.251194000244197, -3.913156986236515 ], [ 30.251405715942667, -3.914397001266366 ], [ 30.250669479370174, -3.91613507270813 ], [ 30.250391006469783, -3.916321992874089 ], [ 30.250019073486328, -3.917690992355233 ], [ 30.250110626220987, -3.918842077255249 ], [ 30.249771118164119, -3.9191539287566 ], [ 30.248624801636026, -3.920460939407235 ], [ 30.2475719451906, -3.921175956726017 ], [ 30.246858596801701, -3.920989036560002 ], [ 30.245773315429915, -3.920710086822339 ], [ 30.245309829712198, -3.920212030410767 ], [ 30.244844436645565, -3.920958995818864 ], [ 30.244255065918196, -3.921302080154419 ], [ 30.244379043579045, -3.922017097472917 ], [ 30.243696212768668, -3.922826051711866 ], [ 30.242147445678995, -3.922451972961312 ], [ 30.241621017455998, -3.922514915466252 ], [ 30.241155624389876, -3.923322916030827 ], [ 30.240133285522631, -3.923635959625074 ], [ 30.240690231323413, -3.92422604560835 ], [ 30.240474700927734, -3.925221920013428 ], [ 30.241031646728686, -3.925595998764038 ], [ 30.241155624389876, -3.926249980926514 ], [ 30.240350723266886, -3.926903009414502 ], [ 30.240938186645621, -3.927432060241472 ], [ 30.241155624389876, -3.929173946380445 ], [ 30.240442276000977, -3.929734945297128 ], [ 30.239650726318473, -3.931022882461434 ], [ 30.239543914794979, -3.931197881698495 ], [ 30.238582611083984, -3.932722091674577 ], [ 30.237033843994311, -3.932693004608154 ], [ 30.236816406250227, -3.933470010757219 ], [ 30.23722076416044, -3.933937072753793 ], [ 30.237491607666072, -3.934525012969743 ], [ 30.23762321472185, -3.934808969497681 ], [ 30.237375259399414, -3.935097932815381 ], [ 30.237064361572322, -3.93546199798584 ], [ 30.236009597778491, -3.935586929321175 ], [ 30.236103057861328, -3.936364889144897 ], [ 30.235019683837947, -3.937797069549561 ], [ 30.23365592956543, -3.938420057296639 ], [ 30.233346939087085, -3.939136028289738 ], [ 30.232515335083292, -3.940306901931706 ], [ 30.231983184814737, -3.941063880920353 ], [ 30.23325347900402, -3.942059993743783 ], [ 30.233997344970703, -3.942029953002759 ], [ 30.234802246093693, -3.942434072494507 ], [ 30.234895706176758, -3.943212985992375 ], [ 30.234491348266772, -3.944051980972176 ], [ 30.233407974243221, -3.944021940231323 ], [ 30.234275817871094, -3.945359945297128 ], [ 30.233966827392749, -3.946075916290283 ], [ 30.233036041259766, -3.947165012359619 ], [ 30.233438491821346, -3.947570085525456 ], [ 30.233438491821346, -3.948379039764404 ], [ 30.233810424804972, -3.949156999588013 ], [ 30.233625411987475, -3.950027942657471 ], [ 30.232788085937557, -3.949980020523071 ], [ 30.232540130615291, -3.949965953826904 ], [ 30.233190536499308, -3.950650930404549 ], [ 30.233036041259766, -3.951585054397583 ], [ 30.233407974243221, -3.952425003051587 ], [ 30.233119964599894, -3.95284891128523 ], [ 30.232942581176701, -3.95310997962946 ], [ 30.231889724731502, -3.953171968459969 ], [ 30.229780197143668, -3.95354509353632 ], [ 30.230712890625227, -3.954042911529541 ], [ 30.230804443359546, -3.9555370807646 ], [ 30.229875564575309, -3.957808971404972 ], [ 30.230215072632006, -3.958992004394304 ], [ 30.230665206909407, -3.95914697647072 ], [ 30.231208801269702, -3.959333896636792 ], [ 30.231176376342773, -3.960237026214429 ], [ 30.230556488037109, -3.961824893951302 ], [ 30.230960845947322, -3.963318109512329 ], [ 30.230371475219954, -3.963877916336003 ], [ 30.229534149170036, -3.963536024093457 ], [ 30.229255676269645, -3.962789058685303 ], [ 30.229194641113338, -3.96292591094948 ], [ 30.228975296020678, -3.963411092758179 ], [ 30.229024887084904, -3.963673114776441 ], [ 30.229131698608626, -3.964251995086556 ], [ 30.228790283203182, -3.966679096221924 ], [ 30.228355407715014, -3.967300891875993 ], [ 30.228170394897518, -3.96882700920105 ], [ 30.227802276611612, -3.96904802322365 ], [ 30.22693061828619, -3.969573020934945 ], [ 30.226186752319506, -3.970880985259782 ], [ 30.22693061828619, -3.970601081848145 ], [ 30.227365493774698, -3.970942974090576 ], [ 30.227767944336108, -3.971596956253052 ], [ 30.227302551269815, -3.972748041152784 ], [ 30.227304458618221, -3.974397897720337 ], [ 30.226093292236612, -3.975642919540292 ], [ 30.226093292236612, -3.976514101028386 ], [ 30.225257873535099, -3.978662014007568 ], [ 30.223987579345987, -3.979814052581617 ], [ 30.222965240478572, -3.981120109557992 ], [ 30.222219467163086, -3.982490062713623 ], [ 30.22110557556158, -3.983922004699593 ], [ 30.220390319824276, -3.985291957855225 ], [ 30.219306945801065, -3.985758066177254 ], [ 30.218097686767692, -3.987812995910474 ], [ 30.216455459594954, -3.988964080810433 ], [ 30.215679168701172, -3.988435983657666 ], [ 30.21530914306669, -3.989804983138924 ], [ 30.214225769043139, -3.990923881530648 ], [ 30.215017318725813, -3.991447925567513 ], [ 30.215494155884016, -3.991765975952035 ], [ 30.21530914306669, -3.992326021194401 ], [ 30.215402603149585, -3.993882894515934 ], [ 30.215463638305721, -3.995281934738159 ], [ 30.216022491455249, -3.995810985565072 ], [ 30.216611862182731, -3.997368097305298 ], [ 30.217758178710994, -3.998395919799634 ], [ 30.218500137329102, -4.000043869018384 ], [ 30.218879699707259, -4.000206947326603 ], [ 30.219306945801065, -4.001412868499756 ], [ 30.218271255493335, -4.002630233764535 ], [ 30.219158172607479, -4.003086090087891 ], [ 30.219116210937784, -4.004537105560189 ], [ 30.219942092895792, -4.004371166229078 ], [ 30.220439910888842, -4.004889011382886 ], [ 30.219324111938533, -4.00582218170166 ], [ 30.220769882202433, -4.005655765533277 ], [ 30.220960617065714, -4.005971908569222 ], [ 30.221593856811467, -4.007022857665845 ], [ 30.221954345703182, -4.006822109222298 ], [ 30.222150802612418, -4.006711959838867 ], [ 30.222852706909237, -4.007229804992676 ], [ 30.222562789917163, -4.008018016815072 ], [ 30.222602844238452, -4.00909423828125 ], [ 30.223039627075366, -4.009489059448015 ], [ 30.224224090576342, -4.009596824645996 ], [ 30.225080490112305, -4.009675025939828 ], [ 30.227104187011776, -4.010078907012939 ], [ 30.227785110473576, -4.010213851928597 ], [ 30.229291915893612, -4.010587215423413 ], [ 30.230178833008097, -4.010815143585091 ], [ 30.230157852172908, -4.011457920074463 ], [ 30.229539871215991, -4.012948036193848 ], [ 30.228342056274528, -4.013238906860124 ], [ 30.229331970214844, -4.015144824981519 ], [ 30.228527069091854, -4.015808105468693 ], [ 30.227743148803711, -4.01645088195778 ], [ 30.22790718078619, -4.017838001251164 ], [ 30.227083206176758, -4.018189907073975 ], [ 30.226360321044922, -4.018002986907959 ], [ 30.225931167602539, -4.018232822418213 ], [ 30.225700378417969, -4.018355846404916 ], [ 30.224256515502873, -4.018127918243238 ], [ 30.224401473999308, -4.020240783691293 ], [ 30.225143432617244, -4.020510196685791 ], [ 30.225412368774641, -4.021049976348763 ], [ 30.225225448608569, -4.022086143493652 ], [ 30.22429275512701, -4.023098945617505 ], [ 30.224214553833008, -4.023183822631722 ], [ 30.223863601684627, -4.024673938751107 ], [ 30.222955703735408, -4.026042938232308 ], [ 30.221883773803938, -4.026642799377328 ], [ 30.221235275268725, -4.026288986205941 ], [ 30.220521926879996, -4.025897979736328 ], [ 30.219076156616495, -4.026560783386174 ], [ 30.219015121460018, -4.027575969695931 ], [ 30.218683242797852, -4.028134822845288 ], [ 30.217199325561467, -4.0277419090271 ], [ 30.217447280884073, -4.028425216674805 ], [ 30.217363357543945, -4.030435085296574 ], [ 30.216951370239428, -4.031429767608643 ], [ 30.217033386230753, -4.032050132751237 ], [ 30.215652465820369, -4.032755851745549 ], [ 30.216188430786303, -4.03325176239008 ], [ 30.216703414917049, -4.033936023712101 ], [ 30.216539382934513, -4.034328937530518 ], [ 30.215507507324503, -4.034515857696533 ], [ 30.215238571167276, -4.035200119018441 ], [ 30.215589523315657, -4.035923957824707 ], [ 30.21507453918457, -4.036399841308423 ], [ 30.214103698730526, -4.036485195159798 ], [ 30.213216781616381, -4.037147998809814 ], [ 30.212741851806925, -4.037975788116341 ], [ 30.212493896484546, -4.039342880248796 ], [ 30.210926055908203, -4.03907394409174 ], [ 30.209728240966967, -4.040026187896615 ], [ 30.208574295043945, -4.040958881378174 ], [ 30.208471298217944, -4.041829109191895 ], [ 30.207151412963867, -4.042823791503679 ], [ 30.206943511962947, -4.043653011322021 ], [ 30.20690727233881, -4.044036865234318 ], [ 30.205091476440487, -4.044671058654671 ], [ 30.205583572387923, -4.045361995696908 ], [ 30.205278396606388, -4.046003818511906 ], [ 30.203258514404467, -4.045409202575684 ], [ 30.202976226806697, -4.046123027801457 ], [ 30.203844070434627, -4.046171188354322 ], [ 30.204549789428768, -4.046861171722185 ], [ 30.204809188842717, -4.047408103942871 ], [ 30.204643249511832, -4.048027038574105 ], [ 30.204034805297908, -4.048431873321476 ], [ 30.203304290771541, -4.048479080200195 ], [ 30.202857971191634, -4.047836780548096 ], [ 30.202011108398608, -4.047932147979736 ], [ 30.201353073120231, -4.047933101653939 ], [ 30.20067214965843, -4.046623229980469 ], [ 30.200155258178768, -4.046003818511906 ], [ 30.198251724243335, -4.047217845916634 ], [ 30.196746826171932, -4.046432971954289 ], [ 30.196065902710131, -4.046242237091008 ], [ 30.195901870727823, -4.047099113464242 ], [ 30.195455551147404, -4.047811985015812 ], [ 30.194255828857536, -4.048765182495117 ], [ 30.194103240966967, -4.049022197723275 ], [ 30.193832397461108, -4.049478054046631 ], [ 30.193269729614201, -4.050073146819898 ], [ 30.191976547241495, -4.051098823547363 ], [ 30.190778732299862, -4.051884174346867 ], [ 30.190591812133732, -4.052646160125619 ], [ 30.191366195678938, -4.05259799957264 ], [ 30.191694259643555, -4.053264141082593 ], [ 30.191719055175952, -4.054073810577393 ], [ 30.190942764282511, -4.05455017089821 ], [ 30.190826416015682, -4.055313110351335 ], [ 30.19030952453619, -4.055930137634221 ], [ 30.189626693725643, -4.055690765380689 ], [ 30.189697265625227, -4.056428909301644 ], [ 30.18906211853033, -4.056930065154916 ], [ 30.188287734985465, -4.056906223297005 ], [ 30.187677383423136, -4.057145118713208 ], [ 30.188617706298885, -4.05850076675415 ], [ 30.188945770263842, -4.059191226959001 ], [ 30.188880920410156, -4.060119152069092 ], [ 30.188827514648381, -4.060856819152832 ], [ 30.188257217407511, -4.061435222625505 ], [ 30.187675476074332, -4.061738014221078 ], [ 30.187534332275675, -4.062308788299561 ], [ 30.187772750854776, -4.062461853027173 ], [ 30.188123703003157, -4.062689781188851 ], [ 30.188358306884709, -4.063594818115234 ], [ 30.187629699707315, -4.063665866851636 ], [ 30.187185287475643, -4.063696861266976 ], [ 30.186595916748331, -4.063737869262695 ], [ 30.187017440796183, -4.064054965972673 ], [ 30.187417984008789, -4.064355850219499 ], [ 30.187652587890909, -4.064879894256592 ], [ 30.187017440796183, -4.065474987029859 ], [ 30.186853408813533, -4.066308021545183 ], [ 30.18568038940424, -4.066213130950871 ], [ 30.185876846313477, -4.066463947296143 ], [ 30.18621826171875, -4.066903114318734 ], [ 30.186220169067553, -4.067546844482308 ], [ 30.185867309570369, -4.068378925323486 ], [ 30.184614181518725, -4.069131851196289 ], [ 30.184349060058651, -4.069508075714054 ], [ 30.184291839599894, -4.069593906402474 ], [ 30.183727264404581, -4.069783210754395 ], [ 30.18410682678217, -4.07019996643055 ], [ 30.184268951416243, -4.070376873016244 ], [ 30.184339523315714, -4.070950031280518 ], [ 30.183549880981616, -4.071380138397103 ], [ 30.183422088623217, -4.071448802947771 ], [ 30.182952880859546, -4.071855068206673 ], [ 30.183120727539233, -4.072285175323486 ], [ 30.183351516723576, -4.072877883910962 ], [ 30.183563232421932, -4.073280811309701 ], [ 30.183492660522461, -4.074068069457894 ], [ 30.1848793029788, -4.074709892272779 ], [ 30.18483161926298, -4.075471878051758 ], [ 30.184503555298022, -4.076210021972543 ], [ 30.183681488037166, -4.076353073120004 ], [ 30.183069229126204, -4.076542854309082 ], [ 30.18370437622076, -4.077400207519418 ], [ 30.18375205993658, -4.078042030334359 ], [ 30.183446884155217, -4.078732967376595 ], [ 30.182998657226619, -4.079090118407976 ], [ 30.182937622070483, -4.079017162322828 ], [ 30.182388305664233, -4.078375816345101 ], [ 30.182315826416016, -4.07843017578125 ], [ 30.18187141418457, -4.078757762908765 ], [ 30.182317733764819, -4.079399108886719 ], [ 30.182458877563477, -4.08025503158558 ], [ 30.181095123291129, -4.080350875854265 ], [ 30.180696487426928, -4.080970764159929 ], [ 30.1811656951906, -4.081661224365121 ], [ 30.180555343628214, -4.082065105438062 ], [ 30.179920196533487, -4.081923007965088 ], [ 30.179098129272631, -4.081828117370492 ], [ 30.179615020752124, -4.083185195922795 ], [ 30.179332733154581, -4.083992958068848 ], [ 30.178676605224609, -4.084494113922119 ], [ 30.17741775512701, -4.084327220916748 ], [ 30.177240371704045, -4.08430290222168 ], [ 30.176654815673885, -4.085017204284611 ], [ 30.177049636840763, -4.085104942321607 ], [ 30.178157806396712, -4.085350990295353 ], [ 30.178134918212947, -4.086064815521127 ], [ 30.17764091491722, -4.08661222457863 ], [ 30.177570343017635, -4.087372779846135 ], [ 30.178863525390909, -4.08627891540516 ], [ 30.179567337036303, -4.086207866668587 ], [ 30.180013656616154, -4.086779117584001 ], [ 30.18017768859869, -4.087659835815259 ], [ 30.180189132690543, -4.088088989257642 ], [ 30.180202484130859, -4.088540077209359 ], [ 30.179872512817667, -4.088817119598389 ], [ 30.179584503173771, -4.089059829711914 ], [ 30.178596496582031, -4.089753150939941 ], [ 30.177862167358683, -4.090007781982422 ], [ 30.17773628234886, -4.09090614318842 ], [ 30.177457809448299, -4.091622829437256 ], [ 30.177206039428711, -4.091931819915658 ], [ 30.176895141601619, -4.0921311378479 ], [ 30.176647186279354, -4.092289924621582 ], [ 30.176092147827205, -4.093469142913762 ], [ 30.175508499145621, -4.093852996826058 ], [ 30.174774169921875, -4.093570232391244 ], [ 30.17450141906744, -4.093630790710222 ], [ 30.174192428588924, -4.093699932098218 ], [ 30.173915863037109, -4.094596862792912 ], [ 30.173358917236385, -4.094878196716195 ], [ 30.172346115112589, -4.094287872314283 ], [ 30.171890258789233, -4.094392776489144 ], [ 30.171550750732536, -4.094648838043213 ], [ 30.171485900879077, -4.094698905944711 ], [ 30.171661376953068, -4.095390796661263 ], [ 30.171684265136889, -4.095821857452222 ], [ 30.171688079834041, -4.095903873443376 ], [ 30.170978546142692, -4.09641695022583 ], [ 30.171358108520678, -4.09700584411604 ], [ 30.171510696411246, -4.097853183746338 ], [ 30.171358108520678, -4.098339080810433 ], [ 30.17082786560087, -4.098775863647347 ], [ 30.17075157165533, -4.099568843841382 ], [ 30.170042037964151, -4.099825859069597 ], [ 30.169652938843058, -4.09947681427002 ], [ 30.169384002685774, -4.099236011505127 ], [ 30.168954849243391, -4.099773883819466 ], [ 30.169006347656421, -4.100543975829964 ], [ 30.168725967407227, -4.10115909576416 ], [ 30.167942047119084, -4.101234912872314 ], [ 30.166954040527344, -4.100286960601636 ], [ 30.166599273681754, -4.100903034210148 ], [ 30.1674098968507, -4.10138988494873 ], [ 30.16768836975109, -4.101723194122314 ], [ 30.167638778686694, -4.10241603851307 ], [ 30.167182922363338, -4.103055953979379 ], [ 30.166397094726619, -4.103209972381592 ], [ 30.1660671234132, -4.103927135467529 ], [ 30.165765762329386, -4.104158878326416 ], [ 30.164930343628043, -4.103927135467529 ], [ 30.165130615234659, -4.104825019836369 ], [ 30.164827346801871, -4.106412887573015 ], [ 30.164094924926928, -4.106747150421029 ], [ 30.164068222045955, -4.107541084289551 ], [ 30.163410186767749, -4.107798099517765 ], [ 30.162853240966797, -4.107336044311296 ], [ 30.162752151489201, -4.108078956603777 ], [ 30.161563873291243, -4.108157157897949 ], [ 30.162298202514819, -4.108644008636475 ], [ 30.162475585937784, -4.109362125396615 ], [ 30.162322998046818, -4.11023283004738 ], [ 30.161640167236442, -4.111052989959603 ], [ 30.161012649536246, -4.111352920532113 ], [ 30.160728454589901, -4.111488819122258 ], [ 30.16050148010271, -4.111796855926514 ], [ 30.160778045654354, -4.112565994262695 ], [ 30.160400390625114, -4.11320686340332 ], [ 30.15915870666521, -4.114360809326058 ], [ 30.158653259277628, -4.114693164825439 ], [ 30.158742904663143, -4.115099906921273 ], [ 30.15880393981962, -4.115386009216195 ], [ 30.158123016357479, -4.11587381362915 ], [ 30.157453536987589, -4.115896224975529 ], [ 30.15736198425293, -4.115899085998308 ], [ 30.156602859497355, -4.115973949432259 ], [ 30.155794143676985, -4.116078853607178 ], [ 30.155509948730469, -4.116381168365422 ], [ 30.155338287353629, -4.116565227508545 ], [ 30.155059814453239, -4.117179870605412 ], [ 30.153766632080135, -4.118000030517351 ], [ 30.152982711791992, -4.11736011505127 ], [ 30.153013229370174, -4.117678165435564 ], [ 30.153060913085994, -4.118153095245361 ], [ 30.152780532837198, -4.118742942810059 ], [ 30.152326583862589, -4.119204998016244 ], [ 30.151567459106502, -4.119204998016244 ], [ 30.151010513305721, -4.119231224060059 ], [ 30.150201797485522, -4.119461059570142 ], [ 30.149442672729776, -4.119231224060059 ], [ 30.149339675903605, -4.120026111602783 ], [ 30.149591445922795, -4.120742797851449 ], [ 30.149364471435774, -4.121537208557015 ], [ 30.148630142211857, -4.121614933013802 ], [ 30.148580551147631, -4.122280120849496 ], [ 30.147871017456112, -4.122488021850586 ], [ 30.147060394287166, -4.122488021850586 ], [ 30.146429061889762, -4.122973918914681 ], [ 30.14592361450218, -4.123999118804818 ], [ 30.144987106323299, -4.124306201934587 ], [ 30.144227981567496, -4.124331951141357 ], [ 30.143621444702319, -4.12463903427124 ], [ 30.143367767334155, -4.125280857085954 ], [ 30.142814636230753, -4.125699996948242 ], [ 30.142177581787223, -4.12551021575905 ], [ 30.14212608337408, -4.126432895660287 ], [ 30.141342163085881, -4.126690864562875 ], [ 30.140888214111499, -4.126460075378304 ], [ 30.140699386596793, -4.126978874206486 ], [ 30.140607833862362, -4.127229213714543 ], [ 30.139976501465128, -4.127484798431396 ], [ 30.139368057251033, -4.127254962921029 ], [ 30.139545440673999, -4.128151893615723 ], [ 30.139190673828409, -4.128588199615422 ], [ 30.138734817505053, -4.12860107421875 ], [ 30.138305664062671, -4.128612995147705 ], [ 30.138633728027628, -4.129201889037972 ], [ 30.138355255127237, -4.129893779754525 ], [ 30.137849807739315, -4.130176067352181 ], [ 30.136888504028377, -4.130252838134766 ], [ 30.136837005615348, -4.130970954894906 ], [ 30.136154174804972, -4.131431102752572 ], [ 30.135368347168253, -4.131252765655404 ], [ 30.134862899780273, -4.131586074828988 ], [ 30.134887695312671, -4.132201194763184 ], [ 30.133522033691349, -4.132740020751953 ], [ 30.133951187133732, -4.133715152740479 ], [ 30.133825302124308, -4.134201049804574 ], [ 30.133344650268555, -4.134687900543042 ], [ 30.132635116577205, -4.134766101836931 ], [ 30.132331848144815, -4.134072780609131 ], [ 30.13188743591337, -4.133687019348145 ], [ 30.131305694580192, -4.133995056152116 ], [ 30.131248474121264, -4.133931159973031 ], [ 30.130849838256836, -4.133481979370004 ], [ 30.130573272705249, -4.132637023925781 ], [ 30.129432678222884, -4.133584022521973 ], [ 30.128623962402344, -4.133327007293587 ], [ 30.128395080566577, -4.133995056152116 ], [ 30.128192901611555, -4.134010791778451 ], [ 30.127763748169173, -4.134046077728158 ], [ 30.127483367920206, -4.13525104522688 ], [ 30.126192092895508, -4.136198997497559 ], [ 30.124826431274585, -4.135685920715332 ], [ 30.124395370483455, -4.13622522354126 ], [ 30.123586654663256, -4.135917186736833 ], [ 30.12396430969244, -4.136661052703744 ], [ 30.123889923095646, -4.137379169464111 ], [ 30.123283386230469, -4.137814998626652 ], [ 30.121967315673942, -4.137275218963623 ], [ 30.121955871582088, -4.137586116790544 ], [ 30.121942520141772, -4.137942790985107 ], [ 30.123535156250057, -4.138659954070931 ], [ 30.123966217041072, -4.139019012451115 ], [ 30.124118804931811, -4.139686107635498 ], [ 30.12412261962919, -4.139856815338135 ], [ 30.124143600464038, -4.140505790710449 ], [ 30.123687744140682, -4.140942096710148 ], [ 30.122802734375284, -4.141147136688119 ], [ 30.122396469116325, -4.141403198242131 ], [ 30.121883392334041, -4.141132831573429 ], [ 30.121713638305948, -4.141044139861947 ], [ 30.121480941772631, -4.141221046447754 ], [ 30.121105194091854, -4.141504764556771 ], [ 30.118196487426815, -4.141608238220101 ], [ 30.117996215820369, -4.141158103942871 ], [ 30.117765426635799, -4.140634059905892 ], [ 30.117866516113395, -4.140173912048226 ], [ 30.117284774780444, -4.140069007873535 ], [ 30.116905212402457, -4.139326095581055 ], [ 30.11667633056669, -4.14001893997181 ], [ 30.116121292114485, -4.140326976776123 ], [ 30.116575241088924, -4.141097068786564 ], [ 30.116247177124308, -4.141711235046273 ], [ 30.11553764343256, -4.141914844512769 ], [ 30.116121292114485, -4.142351150512582 ], [ 30.115814208984546, -4.142914772033464 ], [ 30.115184783935604, -4.143402099609204 ], [ 30.115283966064567, -4.144093990325928 ], [ 30.114936828613509, -4.14508485794056 ], [ 30.114728927612589, -4.145683765411377 ], [ 30.114423751831225, -4.14617013931263 ], [ 30.113538742065487, -4.14604282379139 ], [ 30.113056182861499, -4.145555019378662 ], [ 30.113056182861499, -4.146153926849252 ], [ 30.113058090209904, -4.146452903747502 ], [ 30.113208770751896, -4.147554874420052 ], [ 30.112981796264876, -4.148246765136719 ], [ 30.11351394653326, -4.148940086364519 ], [ 30.113235473632869, -4.149580001830884 ], [ 30.112373352050952, -4.149837970733415 ], [ 30.112804412841911, -4.150374889373722 ], [ 30.11217117309593, -4.150887966156006 ], [ 30.111310958862589, -4.151298046111947 ], [ 30.110551834106445, -4.151298046111947 ], [ 30.109970092773665, -4.151425838470459 ], [ 30.109312057495117, -4.151784896850472 ], [ 30.108982086181925, -4.152681827545166 ], [ 30.108654022216967, -4.153170108795166 ], [ 30.107793807983455, -4.153425216674691 ], [ 30.107339859008846, -4.153374195098763 ], [ 30.106628417968693, -4.152348995208627 ], [ 30.106628417968693, -4.1519641876219 ], [ 30.106534957886026, -4.151939868926888 ], [ 30.105920791626147, -4.151783943176042 ], [ 30.105363845825366, -4.15204095840437 ], [ 30.105070114135913, -4.151941776275521 ], [ 30.104604721069393, -4.151784896850472 ], [ 30.103799819946403, -4.151947975158464 ], [ 30.103719711303654, -4.1519641876219 ], [ 30.103136062622127, -4.15227222442627 ], [ 30.102275848388956, -4.152554035186768 ], [ 30.10154151916521, -4.153091907501107 ], [ 30.100959777832031, -4.153707027435303 ], [ 30.10045433044445, -4.154091835021973 ], [ 30.100023269653491, -4.155220031738168 ], [ 30.099163055419979, -4.155244827270508 ], [ 30.098707199096964, -4.155579090118295 ], [ 30.098251342773608, -4.156116962432861 ], [ 30.096860885620288, -4.156757831573373 ], [ 30.096277236938533, -4.157450199127197 ], [ 30.09493637084978, -4.157704830169564 ], [ 30.095088958740178, -4.159064769744646 ], [ 30.094657897949219, -4.159525871276628 ], [ 30.092885971069506, -4.159603118896484 ], [ 30.092380523681925, -4.159320831298714 ], [ 30.092102050781534, -4.158758163452035 ], [ 30.091747283935604, -4.16008901596058 ], [ 30.090988159179631, -4.16065406799305 ], [ 30.090482711792049, -4.160679817199593 ], [ 30.090082168579045, -4.160527229308855 ], [ 30.089748382568303, -4.160398006439209 ], [ 30.08911514282255, -4.160730838775578 ], [ 30.08860969543457, -4.160987854003793 ], [ 30.087799072265625, -4.160962104797363 ], [ 30.087116241455249, -4.161065101623365 ], [ 30.086660385132063, -4.161294937133789 ], [ 30.086376190185547, -4.161025047302189 ], [ 30.085823059082145, -4.160501956939697 ], [ 30.085546493530558, -4.160552024841252 ], [ 30.084484100341854, -4.161934852600041 ], [ 30.084102630615291, -4.162447929382154 ], [ 30.084102630615291, -4.163320064544564 ], [ 30.084077835083235, -4.164165973663216 ], [ 30.083623886108455, -4.164908885955583 ], [ 30.082862854003963, -4.164651870727312 ], [ 30.08215522766119, -4.16467809677124 ], [ 30.082483291626147, -4.165370941161882 ], [ 30.081420898437784, -4.165908813476392 ], [ 30.080333709716854, -4.166267871856462 ], [ 30.079397201538143, -4.167601108551025 ], [ 30.078357696533203, -4.168498039245492 ], [ 30.078065872192326, -4.170435905456543 ], [ 30.077863693237362, -4.171359062194711 ], [ 30.07715988159174, -4.171644210815202 ], [ 30.077564239502124, -4.172201156616097 ], [ 30.077510833740519, -4.173057079315129 ], [ 30.076833724975756, -4.173517227172681 ], [ 30.07605171203619, -4.173476219177132 ], [ 30.07559013366722, -4.173042774200439 ], [ 30.075157165527287, -4.17247295379633 ], [ 30.075035095214901, -4.17307090759266 ], [ 30.075618743896598, -4.174334049224854 ], [ 30.075616836548022, -4.174835205078011 ], [ 30.074886322021655, -4.175392150878793 ], [ 30.075265884399414, -4.175895214080811 ], [ 30.075317382812784, -4.176763057708627 ], [ 30.074668884277401, -4.177062034606934 ], [ 30.074188232421989, -4.176898002624398 ], [ 30.074045181274528, -4.17684984207142 ], [ 30.073871612549112, -4.176791191100847 ], [ 30.07394027709978, -4.177159786224252 ], [ 30.073965072631779, -4.177287101745492 ], [ 30.073993682861385, -4.177427768707275 ], [ 30.074844360351619, -4.177577972411882 ], [ 30.075048446655558, -4.17778205871565 ], [ 30.075168609619368, -4.17790412902815 ], [ 30.075967788696232, -4.178407192230225 ], [ 30.076143264770621, -4.17882776260376 ], [ 30.07560157775896, -4.179872035980168 ], [ 30.075061798095646, -4.180170059204045 ], [ 30.07433128356945, -4.179995059966984 ], [ 30.073383331298999, -4.180280208587419 ], [ 30.072708129882983, -4.181026935577279 ], [ 30.071680068969954, -4.182467937469482 ], [ 30.071653366088981, -4.183105945587158 ], [ 30.072044372558878, -4.183852195739632 ], [ 30.072868347167912, -4.18527793884266 ], [ 30.072977066040039, -4.185780048370304 ], [ 30.072990417480526, -4.186500072479191 ], [ 30.072666168212947, -4.187327861785889 ], [ 30.071556091308764, -4.188239097595101 ], [ 30.071435928344727, -4.188836097717285 ], [ 30.071380615234546, -4.189540863037109 ], [ 30.071296691894815, -4.19013500213606 ], [ 30.07030296325712, -4.191224098205566 ], [ 30.070749282836971, -4.191781997680664 ], [ 30.071264266968058, -4.193262100219499 ], [ 30.071086883545092, -4.193953990936279 ], [ 30.070491790771655, -4.194252967834302 ], [ 30.069734573364258, -4.194022178649846 ], [ 30.069585800171069, -4.194592952728158 ], [ 30.07016754150419, -4.194783210754281 ], [ 30.070655822753963, -4.195226192474308 ], [ 30.070735931396484, -4.19529914855957 ], [ 30.070777893066577, -4.196045875549316 ], [ 30.070465087890682, -4.196724891662598 ], [ 30.069950103759936, -4.197173118591252 ], [ 30.069437026977823, -4.197199821471941 ], [ 30.067840576171932, -4.19694185256941 ], [ 30.067691802978572, -4.197525978088208 ], [ 30.066732406616381, -4.198936939239502 ], [ 30.065500259399585, -4.199016094207593 ], [ 30.065431594848917, -4.199860095977783 ], [ 30.064811706543253, -4.200267791747876 ], [ 30.063835144043026, -4.201179027557203 ], [ 30.062969207763729, -4.201111793518066 ], [ 30.063240051269759, -4.201817989349365 ], [ 30.063280105590877, -4.201924800872632 ], [ 30.063428878784464, -4.203228950500431 ], [ 30.06294441223173, -4.203678131103459 ], [ 30.062089920043945, -4.203786849975586 ], [ 30.06278038024908, -4.204288005828744 ], [ 30.062862396240405, -4.205090045928955 ], [ 30.062374114990291, -4.205578804016113 ], [ 30.062469482421932, -4.206027030944711 ], [ 30.062198638916243, -4.20699119567854 ], [ 30.061834335327205, -4.207396984100342 ], [ 30.061481475830362, -4.208158016204607 ], [ 30.061481475830362, -4.209746837615967 ], [ 30.061170578003043, -4.210574150085336 ], [ 30.060373306274414, -4.211470127105713 ], [ 30.060087203979492, -4.212028026580811 ], [ 30.060115814209041, -4.212937831878662 ], [ 30.059749603271769, -4.213427066802751 ], [ 30.058895111083984, -4.213373184204102 ], [ 30.058126449584904, -4.214377880096208 ], [ 30.058057785034237, -4.215137004852068 ], [ 30.057991027831974, -4.216807842254639 ], [ 30.057476043701456, -4.217256069183293 ], [ 30.0567054748538, -4.217514038085938 ], [ 30.057205200195426, -4.218057155609017 ], [ 30.057394027710131, -4.218818187713509 ], [ 30.056880950928019, -4.219429016113281 ], [ 30.057205200195426, -4.220162868499642 ], [ 30.05719184875511, -4.22048711776722 ], [ 30.057178497314453, -4.220773220062142 ], [ 30.057178497314453, -4.221831798553353 ], [ 30.056556701660213, -4.22226619720459 ], [ 30.05581283569353, -4.221981048583814 ], [ 30.055082321166935, -4.221833229064941 ], [ 30.054412841796875, -4.222292900085336 ], [ 30.054216384887638, -4.222427845001107 ], [ 30.053472518921126, -4.222770214080583 ], [ 30.052848815918139, -4.22306823730446 ], [ 30.053417205810774, -4.223528861999398 ], [ 30.05356597900419, -4.224084854125863 ], [ 30.053445816040153, -4.224861145019531 ], [ 30.05373764038103, -4.225021839141846 ], [ 30.053985595703068, -4.225158214568978 ], [ 30.054660797119311, -4.225635051727181 ], [ 30.055162429809684, -4.22636890411377 ], [ 30.055366516113281, -4.22699308395363 ], [ 30.055162429809684, -4.227766990661621 ], [ 30.055082321166935, -4.22840499877907 ], [ 30.054756164550952, -4.229001045226823 ], [ 30.055473327637003, -4.229381084442139 ], [ 30.056772232055721, -4.230454921722298 ], [ 30.056760787964151, -4.23125505447382 ], [ 30.056272506713867, -4.231771945953199 ], [ 30.055162429809684, -4.232777118682804 ], [ 30.055730819702205, -4.232858180999528 ], [ 30.05629920959484, -4.233468055725098 ], [ 30.056245803833065, -4.234298229217472 ], [ 30.056121826172046, -4.234909057617074 ], [ 30.055662155151538, -4.235452175140381 ], [ 30.0548095703125, -4.235506057739087 ], [ 30.054647445678995, -4.236959934234505 ], [ 30.054119110107592, -4.237473964691105 ], [ 30.054134368896484, -4.238153934478646 ], [ 30.054931640624943, -4.238304138183594 ], [ 30.055189132690657, -4.238845825195312 ], [ 30.05521583557146, -4.23974323272688 ], [ 30.054742813110636, -4.241900920867749 ], [ 30.05405235290533, -4.242486953735238 ], [ 30.053146362304744, -4.242362976074219 ], [ 30.052646636962947, -4.241779804229623 ], [ 30.052375793457259, -4.242457866668701 ], [ 30.051818847656307, -4.242947101593018 ], [ 30.051090240478516, -4.243096828460523 ], [ 30.050508499145735, -4.242919921874886 ], [ 30.050199508667049, -4.242395877838021 ], [ 30.050155639648551, -4.24232292175293 ], [ 30.048992156982422, -4.242850780486947 ], [ 30.048221588134766, -4.242675781249829 ], [ 30.047950744628963, -4.242092132568359 ], [ 30.047626495361499, -4.241683959960824 ], [ 30.047693252563761, -4.242580890655518 ], [ 30.047666549682788, -4.243381977081242 ], [ 30.047058105469034, -4.243693828582764 ], [ 30.047517776489542, -4.244101047515699 ], [ 30.048208236694279, -4.243978977203199 ], [ 30.049749374389819, -4.243354797363224 ], [ 30.050575256347827, -4.243488788604509 ], [ 30.051670074462947, -4.24429178237898 ], [ 30.051929473877237, -4.245309829711857 ], [ 30.051265716552734, -4.245717048644906 ], [ 30.051145553588924, -4.247076034545785 ], [ 30.049884796142521, -4.248040199279615 ], [ 30.05106353759794, -4.248881816864014 ], [ 30.051116943359318, -4.249642848968278 ], [ 30.051792144775334, -4.249763965606689 ], [ 30.052469253540323, -4.250239849090462 ], [ 30.052970886230753, -4.250892162322941 ], [ 30.053945541382006, -4.253200054168587 ], [ 30.054349899292163, -4.254721164703142 ], [ 30.053781509399698, -4.255263805389347 ], [ 30.052482604980639, -4.255427837371826 ], [ 30.054039001464844, -4.25723314285267 ], [ 30.05383682251005, -4.25800800323475 ], [ 30.053245544433764, -4.259300231933423 ], [ 30.053091049194563, -4.259634971618596 ], [ 30.052293777465934, -4.260043144225847 ], [ 30.05180549621582, -4.259637832641374 ], [ 30.051738739013956, -4.259582042693864 ], [ 30.051279067993391, -4.260015964508057 ], [ 30.050481796264762, -4.260029792785645 ], [ 30.050241470337085, -4.259450912475359 ], [ 30.049953460693416, -4.25875282287592 ], [ 30.048749923706339, -4.258399963378906 ], [ 30.047193527221737, -4.257503986358415 ], [ 30.047071456909123, -4.256649017333871 ], [ 30.046827316284464, -4.255846977233659 ], [ 30.046245574951286, -4.256118774413949 ], [ 30.045597076416243, -4.256392002105713 ], [ 30.045028686523608, -4.256103992461931 ], [ 30.044609069824503, -4.2564182281493 ], [ 30.043716430664233, -4.256743907928353 ], [ 30.045150756836222, -4.256838798522949 ], [ 30.045230865478572, -4.257599830627441 ], [ 30.04557037353527, -4.258169174194222 ], [ 30.046165466308537, -4.258318901061955 ], [ 30.046976089477482, -4.258916854858398 ], [ 30.047157287597827, -4.259475231170597 ], [ 30.04731559753418, -4.259965896606445 ], [ 30.046760559082202, -4.261146068572998 ], [ 30.046867370605753, -4.261894226074105 ], [ 30.046808242798022, -4.262405872344971 ], [ 30.046773910522518, -4.262709140777474 ], [ 30.046085357666186, -4.263196945190202 ], [ 30.046056747436808, -4.263768196105957 ], [ 30.045906066894588, -4.264188766479435 ], [ 30.045015335083292, -4.264771938323804 ], [ 30.044647216797046, -4.264682769775391 ], [ 30.044460296631087, -4.264636993408146 ], [ 30.044769287109659, -4.265302181243896 ], [ 30.044622421264819, -4.266020774841138 ], [ 30.044284820556697, -4.266686916351091 ], [ 30.043539047241268, -4.26694393157959 ], [ 30.043405532836914, -4.267324924468994 ], [ 30.043567657470817, -4.267977237701189 ], [ 30.043945312500057, -4.268710136413574 ], [ 30.043931961059741, -4.269293785094987 ], [ 30.043512344360636, -4.2699999809264 ], [ 30.043743133545206, -4.271520137786808 ], [ 30.043174743652344, -4.27186012268055 ], [ 30.042377471923885, -4.271752834319955 ], [ 30.043228149414119, -4.272226810455322 ], [ 30.043865203857479, -4.273150920867693 ], [ 30.043661117553881, -4.273760795593262 ], [ 30.042850494384936, -4.273883819580078 ], [ 30.043811798095874, -4.275174140930062 ], [ 30.042213439941406, -4.277047157287598 ], [ 30.041538238525391, -4.277155876159668 ], [ 30.040887832641772, -4.276912212371769 ], [ 30.040252685546818, -4.276233196258374 ], [ 30.040115356445312, -4.276857852935791 ], [ 30.039886474609546, -4.277413845062256 ], [ 30.039129257202205, -4.277604103088208 ], [ 30.038696289062784, -4.276803016662484 ], [ 30.038019180298022, -4.277278900146484 ], [ 30.037248611450138, -4.27767181396473 ], [ 30.036489486694563, -4.277630805969181 ], [ 30.036016464233569, -4.277033805847054 ], [ 30.036125183105526, -4.276206016540527 ], [ 30.035705566406421, -4.275920867919808 ], [ 30.034366607666072, -4.275539875030404 ], [ 30.033674240112589, -4.27483415603632 ], [ 30.033514022827262, -4.274209976196289 ], [ 30.032281875610295, -4.274020195007324 ], [ 30.032054901123274, -4.273952007293644 ], [ 30.031955718994084, -4.273922920226823 ], [ 30.031322479248331, -4.273734092712402 ], [ 30.031051635742472, -4.273055076599121 ], [ 30.03084945678728, -4.273599147796631 ], [ 30.031011581421183, -4.274153232574349 ], [ 30.031429290771484, -4.275580883026123 ], [ 30.03113174438505, -4.277074813842773 ], [ 30.030633926391602, -4.277727127075025 ], [ 30.029901504516658, -4.277712821960336 ], [ 30.029346466064453, -4.277903079986572 ], [ 30.02900886535673, -4.278471946716195 ], [ 30.028089523315487, -4.278566837310791 ], [ 30.027559280395678, -4.278172969818115 ], [ 30.027114868164233, -4.278704166412354 ], [ 30.026330947876261, -4.278881072997933 ], [ 30.026086807251033, -4.28022480010975 ], [ 30.025835037231616, -4.280625820159798 ], [ 30.025653839111271, -4.280917167663574 ], [ 30.024948120117472, -4.281270980834961 ], [ 30.024246215820483, -4.280537128448486 ], [ 30.02402496337902, -4.279705047607365 ], [ 30.023975372314624, -4.279519081115666 ], [ 30.023960113525561, -4.278419017791748 ], [ 30.024284362792969, -4.27744197845459 ], [ 30.023920059204272, -4.276951789855957 ], [ 30.021289825439624, -4.276023864745866 ], [ 30.020917892456168, -4.275891780853271 ], [ 30.020212173462198, -4.27605581283558 ], [ 30.019748687744084, -4.276321887969743 ], [ 30.019550323486271, -4.276436805725098 ], [ 30.019252777099666, -4.277101993560564 ], [ 30.018575668335018, -4.27737283706665 ], [ 30.01788520812994, -4.277060985564958 ], [ 30.017589569092081, -4.277098178863355 ], [ 30.017236709594897, -4.27714109420765 ], [ 30.01627540588396, -4.277566909789812 ], [ 30.015762329101619, -4.27779483795149 ], [ 30.01562690734869, -4.278309822082292 ], [ 30.01562690734869, -4.278649806976318 ], [ 30.016330718994311, -4.280537128448486 ], [ 30.016519546508789, -4.281814098358041 ], [ 30.016288757324276, -4.282804012298357 ], [ 30.01397705078125, -4.284896850585938 ], [ 30.013406753539982, -4.285194873809814 ], [ 30.013214111328125, -4.285086154937687 ], [ 30.012784957885742, -4.28484201431263 ], [ 30.010890960693587, -4.283212184905778 ], [ 30.010143280029354, -4.283205986022949 ], [ 30.009212493896769, -4.283198833465406 ], [ 30.008483886718807, -4.282736778259107 ], [ 30.007089614868278, -4.281705856323242 ], [ 30.006134033203296, -4.28088617324812 ], [ 30.005872726440373, -4.280660152435303 ], [ 30.003705978393612, -4.28095817565918 ], [ 30.004341125488565, -4.282248020171949 ], [ 30.004314422607592, -4.282954216003304 ], [ 30.00401687622093, -4.283877849578857 ], [ 30.002704620361385, -4.28469085693348 ], [ 30.00227165222185, -4.285153865814038 ], [ 30.00169754028326, -4.286109924316293 ], [ 30.001398086548022, -4.288169860839673 ], [ 30.001428604126147, -4.290557861328068 ], [ 30.001430511474553, -4.290689945220947 ], [ 30.001390457153263, -4.291152954101392 ], [ 30.001428604126147, -4.292067050933781 ], [ 30.00145530700712, -4.292718887329102 ], [ 30.00151443481451, -4.294139862060433 ], [ 30.001134872436694, -4.296000003814584 ], [ 30.000896453857592, -4.296603202819824 ], [ 30.000654220581112, -4.297214031219312 ], [ 30.000541687012003, -4.297194004058667 ], [ 29.999952316284123, -4.297258853912354 ], [ 29.999874114990519, -4.297267913818246 ], [ 29.999561309814624, -4.297536849975586 ], [ 29.999338150024414, -4.298624038696289 ], [ 29.998790740966967, -4.299116134643384 ], [ 29.998701095581112, -4.299801826477051 ], [ 29.997987747192553, -4.30008506774891 ], [ 29.996517181396655, -4.299981117248421 ], [ 29.996271133423022, -4.299790859222298 ], [ 29.995878219604549, -4.299489021301156 ], [ 29.995433807373274, -4.298698902129956 ], [ 29.995508193969897, -4.297194004058667 ], [ 29.995321273803995, -4.295729160308611 ], [ 29.99509239196783, -4.293914794921818 ], [ 29.994377136230526, -4.293438911437818 ], [ 29.993696212768725, -4.294808864593449 ], [ 29.993072509765682, -4.295464992523193 ], [ 29.99296951293951, -4.29555606842041 ], [ 29.992151260376204, -4.296285152435303 ], [ 29.991647720337028, -4.297565937042123 ], [ 29.991765975952319, -4.298892974853402 ], [ 29.992776870727823, -4.300219058990479 ], [ 29.99154281616228, -4.300845146179199 ], [ 29.992137908935547, -4.301412105560189 ], [ 29.992063522338924, -4.302156925201359 ], [ 29.991765975952319, -4.302501201629525 ], [ 29.991170883178825, -4.302633762359562 ], [ 29.990356445312557, -4.302320957183838 ], [ 29.9895668029788, -4.301529884338379 ], [ 29.989004135132063, -4.300384044647217 ], [ 29.989330291748274, -4.298758983612061 ], [ 29.988025665283487, -4.298096179961988 ], [ 29.987619400024698, -4.29752779006941 ], [ 29.98708534240717, -4.296775817871037 ], [ 29.986661911010742, -4.297482013702279 ], [ 29.98619270324707, -4.297436237335148 ], [ 29.984922409057788, -4.29767084121687 ], [ 29.984407424926701, -4.298377990722599 ], [ 29.984334945678881, -4.298624038696289 ], [ 29.984077453613338, -4.299510955810433 ], [ 29.983465194702376, -4.300171852111703 ], [ 29.982433319091854, -4.300406932830697 ], [ 29.980552673339787, -4.301163196563721 ], [ 29.979425430298136, -4.301115036010685 ], [ 29.979333877563533, -4.299838066100961 ], [ 29.978908538818473, -4.300594806671143 ], [ 29.977640151977596, -4.301631927490234 ], [ 29.976135253906534, -4.3013978004455 ], [ 29.972799301147518, -4.301066875457536 ], [ 29.971860885620401, -4.301822185516187 ], [ 29.971437454223576, -4.30318880081154 ], [ 29.970966339111328, -4.303614139556657 ], [ 29.969320297241268, -4.303520202636548 ], [ 29.969932556152344, -4.304321765899601 ], [ 29.969886779785327, -4.305500030517578 ], [ 29.969135284423885, -4.305924892425537 ], [ 29.969463348388729, -4.307339191436768 ], [ 29.9685707092288, -4.307858943939152 ], [ 29.968711853027457, -4.308707237243539 ], [ 29.967864990234432, -4.310498237609863 ], [ 29.968334197998104, -4.311395168304443 ], [ 29.968099594116154, -4.31233978271473 ], [ 29.966831207275618, -4.313659191131478 ], [ 29.965892791748104, -4.313990116119385 ], [ 29.96636009216337, -4.315167903900146 ], [ 29.965938568115348, -4.316535949706918 ], [ 29.964952468872013, -4.316818237304574 ], [ 29.965703964233455, -4.317337989807015 ], [ 29.966125488281307, -4.318705081939584 ], [ 29.965797424316463, -4.319458961486816 ], [ 29.964387893676701, -4.321629047393799 ], [ 29.963258743286303, -4.323468208312988 ], [ 29.961896896362362, -4.324365139007568 ], [ 29.961614608764592, -4.32554292678833 ], [ 29.961191177368164, -4.326203823089486 ], [ 29.959924697876033, -4.327712059020996 ], [ 29.958984375000114, -4.32818412780756 ], [ 29.95837211608881, -4.329080104827767 ], [ 29.957620620727766, -4.329315185546761 ], [ 29.95639991760271, -4.328702926635629 ], [ 29.954990386962947, -4.329268932342472 ], [ 29.954755783080998, -4.329927921295109 ], [ 29.954143524170092, -4.330118179321062 ], [ 29.953773498535213, -4.329951763153019 ], [ 29.953298568725643, -4.32974100112898 ], [ 29.953062057495288, -4.330400943756104 ], [ 29.952310562134073, -4.33072996139515 ], [ 29.951183319092024, -4.329411029815446 ], [ 29.951183319092024, -4.330872058868181 ], [ 29.95046424865717, -4.330788135528564 ], [ 29.950384140014819, -4.330778121948072 ], [ 29.949914932251147, -4.331060886383057 ], [ 29.949728012085018, -4.332004070281982 ], [ 29.948692321777287, -4.332946777343636 ], [ 29.94770622253435, -4.335116863250619 ], [ 29.945402145385685, -4.335731029510498 ], [ 29.944698333740462, -4.336767196655217 ], [ 29.943382263183764, -4.337663173675423 ], [ 29.943382263183764, -4.338747978210336 ], [ 29.942489624023494, -4.340115070342904 ], [ 29.941972732544002, -4.339313983917236 ], [ 29.941690444946232, -4.33927583694458 ], [ 29.941268920898608, -4.33922004699707 ], [ 29.939153671264819, -4.339219093322697 ], [ 29.938493728637695, -4.339454174041748 ], [ 29.936191558838004, -4.342660903930664 ], [ 29.93530082702631, -4.342945098876726 ], [ 29.93421745300293, -4.343556880950814 ], [ 29.933513641357536, -4.343556880950814 ], [ 29.933465957641715, -4.342945098876726 ], [ 29.932809829711971, -4.342567920684644 ], [ 29.931070327758789, -4.344313144683781 ], [ 29.930412292480639, -4.344313144683781 ], [ 29.929895401001147, -4.343463897705078 ], [ 29.928251266479663, -4.343369960784798 ], [ 29.928203582763842, -4.343935012817326 ], [ 29.929002761840877, -4.345678806304818 ], [ 29.928062438965128, -4.346811771392652 ], [ 29.927310943603572, -4.347001075744402 ], [ 29.926229476928768, -4.347376823425236 ], [ 29.92588233947771, -4.34755277633667 ], [ 29.925212860107479, -4.347888946533203 ], [ 29.924633026123047, -4.348178863525334 ], [ 29.923833847046012, -4.348038196563493 ], [ 29.920591354370231, -4.349311828613281 ], [ 29.919183731079045, -4.349264144897461 ], [ 29.918806076050032, -4.348792076110726 ], [ 29.918195724487305, -4.349876880645638 ], [ 29.917442321777514, -4.350161075591927 ], [ 29.916971206665096, -4.349404811859131 ], [ 29.91640853881853, -4.348840236663818 ], [ 29.916387557983683, -4.348946094512939 ], [ 29.916219711303654, -4.349782943725472 ], [ 29.915798187255803, -4.350066184997388 ], [ 29.915363311767862, -4.349836826324292 ], [ 29.914905548095703, -4.349595069885254 ], [ 29.914152145385913, -4.34968805313099 ], [ 29.913917541503963, -4.350444793701001 ], [ 29.912979125976847, -4.350678920745793 ], [ 29.913261413574389, -4.350962162017822 ], [ 29.914340972900447, -4.3511509895323 ], [ 29.914529800415096, -4.351810932159424 ], [ 29.912315368652344, -4.352820873260441 ], [ 29.911943435669116, -4.352991104125977 ], [ 29.910911560058707, -4.352896213531437 ], [ 29.910158157348917, -4.351716995239258 ], [ 29.910346984863395, -4.350962162017822 ], [ 29.910301208496378, -4.350396156310978 ], [ 29.910011291504077, -4.349361896514779 ], [ 29.909971237182788, -4.349215984344426 ], [ 29.909500122070369, -4.348934173583984 ], [ 29.909526824951342, -4.349600791931039 ], [ 29.909549713134766, -4.350162029266357 ], [ 29.90886306762701, -4.350567817687931 ], [ 29.908689498901424, -4.35129785537697 ], [ 29.908191680908374, -4.352241039275953 ], [ 29.907136917114542, -4.35216283798195 ], [ 29.907072067260685, -4.352131843566781 ], [ 29.906389236450309, -4.351798057556039 ], [ 29.904954910278377, -4.352373123168945 ], [ 29.904478073120174, -4.352087974548226 ], [ 29.904281616211108, -4.35197114944458 ], [ 29.904104232788143, -4.352272987365609 ], [ 29.903669357299975, -4.353009223937761 ], [ 29.902885437012003, -4.353394031524658 ], [ 29.902347564697322, -4.353413105010816 ], [ 29.901975631713867, -4.353322029113656 ], [ 29.90156364440935, -4.3532199859618 ], [ 29.901826858520451, -4.353394031524658 ], [ 29.902116775512923, -4.3535861968993 ], [ 29.902538299560604, -4.354047775268384 ], [ 29.902307510376204, -4.354603767394792 ], [ 29.901752471923885, -4.355373859405404 ], [ 29.901006698608569, -4.356372833251953 ], [ 29.900276184082202, -4.356585025787354 ], [ 29.899244308471623, -4.356450080871582 ], [ 29.899164199829272, -4.356438159942627 ], [ 29.898494720458984, -4.356334209442139 ], [ 29.898305892944506, -4.355912208557072 ], [ 29.898151397705135, -4.355179786682015 ], [ 29.898019790649585, -4.355011940002214 ], [ 29.897577285766886, -4.354451179504395 ], [ 29.897251129150675, -4.353528022766056 ], [ 29.896907806396428, -4.352797985076904 ], [ 29.896963119506779, -4.353720188140869 ], [ 29.896541595459155, -4.353931903838998 ], [ 29.895776748657227, -4.35416221618641 ], [ 29.895315170288143, -4.353623867034742 ], [ 29.894645690918026, -4.353950977325212 ], [ 29.894145965576229, -4.35364198684681 ], [ 29.893495559692383, -4.352892875671273 ], [ 29.893592834472827, -4.353584766387939 ], [ 29.893302917480696, -4.354104995727539 ], [ 29.892274856567496, -4.354434013366642 ], [ 29.892761230469034, -4.354726791381722 ], [ 29.892940521240405, -4.354834079742318 ], [ 29.892824172973917, -4.355834960937386 ], [ 29.891828536987475, -4.35673999786377 ], [ 29.890314102172908, -4.357315063476506 ], [ 29.888877868652401, -4.357256889343262 ], [ 29.888093948364201, -4.356814861297494 ], [ 29.888036727905444, -4.356566905975114 ], [ 29.888397216797159, -4.355968952178955 ], [ 29.888687133789119, -4.355661869049015 ], [ 29.887979507446346, -4.355968952178955 ], [ 29.887289047241211, -4.356316089630013 ], [ 29.887403488159293, -4.356931209563982 ], [ 29.887767791748217, -4.358603000640755 ], [ 29.886980056762866, -4.358643054962158 ], [ 29.885639190673942, -4.359065055846941 ], [ 29.884740829467887, -4.359776020050049 ], [ 29.88535308837902, -4.360237121582031 ], [ 29.885562896728572, -4.361025810241699 ], [ 29.886003494262866, -4.362545013427734 ], [ 29.885774612427042, -4.363142013549577 ], [ 29.884414672851506, -4.363678932189828 ], [ 29.883935928344897, -4.364274024963379 ], [ 29.884643554687671, -4.364583015441838 ], [ 29.884834289550952, -4.365002155303841 ], [ 29.884931564331168, -4.365217208862191 ], [ 29.885545730590877, -4.365581989288216 ], [ 29.885507583618221, -4.366332054138184 ], [ 29.884798049927042, -4.366735935211182 ], [ 29.884319305419865, -4.367409229278564 ], [ 29.884031295776538, -4.368216991424447 ], [ 29.884260177612362, -4.368428230285417 ], [ 29.88468360900896, -4.36975622177124 ], [ 29.883417129516658, -4.370581150054818 ], [ 29.882556915283487, -4.370504856109619 ], [ 29.881885528564624, -4.369831085204908 ], [ 29.881654739379883, -4.369215965270939 ], [ 29.881654739379883, -4.368196964263802 ], [ 29.880947113037109, -4.368082046508675 ], [ 29.880899429321289, -4.367517948150521 ], [ 29.880849838257063, -4.366927146911564 ], [ 29.880487442016772, -4.367736816406023 ], [ 29.879968643188533, -4.368293762207031 ], [ 29.87926101684576, -4.368717193603402 ], [ 29.87791824340826, -4.36814022064209 ], [ 29.876962661743221, -4.367928028106689 ], [ 29.877517700195597, -4.368600845336914 ], [ 29.877605438232706, -4.368985176086426 ], [ 29.877632141113338, -4.369102001190186 ], [ 29.877229690551928, -4.369582176208382 ], [ 29.876405715942667, -4.369678020477295 ], [ 29.87552452087408, -4.369485855102539 ], [ 29.875007629394588, -4.36975622177124 ], [ 29.874643325805721, -4.370563030242863 ], [ 29.873935699463118, -4.370504856109619 ], [ 29.873781204223576, -4.369887828826847 ], [ 29.873722076416072, -4.369504928588754 ], [ 29.873550415039006, -4.369122982025033 ], [ 29.873563766479492, -4.369650840759277 ], [ 29.873569488525447, -4.369870185851937 ], [ 29.873895645141829, -4.370907783508073 ], [ 29.873531341552791, -4.371234893798771 ], [ 29.87320518493658, -4.371657848358041 ], [ 29.872783660888729, -4.372581005096379 ], [ 29.872266769409407, -4.373003959655762 ], [ 29.872880935668945, -4.374580860137769 ], [ 29.872592926025447, -4.375119209289437 ], [ 29.871635437011662, -4.375483036041146 ], [ 29.872419357299805, -4.375349044799805 ], [ 29.872898101806811, -4.375561237335148 ], [ 29.874010086059741, -4.37688684463501 ], [ 29.873626708984432, -4.377636909484863 ], [ 29.873033523559741, -4.377655982971135 ], [ 29.873262405395508, -4.378099918365365 ], [ 29.873935699463118, -4.377694129943734 ], [ 29.874450683594034, -4.377309799194336 ], [ 29.875215530395565, -4.377291202545166 ], [ 29.875427246094034, -4.377576828002873 ], [ 29.87569618225092, -4.377944946288949 ], [ 29.875236511230753, -4.379405975341797 ], [ 29.874910354614371, -4.380116939544678 ], [ 29.874279022216797, -4.381503105163461 ], [ 29.873453140258789, -4.381348133087045 ], [ 29.873224258423022, -4.380558967590218 ], [ 29.872592926025447, -4.380077838897591 ], [ 29.871175765991495, -4.379366874694711 ], [ 29.871923446655558, -4.380194187164079 ], [ 29.872152328491325, -4.380578994750863 ], [ 29.872287750244254, -4.381655216217041 ], [ 29.87071609497076, -4.381577968597355 ], [ 29.869680404663029, -4.382828235626107 ], [ 29.869220733642862, -4.382873058319092 ], [ 29.868894577026651, -4.382905006408691 ], [ 29.867708206176928, -4.383886814117375 ], [ 29.866865158081225, -4.384136199951001 ], [ 29.866386413574276, -4.383596897125187 ], [ 29.866405487060717, -4.382154941558838 ], [ 29.86628913879423, -4.381289958953744 ], [ 29.865522384643725, -4.38111686706543 ], [ 29.864297866821289, -4.381925106048584 ], [ 29.86358833313011, -4.381905078887939 ], [ 29.863262176513899, -4.381424903869515 ], [ 29.86278343200712, -4.381289958953744 ], [ 29.86171150207548, -4.381597995758 ], [ 29.860733032226847, -4.381040096282845 ], [ 29.86008262634283, -4.380674839019662 ], [ 29.85864448547369, -4.382116794586068 ], [ 29.857055664062727, -4.382520198821851 ], [ 29.856327056884936, -4.382538795471021 ], [ 29.856039047241268, -4.382269859313794 ], [ 29.856212615966854, -4.38111686706543 ], [ 29.855484008789062, -4.381501197814828 ], [ 29.854621887207315, -4.38167381286604 ], [ 29.853605270386026, -4.381077766418287 ], [ 29.853477478027628, -4.381149768829346 ], [ 29.852287292480696, -4.381817817687988 ], [ 29.851995468139648, -4.381980895996094 ], [ 29.851192474365234, -4.381886005401498 ], [ 29.85063552856451, -4.381290912627946 ], [ 29.850233078002873, -4.380250930786076 ], [ 29.850368499755803, -4.379500865936279 ], [ 29.850866317749023, -4.378868103027287 ], [ 29.850290298462198, -4.378308773040771 ], [ 29.850156784057674, -4.379002094268571 ], [ 29.849313735962198, -4.379156112670785 ], [ 29.848030090332202, -4.378847122192155 ], [ 29.846996307373047, -4.378500938415414 ], [ 29.846763610840071, -4.377703189849854 ], [ 29.846746444702433, -4.377099037170353 ], [ 29.847417831420898, -4.376657009124642 ], [ 29.848068237304744, -4.377155780792066 ], [ 29.848701477051065, -4.376714229583683 ], [ 29.847494125366268, -4.374945163726636 ], [ 29.84663200378435, -4.374656200408879 ], [ 29.846651077270792, -4.373888015746843 ], [ 29.846038818359659, -4.373714923858643 ], [ 29.845464706420842, -4.372829914092904 ], [ 29.845079421997127, -4.371581077575684 ], [ 29.843948364258097, -4.371368885040113 ], [ 29.843669891357706, -4.371140956878662 ], [ 29.84312629699707, -4.370695114135742 ], [ 29.843469619751147, -4.370273113250676 ], [ 29.844427108764876, -4.37023401260376 ], [ 29.845060348510856, -4.369870185851937 ], [ 29.845098495483569, -4.369081020355168 ], [ 29.843643188476733, -4.368927955627328 ], [ 29.841745376586857, -4.369023799896127 ], [ 29.839792251587198, -4.369792938232422 ], [ 29.838968276977596, -4.369792938232422 ], [ 29.838508605957031, -4.368543148040658 ], [ 29.837682723999194, -4.368697166442871 ], [ 29.835712432861499, -4.368505001068058 ], [ 29.834255218505916, -4.368581771850586 ], [ 29.833412170410384, -4.368389129638672 ], [ 29.833181381225643, -4.367659091949463 ], [ 29.832721710205135, -4.366640090942155 ], [ 29.83256912231451, -4.366721153259164 ], [ 29.831533432006779, -4.367273807525635 ], [ 29.830825805664006, -4.367292881011906 ], [ 29.83055686950712, -4.366505146026441 ], [ 29.830633163452148, -4.366044044494402 ], [ 29.831169128418253, -4.365353107452393 ], [ 29.830978393554972, -4.364735126495361 ], [ 29.830499649048022, -4.365179061889592 ], [ 29.82998275756853, -4.365352153777962 ], [ 29.82848930358881, -4.365352153777962 ], [ 29.828199386596737, -4.36477518081665 ], [ 29.828756332397518, -4.363468170165902 ], [ 29.829177856445369, -4.362332820892163 ], [ 29.827856063843058, -4.36289119720459 ], [ 29.827108383178995, -4.362487792968579 ], [ 29.826686859131144, -4.361929893493652 ], [ 29.826303482055835, -4.361122131347486 ], [ 29.825576782226619, -4.36225605010975 ], [ 29.824138641357479, -4.361602783202954 ], [ 29.823717117309627, -4.362352848052922 ], [ 29.822530746460245, -4.362967967986947 ], [ 29.821380615234432, -4.362659931182691 ], [ 29.821439743042163, -4.363316059112549 ], [ 29.821590423584155, -4.364985942840462 ], [ 29.821132659912394, -4.365601062774658 ], [ 29.82028961181669, -4.365561962127686 ], [ 29.819080352783317, -4.366696834564152 ], [ 29.818315505981616, -4.367004871368295 ], [ 29.817855834960881, -4.366333007812386 ], [ 29.817436218262003, -4.366052150726148 ], [ 29.816705703735636, -4.365562915801888 ], [ 29.815671920776651, -4.364466190338021 ], [ 29.815805435180607, -4.365140914916879 ], [ 29.814924240112418, -4.365235805511475 ], [ 29.814233779907511, -4.364756107330209 ], [ 29.814067840576229, -4.364898204803467 ], [ 29.813083648681697, -4.36573600769043 ], [ 29.812356948852653, -4.366236209869214 ], [ 29.812662124634016, -4.366947174072209 ], [ 29.812164306640796, -4.368543148040658 ], [ 29.812105178833065, -4.370197772979679 ], [ 29.811397552490291, -4.371253967285156 ], [ 29.810689926147745, -4.371293067932015 ], [ 29.809961318969783, -4.371811866760254 ], [ 29.809558868408146, -4.372369766235238 ], [ 29.809558868408146, -4.373081207275277 ], [ 29.809061050415096, -4.373445987701302 ], [ 29.80838966369646, -4.373561859130746 ], [ 29.807834625244084, -4.375041961669808 ], [ 29.80703163146967, -4.375388145446777 ], [ 29.806837081909237, -4.376158237457219 ], [ 29.806915283203182, -4.377695083618107 ], [ 29.805746078491495, -4.378426074981519 ], [ 29.805534362793026, -4.379327774047738 ], [ 29.804386138916129, -4.380115985870304 ], [ 29.803331375122127, -4.382366180419922 ], [ 29.802928924560547, -4.383077144622803 ], [ 29.802278518676928, -4.383578777313119 ], [ 29.802526473999137, -4.384251117706185 ], [ 29.802181243896484, -4.384828090667725 ], [ 29.801511764526595, -4.385173797607422 ], [ 29.802354812622127, -4.387096881866455 ], [ 29.801971435547159, -4.387653827667179 ], [ 29.799978256225813, -4.391845226287785 ], [ 29.80003547668457, -4.393133163452148 ], [ 29.799461364746321, -4.393576145172119 ], [ 29.798828125, -4.394997119903508 ], [ 29.797201156616154, -4.395094871520882 ], [ 29.797679901123331, -4.395671844482365 ], [ 29.797220230102766, -4.398554801940918 ], [ 29.796663284301815, -4.399149894714185 ], [ 29.796586990356445, -4.399707794189339 ], [ 29.796051025390909, -4.400170803070012 ], [ 29.796203613281307, -4.401072978973332 ], [ 29.795858383178825, -4.402245044708195 ], [ 29.79482460021967, -4.402418136596566 ], [ 29.794519424438533, -4.40324497222889 ], [ 29.793693542480469, -4.403379917144662 ], [ 29.793552398681811, -4.40325403213501 ], [ 29.793197631836222, -4.402937889099121 ], [ 29.792467117309627, -4.404324054718018 ], [ 29.791606903076286, -4.404303073883057 ], [ 29.791471481323356, -4.40484094619751 ], [ 29.790628433227482, -4.405264854431096 ], [ 29.790397644043139, -4.405957221984863 ], [ 29.790437698364201, -4.406879901885986 ], [ 29.789823532104492, -4.407571792602425 ], [ 29.789478302002237, -4.408320903778019 ], [ 29.787946701049862, -4.409418106079102 ], [ 29.78648948669462, -4.409802913665715 ], [ 29.786279678344897, -4.410647869109994 ], [ 29.785953521728516, -4.41132116317732 ], [ 29.784517288207951, -4.411801815032902 ], [ 29.783941268920955, -4.412416934967041 ], [ 29.783807754516602, -4.413261890411263 ], [ 29.783712387084961, -4.413917064666748 ], [ 29.783454895019588, -4.414165019988843 ], [ 29.783195495605469, -4.414416790008431 ], [ 29.782600402832202, -4.413916110992318 ], [ 29.78174018859869, -4.413703918456804 ], [ 29.78191184997587, -4.41449403762806 ], [ 29.781528472900561, -4.414722919464111 ], [ 29.780609130859659, -4.414877891540527 ], [ 29.779975891113338, -4.414723873138428 ], [ 29.779735565185604, -4.41458606719948 ], [ 29.779075622558878, -4.414206027984449 ], [ 29.777809143066577, -4.413839817047119 ], [ 29.776929855346964, -4.413627147674561 ], [ 29.776584625244311, -4.412936210632211 ], [ 29.776401519775561, -4.412806034087964 ], [ 29.77612686157255, -4.412609100341797 ], [ 29.775222778320369, -4.412743091583252 ], [ 29.774995803833178, -4.413206100463754 ], [ 29.774938583374023, -4.413321971893197 ], [ 29.774860382080249, -4.414090156555176 ], [ 29.774286270141602, -4.414590835571289 ], [ 29.774305343628043, -4.415473937988281 ], [ 29.773635864257983, -4.416742801666146 ], [ 29.774248123169116, -4.417339801788103 ], [ 29.77355766296381, -4.418454170227051 ], [ 29.772869110107479, -4.418570041656494 ], [ 29.772026062012003, -4.419760227203369 ], [ 29.769630432129077, -4.421665191650391 ], [ 29.7679443359375, -4.423241138458252 ], [ 29.767082214355753, -4.42424106597889 ], [ 29.766948699951229, -4.426051139831486 ], [ 29.766584396362362, -4.42670106887806 ], [ 29.766412734985522, -4.426814079284611 ], [ 29.76526260376005, -4.427567005157357 ], [ 29.764629364013729, -4.428874015808105 ], [ 29.764699935913313, -4.429870128631421 ], [ 29.764801025390909, -4.431354045867806 ], [ 29.763851165771541, -4.432045936584359 ], [ 29.763557434082031, -4.432642936706543 ], [ 29.764495849609375, -4.43339204788208 ], [ 29.764917373657397, -4.434352874755859 ], [ 29.764879226684513, -4.435256958007585 ], [ 29.763923645019531, -4.436598777770996 ], [ 29.763824462890909, -4.436738014221078 ], [ 29.76396751403837, -4.436931133270207 ], [ 29.764860153198299, -4.438140869140511 ], [ 29.765281677246151, -4.439467906951791 ], [ 29.765548706054972, -4.441871166229248 ], [ 29.764873504638956, -4.443912029266357 ], [ 29.764017105102596, -4.446505069732666 ], [ 29.763826370239315, -4.449503898620435 ], [ 29.765069961547795, -4.449791908264046 ], [ 29.765674591064567, -4.450067996978703 ], [ 29.766584396362362, -4.450483798980599 ], [ 29.7679443359375, -4.451638221740723 ], [ 29.769254684448299, -4.454092979431096 ], [ 29.769296646118335, -4.455947875976392 ], [ 29.761177062988565, -4.46662521362299 ], [ 29.760421752929801, -4.465021133422738 ], [ 29.759939193725643, -4.465676784515267 ], [ 29.75772857666044, -4.468692779540902 ], [ 29.753774642944336, -4.470001220703125 ], [ 29.751417160034293, -4.469748020172005 ], [ 29.750154495239542, -4.469070911407471 ], [ 29.749273300171183, -4.469326019286996 ], [ 29.748136520386026, -4.468692779540902 ], [ 29.747169494628963, -4.467341899871826 ], [ 29.746747970581112, -4.466540813445931 ], [ 29.745065689087085, -4.466413974761849 ], [ 29.744140625000227, -4.466413974761849 ], [ 29.743972778320369, -4.465443134307861 ], [ 29.743942260742244, -4.464187145233154 ], [ 29.743930816650504, -4.463669776916447 ], [ 29.743677139282511, -4.461646080016919 ], [ 29.743509292602482, -4.45974683761591 ], [ 29.742877960205135, -4.458016872405892 ], [ 29.741783142090014, -4.45729923248291 ], [ 29.738630294799918, -4.457214832305795 ], [ 29.735683441162394, -4.455695152282715 ], [ 29.734968185425089, -4.455611228942814 ], [ 29.73437881469755, -4.456076145172062 ], [ 29.73425483703619, -4.457003116607666 ], [ 29.733581542968921, -4.458271026611328 ], [ 29.732402801513729, -4.459324836730843 ], [ 29.732353210449503, -4.459394931793213 ], [ 29.731981277466048, -4.459916114807129 ], [ 29.730468750000284, -4.460927963256779 ], [ 29.728532791137752, -4.461771965026742 ], [ 29.726009368896428, -4.462193965911752 ], [ 29.724157333373967, -4.462110042571908 ], [ 29.723064422607649, -4.461771965026742 ], [ 29.720500946045092, -4.459835052490178 ], [ 29.720161437988565, -4.459578037261963 ], [ 29.719825744629077, -4.457764148712158 ], [ 29.718940734863338, -4.456287860870361 ], [ 29.717678070068359, -4.455316066741773 ], [ 29.716585159302042, -4.456286907195874 ], [ 29.715909957886026, -4.456963062286377 ], [ 29.715364456176815, -4.457509994506836 ], [ 29.713851928711222, -4.458227157592773 ], [ 29.711790084839038, -4.458565235137826 ], [ 29.711074829101733, -4.459030151367074 ], [ 29.710294723510742, -4.460926055908089 ], [ 29.709981918335245, -4.461688041687012 ], [ 29.709180831909237, -4.462068080902043 ], [ 29.707078933715763, -4.462446212768441 ], [ 29.704050064087085, -4.461012840270996 ], [ 29.7021999359132, -4.460000991821119 ], [ 29.699422836303711, -4.459407806396371 ], [ 29.696714401245288, -4.456347942352181 ], [ 29.696435928344897, -4.456033229827881 ], [ 29.696098327636776, -4.455316066741773 ], [ 29.695552825927734, -4.454008102416879 ], [ 29.694206237793253, -4.452700138091927 ], [ 29.692438125610522, -4.451433181762582 ], [ 29.690965652465877, -4.450506210327148 ], [ 29.689493179321573, -4.450717926025277 ], [ 29.686885833740519, -4.452194213867074 ], [ 29.685329437256144, -4.450928211212045 ], [ 29.684825897216967, -4.450675010681096 ], [ 29.683647155761776, -4.451348781585693 ], [ 29.68259429931669, -4.45126485824585 ], [ 29.681163787842081, -4.450336933135759 ], [ 29.679775238037337, -4.450192928314095 ], [ 29.673883438110465, -4.447045803069955 ], [ 29.672561645507812, -4.446834087371826 ], [ 29.671354293823413, -4.447181224822884 ], [ 29.670433044433764, -4.447498798370248 ], [ 29.669456481933537, -4.448163032531625 ], [ 29.667854309082259, -4.449250221252441 ], [ 29.663139343262003, -4.448019027709961 ], [ 29.661886215210188, -4.447994232177734 ], [ 29.661937713623217, -4.447892189025765 ], [ 29.662475585937557, -4.446821212768498 ], [ 29.661252975464038, -4.446586132049504 ], [ 29.655046463012866, -4.445394039153996 ], [ 29.597820281982536, -4.444393157958984 ], [ 29.563394546508846, -4.443789005279541 ], [ 29.494821548462085, -4.444375038146973 ], [ 29.471727371215991, -4.444572925567627 ], [ 29.391475677490405, -4.445250034332162 ], [ 29.390085220336857, -4.432705879211198 ], [ 29.390363693237248, -4.388988971710148 ], [ 29.387878417969034, -4.357821941375619 ], [ 29.388851165771484, -4.338087081909066 ], [ 29.387447357177848, -4.318994998931771 ], [ 29.385301589965934, -4.28983116149891 ], [ 29.382076263428019, -4.210761070251351 ], [ 29.380392074585245, -4.192712783813363 ], [ 29.379934310913086, -4.187809944152718 ], [ 29.378816604614371, -4.175841808318921 ], [ 29.368650436401538, -4.119369983673096 ], [ 29.367755889892862, -4.100027084350586 ], [ 29.361280441284237, -4.085422039031982 ], [ 29.35637092590332, -4.069332122802507 ], [ 29.34784126281761, -4.041376113891602 ], [ 29.343856811523551, -4.033703804016 ], [ 29.327030181884936, -4.012041091918888 ], [ 29.305898666382006, -3.98947095870966 ], [ 29.284254074096737, -3.973290920257568 ], [ 29.282567977905558, -3.970712900161743 ], [ 29.264186859131144, -3.942631959914991 ], [ 29.259054183960188, -3.931963920593262 ], [ 29.253709793090763, -3.918102025985718 ], [ 29.244596481323526, -3.875334024429264 ], [ 29.24454307556158, -3.8681960105896 ], [ 29.241939544677905, -3.853099107742082 ], [ 29.240240097046012, -3.843240976333504 ], [ 29.23994636535673, -3.828964948654175 ], [ 29.231801986694393, -3.790510892867928 ], [ 29.240400314331339, -3.728193044662305 ], [ 29.241743087768839, -3.718478918075448 ], [ 29.241844177246264, -3.713788986206055 ], [ 29.243133544922159, -3.653841018676701 ], [ 29.245477676391886, -3.642174005508423 ], [ 29.243524551391658, -3.603996038436776 ], [ 29.243427276611612, -3.602077007293587 ], [ 29.241317749023438, -3.560856103896924 ], [ 29.239183425903605, -3.533488988876343 ], [ 29.238214492798136, -3.521050930023193 ], [ 29.232734680175781, -3.488215923309156 ], [ 29.228502273559855, -3.476982116699162 ], [ 29.227581024170206, -3.474539041519051 ], [ 29.219554901123331, -3.426130056381112 ], [ 29.219360351562671, -3.425462007522526 ], [ 29.214799880981388, -3.409826993942261 ], [ 29.210153579711971, -3.39388704299904 ], [ 29.204118728637638, -3.36199498176569 ], [ 29.203796386718977, -3.353245019912663 ], [ 29.20271110534685, -3.323493957519304 ], [ 29.20091819763212, -3.308665990829468 ], [ 29.203826904297159, -3.297185897826978 ], [ 29.207887649536417, -3.290201902389299 ], [ 29.234287261963004, -3.269524097442513 ], [ 29.234550476074503, -3.268712043762037 ], [ 29.23793029785179, -3.269289016723633 ], [ 29.239700317383097, -3.268865108489877 ], [ 29.238723754883097, -3.267864942550432 ], [ 29.238330841064624, -3.266946077346802 ], [ 29.237857818603572, -3.266201972961198 ], [ 29.237056732177791, -3.264940977096444 ], [ 29.235946655273608, -3.263931035995256 ], [ 29.235227584838924, -3.263370990753117 ], [ 29.234024047851733, -3.262883901596069 ], [ 29.233398437500284, -3.262197971343824 ], [ 29.232715606689737, -3.261043071746712 ], [ 29.232177734375057, -3.259815931320134 ], [ 29.231586456299112, -3.259057998657113 ], [ 29.231460571289119, -3.258012056350708 ], [ 29.231821060180664, -3.256855964660417 ], [ 29.231624603271428, -3.255161046981812 ], [ 29.230922698974609, -3.25393009185774 ], [ 29.230672836303995, -3.253135919570695 ], [ 29.230491638183821, -3.252486944198381 ], [ 29.231145858764819, -3.251832962036133 ], [ 29.230691909790039, -3.251152038574162 ], [ 29.229740142822436, -3.250376939773332 ], [ 29.229831695556868, -3.249557971954289 ], [ 29.230283737182901, -3.248692035675049 ], [ 29.229515075683651, -3.246871948242188 ], [ 29.229841232299862, -3.246309041976701 ], [ 29.230150222778377, -3.245779991149732 ], [ 29.230783462524698, -3.244685888290405 ], [ 29.230737686157454, -3.243320941925049 ], [ 29.230058670043888, -3.241955041885319 ], [ 29.22965049743658, -3.24067997932417 ], [ 29.228971481323526, -3.239358901977425 ], [ 29.228517532348746, -3.23872089385975 ], [ 29.227613449096964, -3.237628936767408 ], [ 29.227613449096964, -3.235171079635393 ], [ 29.22747611999506, -3.234671115875017 ], [ 29.226436614990519, -3.234123945236206 ], [ 29.225847244262809, -3.233167886733895 ], [ 29.225893020630053, -3.232167005538713 ], [ 29.226074218750057, -3.231074094772111 ], [ 29.225847244262809, -3.22994589805586 ], [ 29.225891113281307, -3.22844409942627 ], [ 29.226480484008789, -3.226986885070687 ], [ 29.226980209350643, -3.225802898406869 ], [ 29.226572036743448, -3.224255084991341 ], [ 29.226707458496378, -3.223115921020394 ], [ 29.227180480957202, -3.222364902496224 ], [ 29.227567672729549, -3.22175192832924 ], [ 29.228427886963061, -3.221069097518921 ], [ 29.230737686157454, -3.220521926879769 ], [ 29.23159599304222, -3.219475984573364 ], [ 29.231054306030558, -3.2177441120146 ], [ 29.230918884277628, -3.216332912444955 ], [ 29.231597900390625, -3.214786052703857 ], [ 29.231756210327205, -3.214673042297136 ], [ 29.232820510864315, -3.213921070098763 ], [ 29.233951568603686, -3.213694095611572 ], [ 29.234313964843977, -3.213100910186597 ], [ 29.233634948730412, -3.211052894592058 ], [ 29.233091354370174, -3.209641933441048 ], [ 29.232366561889705, -3.209003925323316 ], [ 29.231416702270678, -3.207819938659497 ], [ 29.230329513549918, -3.207000017166138 ], [ 29.229152679443303, -3.206317901611158 ], [ 29.227748870849666, -3.204268932342416 ], [ 29.227340698242131, -3.203358888626099 ], [ 29.227340698242131, -3.202128887176514 ], [ 29.227794647216911, -3.201037883758545 ], [ 29.227521896362475, -3.200898885726929 ], [ 29.226028442382983, -3.201765060424805 ], [ 29.225439071655273, -3.201811075210344 ], [ 29.224035263061637, -3.201265096664372 ], [ 29.22294998168951, -3.200627088546639 ], [ 29.222314834594783, -3.199125051498299 ], [ 29.222179412841854, -3.197805881500187 ], [ 29.222858428955021, -3.195482969284058 ], [ 29.223266601562557, -3.194617033004704 ], [ 29.223583221435831, -3.192979097366162 ], [ 29.224327087402514, -3.191699981689453 ], [ 29.224689483642635, -3.190880060195809 ], [ 29.22487068176298, -3.188332080841008 ], [ 29.225006103515909, -3.18709993362404 ], [ 29.225549697876033, -3.186372995376587 ], [ 29.226909637451172, -3.186600923538094 ], [ 29.228584289551009, -3.18714690208418 ], [ 29.229488372803019, -3.186736106872559 ], [ 29.231254577636946, -3.184370994567814 ], [ 29.231119155884016, -3.183686971664429 ], [ 29.230678558349553, -3.183306932449113 ], [ 29.229852676391715, -3.182594060897827 ], [ 29.228359222412394, -3.18186593055708 ], [ 29.227905273437443, -3.181910991668701 ], [ 29.227226257324276, -3.182229995727539 ], [ 29.225460052490291, -3.182276010513306 ], [ 29.224826812744141, -3.181729078292733 ], [ 29.224283218384073, -3.180363893508741 ], [ 29.224237442016658, -3.179043054580575 ], [ 29.22473526001005, -3.177722930908203 ], [ 29.225505828857536, -3.176722049712964 ], [ 29.226230621338175, -3.176175117492448 ], [ 29.228946685791129, -3.174398899078142 ], [ 29.229173660278377, -3.173670053481942 ], [ 29.229217529297159, -3.172714948654061 ], [ 29.229534149169865, -3.172305107116586 ], [ 29.229488372803019, -3.170665979385262 ], [ 29.230442047119425, -3.169481039047241 ], [ 29.231437683105526, -3.168206930160409 ], [ 29.232116699218921, -3.168025016784668 ], [ 29.232524871826456, -3.166887044906503 ], [ 29.232208251953352, -3.165203094482422 ], [ 29.231437683105526, -3.164565086364632 ], [ 29.229534149169865, -3.163747072219849 ], [ 29.228313446044979, -3.162561893463021 ], [ 29.228040695190543, -3.160876989364567 ], [ 29.228130340576229, -3.159466028213501 ], [ 29.228448867798079, -3.158691883087045 ], [ 29.229127883911303, -3.158010005950871 ], [ 29.23007774353033, -3.158101081848145 ], [ 29.230894088745231, -3.158282995223999 ], [ 29.231481552123967, -3.158101081848145 ], [ 29.231979370117188, -3.157190084457397 ], [ 29.232976913452433, -3.156280040740853 ], [ 29.233655929565487, -3.155915021896362 ], [ 29.233430862427042, -3.154642105102425 ], [ 29.234291076660213, -3.153274059295654 ], [ 29.234470367431754, -3.151680946350098 ], [ 29.234651565551928, -3.150998115539323 ], [ 29.23596572876005, -3.14999604225136 ], [ 29.237323760986612, -3.149358987808 ], [ 29.238952636718864, -3.148859024047681 ], [ 29.239496231079158, -3.14867711067194 ], [ 29.239301681518498, -3.146476030349731 ], [ 29.239572525024528, -3.145611047744751 ], [ 29.240024566650334, -3.145109891891309 ], [ 29.239662170410213, -3.143924951553345 ], [ 29.239753723144702, -3.143106937408334 ], [ 29.240522384643612, -3.141695976257211 ], [ 29.239799499511719, -3.140420913696175 ], [ 29.239843368530558, -3.139328002929574 ], [ 29.240251541137752, -3.138554096221753 ], [ 29.241382598877124, -3.138098955154192 ], [ 29.242877960205021, -3.138601064681836 ], [ 29.243227005005053, -3.138556003570557 ], [ 29.243963241577205, -3.138462066650277 ], [ 29.243919372558707, -3.137644052505493 ], [ 29.243375778198242, -3.136369943618661 ], [ 29.243600845336857, -3.132180929183733 ], [ 29.243827819824276, -3.131361007690316 ], [ 29.244598388671932, -3.130223035812151 ], [ 29.244733810424862, -3.128902912139836 ], [ 29.245231628418253, -3.127899885177442 ], [ 29.24587440490734, -3.127844095230046 ], [ 29.246772766113395, -3.12776494026167 ], [ 29.247768402099666, -3.128401994704973 ], [ 29.248628616333065, -3.129175901412964 ], [ 29.249307632446403, -3.129358053207341 ], [ 29.249172210693303, -3.128401994704973 ], [ 29.247087478637695, -3.126079082489014 ], [ 29.246635437011889, -3.124850988387891 ], [ 29.246545791626033, -3.123394966125488 ], [ 29.247270584106445, -3.122483968734571 ], [ 29.24766731262207, -3.122390031814462 ], [ 29.248039245605696, -3.12230205535883 ], [ 29.249126434326456, -3.122710943222046 ], [ 29.250528335571289, -3.124304056167489 ], [ 29.251434326171875, -3.124623060226213 ], [ 29.252386093139876, -3.124669075012093 ], [ 29.253835678100756, -3.123531103134042 ], [ 29.254560470580998, -3.122347116470223 ], [ 29.254379272461222, -3.119342088699113 ], [ 29.255464553833178, -3.117338895797729 ], [ 29.256235122680664, -3.116156101226693 ], [ 29.257865905761889, -3.115062952041512 ], [ 29.259176254272631, -3.11460804939253 ], [ 29.259948730468693, -3.11460804939253 ], [ 29.260581970214844, -3.114924907684326 ], [ 29.260490417480753, -3.114335060119629 ], [ 29.258726119995401, -3.114061117172014 ], [ 29.257184982300089, -3.114106893539429 ], [ 29.256370544433764, -3.113651990890389 ], [ 29.255601882934684, -3.112833023071289 ], [ 29.255102157593058, -3.111192941665536 ], [ 29.253021240234432, -3.110373020171949 ], [ 29.25148010253929, -3.108735084533578 ], [ 29.250438690185604, -3.107597112655412 ], [ 29.250301361084098, -3.106914043426514 ], [ 29.250667572021769, -3.106230020522958 ], [ 29.251434326171875, -3.105819940566903 ], [ 29.252204895019588, -3.105729103088208 ], [ 29.252340316772461, -3.105365037918034 ], [ 29.25184249877924, -3.103634119033813 ], [ 29.252128601074162, -3.102205991744938 ], [ 29.252445220947436, -3.101387023925781 ], [ 29.253667831420898, -3.101387023925781 ], [ 29.2549343109132, -3.101295948028451 ], [ 29.255840301513786, -3.101705074310075 ], [ 29.257469177246037, -3.102889060974121 ], [ 29.257289886474837, -3.101705074310075 ], [ 29.256792068481616, -3.101068019866773 ], [ 29.255298614502124, -3.101159095764103 ], [ 29.253711700439737, -3.101022958755493 ], [ 29.252897262573242, -3.100840091705095 ], [ 29.251901626587141, -3.099884033203011 ], [ 29.250225067138729, -3.098790884017831 ], [ 29.247282028198526, -3.097563028335458 ], [ 29.247014999389705, -3.097229957580566 ], [ 29.246513366699446, -3.09660601615883 ], [ 29.246377944946516, -3.09560489654541 ], [ 29.247463226318303, -3.094603061675912 ], [ 29.248529434204386, -3.094320058822404 ], [ 29.249002456665039, -3.094193935394287 ], [ 29.253622055053881, -3.094602108001709 ], [ 29.253622055053881, -3.093784093856698 ], [ 29.252309799194506, -3.09109807014454 ], [ 29.25167465209978, -3.089550018310433 ], [ 29.25217247009283, -3.088548898696729 ], [ 29.252410888671932, -3.088352918624651 ], [ 29.252670288086222, -3.088139057159196 ], [ 29.254028320312614, -3.088320970535051 ], [ 29.255569458007756, -3.088458061218034 ], [ 29.256700515747355, -3.087955951690674 ], [ 29.257335662842081, -3.086318016052132 ], [ 29.257516860961857, -3.084542036056291 ], [ 29.257514953613452, -3.083585977554151 ], [ 29.255477905273665, -3.08180904388405 ], [ 29.253168106079272, -3.07866907119751 ], [ 29.252944946289062, -3.077851057052612 ], [ 29.253349304199276, -3.07652902603138 ], [ 29.254299163818644, -3.075892925262337 ], [ 29.255006790161417, -3.07584810256958 ], [ 29.255731582641658, -3.076941013336182 ], [ 29.256744384765796, -3.077801942825204 ], [ 29.256956100464095, -3.077750921249276 ], [ 29.257108688354492, -3.077713012695199 ], [ 29.25602149963396, -3.076575040817033 ], [ 29.255298614502124, -3.07561898231495 ], [ 29.255161285400447, -3.074024915695134 ], [ 29.255613327026424, -3.072796106338274 ], [ 29.256561279297046, -3.071645975112915 ], [ 29.257471084595011, -3.070383071899357 ], [ 29.259010314941577, -3.068653106689339 ], [ 29.259145736694279, -3.06797099113453 ], [ 29.258972167969034, -3.067665100097599 ], [ 29.258783340454158, -3.067332983016968 ], [ 29.258268356323299, -3.067425966262817 ], [ 29.257452011108569, -3.067972898483276 ], [ 29.256681442260913, -3.068200111389046 ], [ 29.256151199341105, -3.06837797164917 ], [ 29.25538825988798, -3.06806111335743 ], [ 29.2549343109132, -3.067514896392822 ], [ 29.254980087280444, -3.066241025924512 ], [ 29.255161285400447, -3.065330028533936 ], [ 29.254487991333178, -3.064717054366952 ], [ 29.254211425781364, -3.064465045928841 ], [ 29.251901626587141, -3.064510107040292 ], [ 29.2510414123538, -3.064100980758553 ], [ 29.249727249145678, -3.062644004821777 ], [ 29.249275207519474, -3.061141014099007 ], [ 29.249591827392749, -3.059866905212289 ], [ 29.250768661499194, -3.058955907821428 ], [ 29.25229644775419, -3.058505058288404 ], [ 29.253511428832951, -3.058821916580143 ], [ 29.254070281982479, -3.059091091156006 ], [ 29.254573822021484, -3.058728933334237 ], [ 29.254074096679858, -3.057770967483407 ], [ 29.253032684326342, -3.056771039962769 ], [ 29.2518825531007, -3.055953025817757 ], [ 29.251655578613338, -3.055179119109937 ], [ 29.251655578613338, -3.053905010223275 ], [ 29.252471923828409, -3.053267002105599 ], [ 29.253692626953296, -3.052858114242554 ], [ 29.253965377807901, -3.052220106124764 ], [ 29.253330230713175, -3.051673889160043 ], [ 29.252063751220874, -3.050853967666569 ], [ 29.250930786133097, -3.049580097198259 ], [ 29.249935150146428, -3.048851013183594 ], [ 29.247762680053711, -3.047440052032471 ], [ 29.246402740478572, -3.046394109725838 ], [ 29.245452880859318, -3.044935941696053 ], [ 29.245126724243107, -3.044761896133195 ], [ 29.244592666626147, -3.044573068618774 ], [ 29.244119644165323, -3.044440984725952 ], [ 29.243280410766602, -3.044205904006787 ], [ 29.241874694824389, -3.043251037597599 ], [ 29.239566802978572, -3.041476011276075 ], [ 29.239067077636776, -3.04029202461237 ], [ 29.239204406738452, -3.039108991622754 ], [ 29.240018844604776, -3.038289070129395 ], [ 29.241106033325309, -3.037105083465576 ], [ 29.241151809692553, -3.036514043807813 ], [ 29.240472793579158, -3.036057949065992 ], [ 29.238252639770451, -3.036011934280168 ], [ 29.23739242553728, -3.035921096801758 ], [ 29.235944747924862, -3.036011934280168 ], [ 29.235128402710131, -3.036057949065992 ], [ 29.233770370483342, -3.03569388389576 ], [ 29.23132514953619, -3.03259801864607 ], [ 29.231370925903434, -3.03154993057251 ], [ 29.232095718384073, -3.030685901641846 ], [ 29.233680725097656, -3.030322074890137 ], [ 29.234540939330998, -3.030093908309937 ], [ 29.235534667968693, -3.029001951217538 ], [ 29.235853195190543, -3.028363943099919 ], [ 29.235944747924862, -3.025404930114746 ], [ 29.234359741211222, -3.025541067123299 ], [ 29.233409881591797, -3.025995969772168 ], [ 29.229831695556868, -3.026587963104134 ], [ 29.228879928588867, -3.026269912719613 ], [ 29.227973937988281, -3.025268077850114 ], [ 29.227294921875284, -3.023766040801775 ], [ 29.227022171020678, -3.022717952728158 ], [ 29.226797103881893, -3.021717071533033 ], [ 29.225620269775447, -3.020806074142399 ], [ 29.224828720092944, -3.020612001419067 ], [ 29.223836898803825, -3.020910978317033 ], [ 29.222507476806811, -3.021979093551636 ], [ 29.221710205078182, -3.022238969802743 ], [ 29.22114181518549, -3.022424936294328 ], [ 29.220355987548942, -3.022962093353101 ], [ 29.219955444335938, -3.023068904876652 ], [ 29.218143463134766, -3.023159980773926 ], [ 29.216604232788029, -3.02261400222767 ], [ 29.215608596801758, -3.021840095519792 ], [ 29.214975357055778, -3.021749019622746 ], [ 29.213897705078352, -3.021809101104736 ], [ 29.212223052978516, -3.02235388755787 ], [ 29.210096359253214, -3.022672891616764 ], [ 29.20763969421381, -3.022522926330453 ], [ 29.206914901733569, -3.022340059280225 ], [ 29.205566406250284, -3.0213170051573 ], [ 29.205059051513956, -3.020929098129216 ], [ 29.204650878906421, -3.021157026290894 ], [ 29.204610824585131, -3.021585941314527 ], [ 29.204586029052905, -3.021850109100342 ], [ 29.204561233520508, -3.022114038467407 ], [ 29.204402923583984, -3.022430896758806 ], [ 29.204288482666072, -3.022659063339233 ], [ 29.203836441040266, -3.022978067397958 ], [ 29.203020095825195, -3.022933006286451 ], [ 29.201784133911417, -3.022382974624634 ], [ 29.201074600219897, -3.02206802368147 ], [ 29.199533462524357, -3.020384073257389 ], [ 29.198221206665039, -3.019290924072266 ], [ 29.197360992431641, -3.018106937408447 ], [ 29.19687461853033, -3.017540931701603 ], [ 29.196361541748047, -3.016943931579476 ], [ 29.195428848266658, -3.016196012496948 ], [ 29.194433212280387, -3.013236045837289 ], [ 29.193662643432901, -3.011734008788949 ], [ 29.193618774414062, -3.010050058364868 ], [ 29.193529129028377, -3.00959491729725 ], [ 29.193260192871094, -3.009326934814226 ], [ 29.192892074585018, -3.008956909179574 ], [ 29.19075965881342, -3.009099960327035 ], [ 29.188817977905273, -3.009229898452588 ], [ 29.185693740844783, -3.009366989135572 ], [ 29.185014724731559, -3.009047985076791 ], [ 29.184698104858683, -3.008456945419312 ], [ 29.184244155883903, -3.006863117217904 ], [ 29.184064865112532, -3.00581598281849 ], [ 29.183565139770508, -3.004678010940552 ], [ 29.183521270752067, -3.003721952438241 ], [ 29.184335708618164, -3.002446889877149 ], [ 29.184890747070369, -3.002027988433838 ], [ 29.185344696044922, -3.001298904418945 ], [ 29.185117721557731, -3.000525951385498 ], [ 29.183622360229663, -2.998157978057861 ], [ 29.182401657104549, -2.99642896652216 ], [ 29.180044174194336, -2.995471000671159 ], [ 29.178325653076229, -2.994198083877563 ], [ 29.177419662475643, -2.992969036102124 ], [ 29.177261352539119, -2.992136955261003 ], [ 29.174634933471793, -2.993731021881104 ], [ 29.174543380737362, -2.994230985641479 ], [ 29.174680709838867, -2.994961023330688 ], [ 29.174318313598746, -2.995687961578369 ], [ 29.17354774475109, -2.996006965637093 ], [ 29.172054290771541, -2.995915889739763 ], [ 29.171510696411303, -2.996189117431527 ], [ 29.170288085937614, -2.997236013412248 ], [ 29.169698715210131, -2.997236013412248 ], [ 29.168975830078068, -2.997190952300912 ], [ 29.167797088623047, -2.996417045593205 ], [ 29.167072296142635, -2.994004011154004 ], [ 29.165805816650504, -2.99291205406189 ], [ 29.165533065795898, -2.992364883422681 ], [ 29.165397644042969, -2.991501092910767 ], [ 29.165624618530558, -2.990999937057325 ], [ 29.166576385498161, -2.990680932998487 ], [ 29.1671142578125, -2.990443944930917 ], [ 29.16761589050293, -2.990225076675245 ], [ 29.167888641357536, -2.988404035568067 ], [ 29.168521881103516, -2.987037897109929 ], [ 29.170196533203182, -2.98512601852417 ], [ 29.171192169189453, -2.984080076217538 ], [ 29.171375274658203, -2.982120990753003 ], [ 29.170785903930664, -2.981120109558105 ], [ 29.169563293457031, -2.979115962982178 ], [ 29.169155120849666, -2.977659940719604 ], [ 29.169008255004996, -2.97635793685896 ], [ 29.167379379272575, -2.974354982376099 ], [ 29.166835784912109, -2.973397970199585 ], [ 29.166070938110408, -2.971609115600359 ], [ 29.165706634521712, -2.971107006072998 ], [ 29.165798187255973, -2.970333099365121 ], [ 29.166114807128849, -2.969604969024658 ], [ 29.166929244995174, -2.969423055648633 ], [ 29.167095184326229, -2.969389915466309 ], [ 29.16783523559576, -2.96924090385437 ], [ 29.168468475341911, -2.96842098236084 ], [ 29.168649673462085, -2.968010902404785 ], [ 29.167957305908203, -2.96768403053261 ], [ 29.167200088501033, -2.967328071594238 ], [ 29.166341781616268, -2.966006994247437 ], [ 29.166070938110408, -2.964504957199097 ], [ 29.166069030761832, -2.963457107543945 ], [ 29.16769981384283, -2.960223913192692 ], [ 29.167745590210075, -2.95967698097229 ], [ 29.166839599609489, -2.959904909133684 ], [ 29.165798187255973, -2.959860086440926 ], [ 29.16362380981451, -2.958539009094125 ], [ 29.161178588867188, -2.956762075424137 ], [ 29.160499572753963, -2.95498704910267 ], [ 29.160182952880916, -2.953438997268563 ], [ 29.158084869384822, -2.954426050186157 ], [ 29.156906127929801, -2.952559947967472 ], [ 29.154851913452148, -2.951984882354566 ], [ 29.155124664306754, -2.949456930160295 ], [ 29.154266357421989, -2.94895601272583 ], [ 29.153312683105582, -2.947679996490251 ], [ 29.152816772460938, -2.947679996490251 ], [ 29.152652740478629, -2.947072029113542 ], [ 29.152732849121207, -2.946887969970476 ], [ 29.152278900146428, -2.947114944457894 ], [ 29.15173530578636, -2.948708057403451 ], [ 29.15146446228033, -2.949027061462175 ], [ 29.150604248047159, -2.94925594329834 ], [ 29.149471282958984, -2.949071884155217 ], [ 29.147705078125057, -2.948209047317505 ], [ 29.1461181640625, -2.947798013687134 ], [ 29.142589569091797, -2.946887969970476 ], [ 29.141820907592887, -2.945749998092538 ], [ 29.140188217163086, -2.942106008529549 ], [ 29.140008926391715, -2.940557956695329 ], [ 29.139644622802848, -2.940011024474927 ], [ 29.138751983642749, -2.939193010329973 ], [ 29.137439727783203, -2.938465118407976 ], [ 29.136260986328182, -2.938146114349252 ], [ 29.134782791137752, -2.936976909637451 ], [ 29.133651733398551, -2.937113046646061 ], [ 29.133335113525447, -2.936886072158813 ], [ 29.132156372070256, -2.936019897460938 ], [ 29.1315212249757, -2.934473037719556 ], [ 29.131343841552734, -2.933952093124276 ], [ 29.131069183349723, -2.933152914047241 ], [ 29.130661010742188, -2.932332038879395 ], [ 29.129529953002987, -2.9314670562743 ], [ 29.128896713256836, -2.930602073669434 ], [ 29.128608703613509, -2.930217027664071 ], [ 29.128488540649471, -2.930054903030168 ], [ 29.127311706543026, -2.930191993713152 ], [ 29.125139236450309, -2.931056976318132 ], [ 29.124006271362362, -2.93128395080555 ], [ 29.122240066528434, -2.930922031402474 ], [ 29.120429992675838, -2.929645061492749 ], [ 29.119567871093693, -2.929327011108228 ], [ 29.118980407714957, -2.92896294593811 ], [ 29.118347167968807, -2.928462982177621 ], [ 29.116744995117188, -2.927717924117928 ], [ 29.114496231079102, -2.92629694938654 ], [ 29.112277984619141, -2.925612926483154 ], [ 29.109924316406307, -2.922653913497925 ], [ 29.108793258667106, -2.922334909439087 ], [ 29.10770416259777, -2.92247200012207 ], [ 29.106754302978516, -2.922972917556649 ], [ 29.106546401977596, -2.92375802993763 ], [ 29.106393814086971, -2.924339056015015 ], [ 29.105577468872298, -2.925067901611328 ], [ 29.104581832885799, -2.925293922424146 ], [ 29.102680206298942, -2.924612998962175 ], [ 29.101320266723803, -2.923974990844727 ], [ 29.10059738159174, -2.922929048538094 ], [ 29.100051879882869, -2.92142391204834 ], [ 29.100051879882869, -2.920696020126229 ], [ 29.099674224853516, -2.920521974563371 ], [ 29.098360061645565, -2.921022891998291 ], [ 29.09772872924799, -2.921114921569597 ], [ 29.096721649170206, -2.920605897903386 ], [ 29.09617805480957, -2.919374942779427 ], [ 29.096315383911246, -2.918512105941772 ], [ 29.095771789550781, -2.917053937911987 ], [ 29.095138549804801, -2.913912057876587 ], [ 29.09368896484375, -2.912045955657845 ], [ 29.092239379883097, -2.909403085708504 ], [ 29.091560363769531, -2.907263040542546 ], [ 29.090791702270621, -2.90667104721058 ], [ 29.089748382568359, -2.902298927307129 ], [ 29.089250564575309, -2.902026891708374 ], [ 29.08884429931652, -2.901343107223511 ], [ 29.089206695556641, -2.900114059448242 ], [ 29.089250564575309, -2.899157047271615 ], [ 29.088890075683594, -2.897563934326058 ], [ 29.08969688415533, -2.895663976669255 ], [ 29.08996772766119, -2.893841981887704 ], [ 29.090421676635799, -2.892839908599683 ], [ 29.08983230590826, -2.891428947448503 ], [ 29.089740753173828, -2.890244007110482 ], [ 29.090057373046875, -2.889242887496778 ], [ 29.090375900268555, -2.888331890106201 ], [ 29.090963363647461, -2.887057065963688 ], [ 29.092004776000977, -2.885600090026799 ], [ 29.092504501342773, -2.884598016738778 ], [ 29.094133377075423, -2.882365942001115 ], [ 29.094041824340934, -2.881592035293465 ], [ 29.093782424926815, -2.881279945373421 ], [ 29.093320846557674, -2.880727052688542 ], [ 29.093320846557674, -2.879817008972054 ], [ 29.093301773071232, -2.879415035247803 ], [ 29.093271255493278, -2.878767967224007 ], [ 29.092458724975586, -2.878221988677808 ], [ 29.092275619506836, -2.877357006072998 ], [ 29.092458724975586, -2.876811027526799 ], [ 29.092525482178019, -2.876708984375 ], [ 29.092910766601562, -2.876127958297616 ], [ 29.092504501342773, -2.87549090385437 ], [ 29.09141731262207, -2.874351978301888 ], [ 29.090745925903377, -2.871968984603882 ], [ 29.090021133422965, -2.871103048324528 ], [ 29.089748382568359, -2.871103048324528 ], [ 29.089115142822379, -2.872422933578491 ], [ 29.088300704956055, -2.872924089431763 ], [ 29.086669921875057, -2.873379945754948 ], [ 29.085943222046012, -2.873334884643555 ], [ 29.085176467895565, -2.872287034988346 ], [ 29.083589553833008, -2.869601011276188 ], [ 29.081869125366268, -2.868781089782715 ], [ 29.079877853393555, -2.868325948715096 ], [ 29.078384399414233, -2.867552042007446 ], [ 29.078048706054688, -2.867693901061898 ], [ 29.077522277832088, -2.867914915084611 ], [ 29.077161788940543, -2.867643117904663 ], [ 29.076120376587028, -2.864955902099496 ], [ 29.075439453125057, -2.863816976547014 ], [ 29.07421875, -2.86358904838545 ], [ 29.072044372558707, -2.86436390876753 ], [ 29.070640563964901, -2.864773988723755 ], [ 29.069372177124194, -2.864273071288835 ], [ 29.068647384643555, -2.86272311210621 ], [ 29.06828689575201, -2.861311912536507 ], [ 29.067924499511719, -2.860354900359994 ], [ 29.068376541137695, -2.859354019164869 ], [ 29.069553375244141, -2.858488082885742 ], [ 29.070188522338867, -2.858488082885742 ], [ 29.070323944091797, -2.857716083526498 ], [ 29.069732666015909, -2.856857061386108 ], [ 29.069101333618164, -2.855938911437988 ], [ 29.067924499511719, -2.855679035186768 ], [ 29.066837310790959, -2.855437994003125 ], [ 29.06566047668457, -2.854208946227971 ], [ 29.065706253051758, -2.852751016616708 ], [ 29.066385269165153, -2.851341009139787 ], [ 29.067253112793253, -2.851090908050537 ], [ 29.068248748779354, -2.850802898406926 ], [ 29.068582534790096, -2.850096940994149 ], [ 29.068763732910213, -2.849503993988037 ], [ 29.06767654418951, -2.847136020660344 ], [ 29.066997528076286, -2.845679998397657 ], [ 29.066001892089844, -2.844858884811288 ], [ 29.065460205078125, -2.844996929168474 ], [ 29.064281463623104, -2.846044063568115 ], [ 29.063285827636832, -2.845542907714673 ], [ 29.0620632171632, -2.844587087631055 ], [ 29.061292648315714, -2.843266010284253 ], [ 29.06052207946783, -2.842538118362199 ], [ 29.060749053955078, -2.841398954391252 ], [ 29.061214447021541, -2.839828968047982 ], [ 29.06112289428728, -2.838871955871582 ], [ 29.061212539672965, -2.838188886642456 ], [ 29.060308456420955, -2.836641073226929 ], [ 29.059808731079158, -2.8353199958799 ], [ 29.059627532958984, -2.834409952163696 ], [ 29.058904647827148, -2.833770990371534 ], [ 29.058588027954045, -2.833451986312809 ], [ 29.057725906372127, -2.832223892211914 ], [ 29.056911468505803, -2.831585884094011 ], [ 29.056776046752873, -2.831131935119515 ], [ 29.057455062866268, -2.830080032348405 ], [ 29.056955337524471, -2.829531908035278 ], [ 29.05492019653326, -2.828394889831429 ], [ 29.053607940673885, -2.82789397239668 ], [ 29.052614212036417, -2.827120065689087 ], [ 29.051794052124137, -2.826482057571241 ], [ 29.051343917846737, -2.825661897659302 ], [ 29.051433563232422, -2.824434041976929 ], [ 29.05070877075201, -2.822976112365666 ], [ 29.050119400024471, -2.820015907287541 ], [ 29.049259185791129, -2.819969892501831 ], [ 29.047819137573413, -2.819535970687639 ], [ 29.047449111938533, -2.819423913955575 ], [ 29.046272277832315, -2.819561004638558 ], [ 29.045320510864315, -2.820698976516496 ], [ 29.044279098510799, -2.820879936218148 ], [ 29.043975830078182, -2.820914983749219 ], [ 29.042253494262923, -2.822484970092773 ], [ 29.040117263793945, -2.823805093765088 ], [ 29.037408828735295, -2.824795961379891 ], [ 29.034124374389648, -2.824465036392212 ], [ 29.033714294433707, -2.825620889663526 ], [ 29.033100128173828, -2.826137065887337 ], [ 29.032136917114258, -2.826313018798601 ], [ 29.031936645507869, -2.826349973678475 ], [ 29.031299591064737, -2.82659006118763 ], [ 29.030639648437614, -2.826883077621233 ], [ 29.029975891113281, -2.826349973678475 ], [ 29.029499053955078, -2.826297044754028 ], [ 29.02862548828125, -2.826564073562395 ], [ 29.027805328369368, -2.826589107513428 ], [ 29.026718139648438, -2.825923919677678 ], [ 29.025659561157454, -2.823954105377027 ], [ 29.025236129760799, -2.82307505607605 ], [ 29.024122238159293, -2.822915077209359 ], [ 29.023277282714844, -2.822649002075082 ], [ 29.022668838501261, -2.82155704498291 ], [ 29.021369934082031, -2.821717023849374 ], [ 29.020389556884822, -2.820916891098022 ], [ 29.01970100402832, -2.820971965789681 ], [ 29.017768859863281, -2.822009086608773 ], [ 29.016788482666072, -2.822115898132211 ], [ 29.016391754150447, -2.821850061416455 ], [ 29.015783309936523, -2.821502923965227 ], [ 29.014379501342887, -2.8211829662323 ], [ 29.012630462646598, -2.82083702087391 ], [ 29.010593414306641, -2.819719076156559 ], [ 29.007946014404297, -2.81790804862959 ], [ 29.005958557128906, -2.816629886627197 ], [ 29.005851745605582, -2.816467046737444 ], [ 29.005588531494254, -2.81607007980341 ], [ 29.005270004272404, -2.815299034118596 ], [ 29.005031585693303, -2.814976930618059 ], [ 29.004396438598746, -2.814126014709302 ], [ 29.003311157226619, -2.812021970748731 ], [ 29.002332687377987, -2.811275959014779 ], [ 29.001749038696232, -2.810211896896362 ], [ 29.001720428466854, -2.808720111846924 ], [ 29.001483917236555, -2.808267116546631 ], [ 29.001350402832031, -2.807466983795109 ], [ 29.001615524292106, -2.806775093078613 ], [ 29.001932144164982, -2.806216001510506 ], [ 29.002008438110579, -2.805689096450635 ], [ 29.002119064331112, -2.804910898208618 ], [ 29.002092361450309, -2.803951025009042 ], [ 29.002065658569336, -2.803446054458504 ], [ 29.000873565673828, -2.800703048705884 ], [ 29.000503540039176, -2.798970937728882 ], [ 29.000476837158203, -2.796602964401131 ], [ 29.0006103515625, -2.794764041900635 ], [ 29.00092887878418, -2.793432950973283 ], [ 29.001007080078352, -2.791620969772111 ], [ 29.000345230102596, -2.790050029754639 ], [ 29.000476837158203, -2.787972927093392 ], [ 29.000566482544059, -2.787123918533268 ], [ 29.000715255737305, -2.785708904266357 ], [ 29.00156211853033, -2.783498048782235 ], [ 29.002489089965934, -2.781261920928955 ], [ 29.003284454345817, -2.780648946761971 ], [ 29.005191802978629, -2.779582023620492 ], [ 29.00736236572294, -2.778704881668091 ], [ 29.007917404174918, -2.778064012527409 ], [ 29.008844375610352, -2.775535106658765 ], [ 29.009958267212085, -2.774418115615731 ], [ 29.011362075805721, -2.773324012756234 ], [ 29.011730194091797, -2.772764921188127 ], [ 29.015411376953239, -2.771275043487492 ], [ 29.016815185546875, -2.770633935928231 ], [ 29.017213821411133, -2.770049095153695 ], [ 29.018589019775561, -2.769222974777051 ], [ 29.020284652710245, -2.766506910323983 ], [ 29.022588729858512, -2.763523101806527 ], [ 29.02305984497076, -2.763015985488835 ], [ 29.023674011230469, -2.762351989745866 ], [ 29.02552604675293, -2.760833978652954 ], [ 29.026746749877987, -2.759902000427246 ], [ 29.02753829956049, -2.759475946426278 ], [ 29.029050827026424, -2.759449005126953 ], [ 29.029949188232479, -2.759396076202279 ], [ 29.032014846802042, -2.758383989334106 ], [ 29.0328369140625, -2.758464097976571 ], [ 29.033563613891715, -2.758822917938232 ], [ 29.034399032593058, -2.759236097335645 ], [ 29.035352706909464, -2.759529113769474 ], [ 29.036649703979549, -2.759500980377197 ], [ 29.037656784057731, -2.759982109069767 ], [ 29.038238525390682, -2.760035037994385 ], [ 29.038583755493164, -2.75881004333479 ], [ 29.038133621215934, -2.757690906524431 ], [ 29.03800010681158, -2.75702595710743 ], [ 29.038078308105582, -2.755321025848332 ], [ 29.038528442382812, -2.752444982528459 ], [ 29.038700103759822, -2.75177001953125 ], [ 29.038797378540039, -2.750860929488965 ], [ 29.039249420166243, -2.748622894287109 ], [ 29.039390563964901, -2.748363018035832 ], [ 29.040117263793945, -2.747034072875863 ], [ 29.040182113647404, -2.745899915695077 ], [ 29.040086746215763, -2.744733095169011 ], [ 29.040174484252873, -2.743100166320687 ], [ 29.04060173034668, -2.743427276611328 ], [ 29.040851593017692, -2.743950843810921 ], [ 29.040826797485465, -2.743006229400635 ], [ 29.040853500366268, -2.742754220962468 ], [ 29.040750503540096, -2.742449045181274 ], [ 29.040731430053825, -2.742395401000977 ], [ 29.040569305419922, -2.741949558258 ], [ 29.040328979492244, -2.741629362106323 ], [ 29.040279388427848, -2.741283178329297 ], [ 29.040220260620117, -2.740598917007333 ], [ 29.040338516235352, -2.740286350250017 ], [ 29.040449142456112, -2.740122318267709 ], [ 29.040437698364371, -2.739899396896249 ], [ 29.040422439575309, -2.739643812179565 ], [ 29.040475845337085, -2.739453792572021 ], [ 29.040676116943473, -2.739238977432251 ], [ 29.040962219238395, -2.739137649536133 ], [ 29.041267395019588, -2.739027738571167 ], [ 29.041629791259879, -2.739044666290283 ], [ 29.041748046874943, -2.739044666290283 ], [ 29.041849136352539, -2.738905429840088 ], [ 29.041849136352539, -2.738706827163469 ], [ 29.041681289673079, -2.738279104232618 ], [ 29.04133415222185, -2.738039493560734 ], [ 29.041131973266658, -2.737972021102792 ], [ 29.040870666504134, -2.737912893295174 ], [ 29.040616989135742, -2.737955093383562 ], [ 29.040540695190543, -2.737940311431828 ], [ 29.040397644043082, -2.737912893295174 ], [ 29.040428161621264, -2.737834692001343 ], [ 29.040472030639705, -2.737726926803532 ], [ 29.040725708007869, -2.737566471099854 ], [ 29.040950775146484, -2.737381458282471 ], [ 29.040996551513729, -2.737025976180803 ], [ 29.04119873046875, -2.736645936965772 ], [ 29.041292190551758, -2.736510753631592 ], [ 29.041320800781364, -2.736280202865373 ], [ 29.041191101074389, -2.736215114593506 ], [ 29.040954589843864, -2.736088275909424 ], [ 29.040851593017692, -2.735934734344482 ], [ 29.0408363342288, -2.735910892486572 ], [ 29.040874481201286, -2.73586797714222 ], [ 29.040971755981502, -2.735759019851571 ], [ 29.041122436523722, -2.735682964324951 ], [ 29.041303634643668, -2.735599517822266 ], [ 29.041351318359489, -2.735066175460815 ], [ 29.041528701782283, -2.734922647476026 ], [ 29.041681289673079, -2.734821319579908 ], [ 29.041793823242188, -2.734836101531926 ], [ 29.042001724243335, -2.734863519668579 ], [ 29.042213439941463, -2.73490571975708 ], [ 29.042381286621094, -2.734964847564697 ], [ 29.042449951171932, -2.735074758529663 ], [ 29.042428970336914, -2.735365390777531 ], [ 29.04232215881359, -2.735530853271371 ], [ 29.042285919189453, -2.735689163207894 ], [ 29.042432785034293, -2.73575043678261 ], [ 29.042644500732422, -2.735759019851571 ], [ 29.04281234741228, -2.73569989204384 ], [ 29.04289627075201, -2.735526561736947 ], [ 29.042871475219783, -2.735277414321899 ], [ 29.042718887329215, -2.734964847564697 ], [ 29.042593002319393, -2.734686136245614 ], [ 29.042467117309627, -2.734550952911206 ], [ 29.042304992675895, -2.734466552734318 ], [ 29.042154312133903, -2.734426975250244 ], [ 29.042016983032227, -2.734314680099317 ], [ 29.041915893554801, -2.734081745147648 ], [ 29.041765213012809, -2.733942747115975 ], [ 29.041740417480582, -2.733790874481031 ], [ 29.04186058044445, -2.733660221099854 ], [ 29.041980743408487, -2.733436346053907 ], [ 29.042179107666129, -2.733174324035531 ], [ 29.042142868041992, -2.732966661453247 ], [ 29.042009353637695, -2.732954502105713 ], [ 29.041891098022404, -2.73287010192854 ], [ 29.041816711425781, -2.732777118682748 ], [ 29.041790008545206, -2.732658863067627 ], [ 29.041782379150447, -2.732490062713396 ], [ 29.041730880737305, -2.73230409622181 ], [ 29.041580200195312, -2.732067584991285 ], [ 29.041664123535213, -2.731898784637337 ], [ 29.041858673095874, -2.731788873672372 ], [ 29.042009353637695, -2.731662273406812 ], [ 29.042001724243335, -2.731518745422306 ], [ 29.041875839233512, -2.731374979019165 ], [ 29.041671752929744, -2.731248378753662 ], [ 29.041511535644645, -2.731104850768986 ], [ 29.041351318359489, -2.731138467788526 ], [ 29.041213989257812, -2.731184482574463 ], [ 29.041168212890739, -2.731054782867432 ], [ 29.041112899780387, -2.730895519256478 ], [ 29.041072845459098, -2.730783700942879 ], [ 29.041152954101676, -2.730674028396606 ], [ 29.041284561157227, -2.730589389800855 ], [ 29.041427612304688, -2.730462789535295 ], [ 29.041570663452148, -2.730344533920231 ], [ 29.041580200195312, -2.730232000350838 ], [ 29.041444778442383, -2.729989767074358 ], [ 29.04141807556158, -2.729837656020891 ], [ 29.041410446167049, -2.729643344879094 ], [ 29.041433334350643, -2.729478836059457 ], [ 29.041580200195312, -2.729381561279183 ], [ 29.041765213012809, -2.729516744613534 ], [ 29.041967391968001, -2.729558944701978 ], [ 29.042078018188533, -2.729432344436418 ], [ 29.042137145996037, -2.729187250137102 ], [ 29.042161941528434, -2.729026794433594 ], [ 29.042213439941463, -2.728942394256478 ], [ 29.042301177978743, -2.728801012039071 ], [ 29.04248237609869, -2.728748083114624 ], [ 29.042610168457088, -2.728461027145329 ], [ 29.04271316528326, -2.728059053420964 ], [ 29.042423248290959, -2.727920293807983 ], [ 29.042221069335994, -2.727793693542367 ], [ 29.042352676391715, -2.727486133575326 ], [ 29.042551040649528, -2.727210760116577 ], [ 29.042423248290959, -2.727033376693498 ], [ 29.042203903198299, -2.72696590423584 ], [ 29.041967391968001, -2.726982831954899 ], [ 29.041532516479492, -2.72713828086836 ], [ 29.041351318359489, -2.727176904678288 ], [ 29.041173934936523, -2.727295160293465 ], [ 29.041055679321289, -2.727269887924194 ], [ 29.041055679321289, -2.727151632308846 ], [ 29.041341781616211, -2.726564884185791 ], [ 29.041393280029354, -2.726457118988037 ], [ 29.041528701782283, -2.726180315017643 ], [ 29.041723251342773, -2.726138114929199 ], [ 29.041831970214901, -2.726002931594849 ], [ 29.041858673095874, -2.725876092910653 ], [ 29.041866302490234, -2.725546836852857 ], [ 29.042095184326172, -2.725183486938363 ], [ 29.042181015014705, -2.725111484527474 ], [ 29.042255401611328, -2.725048542022478 ], [ 29.042480468750114, -2.724894762039071 ], [ 29.042753219604549, -2.724972486495801 ], [ 29.04281234741228, -2.725124359130689 ], [ 29.042854309082145, -2.725285053253174 ], [ 29.042989730835075, -2.725335597991943 ], [ 29.043176651000977, -2.725234270095825 ], [ 29.043336868286303, -2.725183486938363 ], [ 29.043462753295898, -2.725065231323242 ], [ 29.043615341186467, -2.725023031234571 ], [ 29.043809890747127, -2.725039958953744 ], [ 29.044088363647518, -2.725048542022478 ], [ 29.044300079345817, -2.724955558776855 ], [ 29.044425964355412, -2.724896430969011 ], [ 29.044567108154297, -2.725078344344865 ], [ 29.044637680053938, -2.725445508956739 ], [ 29.044746398926065, -2.72559738159174 ], [ 29.044906616210994, -2.725690364837646 ], [ 29.045024871826229, -2.725673437118417 ], [ 29.045110702514762, -2.725200414657365 ], [ 29.045219421386719, -2.725014686584473 ], [ 29.045219421386719, -2.724803447723332 ], [ 29.045389175415153, -2.724668264388924 ], [ 29.045562744140568, -2.724523067474252 ], [ 29.045591354370345, -2.724499464034977 ], [ 29.045862197875977, -2.724229097366276 ], [ 29.046039581298771, -2.723984241485596 ], [ 29.046112060546989, -2.723807573318481 ], [ 29.046165466308594, -2.723680019378662 ], [ 29.045988082885799, -2.723603963851815 ], [ 29.045778274536246, -2.723544836044141 ], [ 29.045549392700252, -2.723401308059579 ], [ 29.045497894287109, -2.723240852355787 ], [ 29.045869827270508, -2.722740650177002 ], [ 29.046419143676758, -2.721999168395996 ], [ 29.04685211181652, -2.721451282500993 ], [ 29.046783447265852, -2.721238851547128 ], [ 29.046791076660213, -2.721061468124333 ], [ 29.046798706054744, -2.720824956893921 ], [ 29.046798706054744, -2.720605373382455 ], [ 29.046815872192383, -2.720470190048161 ], [ 29.046951293945312, -2.720174551010018 ], [ 29.047204971313477, -2.720031023025399 ], [ 29.047449111938533, -2.719895839691105 ], [ 29.047611236572266, -2.719786167144775 ], [ 29.047771453857592, -2.719727039337045 ], [ 29.047931671142692, -2.719777584075928 ], [ 29.048294067382812, -2.719954967498779 ], [ 29.048488616943473, -2.719954967498779 ], [ 29.048666000366268, -2.719895839691105 ], [ 29.048776626586971, -2.719760656356698 ], [ 29.048894882202433, -2.719481945037785 ], [ 29.049079895019588, -2.719203233718872 ], [ 29.049316406250057, -2.719059705734082 ], [ 29.049493789672852, -2.718924522399789 ], [ 29.049604415893612, -2.718764066696053 ], [ 29.049848556518839, -2.718535900115739 ], [ 29.049949645996037, -2.718392372131234 ], [ 29.050050735473633, -2.71819806098938 ], [ 29.050212860107536, -2.717953205108472 ], [ 29.050304412841797, -2.717648983001595 ], [ 29.050449371337891, -2.717497110366764 ], [ 29.050642013549918, -2.717361927032471 ], [ 29.05088043212902, -2.717117786407471 ], [ 29.051006317138615, -2.716939449310246 ], [ 29.051191329956168, -2.716711521148568 ], [ 29.051336288452205, -2.716500282287484 ], [ 29.051528930664062, -2.716322898864689 ], [ 29.051631927490234, -2.716094970703011 ], [ 29.051719665527344, -2.715876579284554 ], [ 29.051647186279524, -2.715444564819165 ], [ 29.051631927490234, -2.715055942535344 ], [ 29.051656723022461, -2.714802503585588 ], [ 29.051851272583292, -2.71470117568947 ], [ 29.052248001098746, -2.714591264724618 ], [ 29.052518844604776, -2.714430809020882 ], [ 29.052780151367301, -2.714295625686532 ], [ 29.053050994873161, -2.713999986648332 ], [ 29.05329513549799, -2.71336650848383 ], [ 29.053388595581055, -2.713231325149536 ], [ 29.053480148315543, -2.713070869445573 ], [ 29.053642272949219, -2.712885141372681 ], [ 29.053886413574276, -2.712876558303776 ], [ 29.05411529541027, -2.712809085845834 ], [ 29.054342269897461, -2.712848901748487 ], [ 29.054519653320426, -2.712749958038216 ], [ 29.054662704467887, -2.712707757949715 ], [ 29.054756164550781, -2.71267390251154 ], [ 29.054857254028377, -2.712589502334424 ], [ 29.054996490478629, -2.712522268295288 ], [ 29.055194854736271, -2.711913824081194 ], [ 29.055566787719727, -2.711153507232666 ], [ 29.055644989013672, -2.710968017578125 ], [ 29.055660247802791, -2.7109339237212 ], [ 29.05567741394043, -2.710688829421883 ], [ 29.055608749389762, -2.710418701171818 ], [ 29.055608749389762, -2.710249662399292 ], [ 29.055635452270565, -2.710097789764404 ], [ 29.055795669555891, -2.709970951080322 ], [ 29.055931091308594, -2.709979534149056 ], [ 29.056209564208984, -2.710123062133675 ], [ 29.05650520324707, -2.710300445556641 ], [ 29.056674957275504, -2.7103235721587 ], [ 29.056900024414119, -2.710310697555542 ], [ 29.057044982910156, -2.710106134414616 ], [ 29.05702018737793, -2.709481000900155 ], [ 29.056919097900334, -2.709075689315682 ], [ 29.056421279907283, -2.708915233611947 ], [ 29.056140899658317, -2.708915233611947 ], [ 29.055879592895621, -2.709016561508065 ], [ 29.055723190307674, -2.709093570709115 ], [ 29.055580139160213, -2.709057569503784 ], [ 29.055398941040039, -2.708996057510262 ], [ 29.055225372314453, -2.708846569061279 ], [ 29.055210113525561, -2.70877194404585 ], [ 29.055191040039119, -2.708487033843994 ], [ 29.055263519287109, -2.70807051658619 ], [ 29.055347442627067, -2.707884550094377 ], [ 29.055385589599553, -2.707664012908708 ], [ 29.055381774902401, -2.707504510879346 ], [ 29.055271148681868, -2.70741152763344 ], [ 29.055068969726676, -2.707377910613786 ], [ 29.054832458496151, -2.707360982894841 ], [ 29.054588317871094, -2.707293272018433 ], [ 29.054435729980526, -2.707259654998722 ], [ 29.054376602172965, -2.707132816314527 ], [ 29.054494857788256, -2.70660924911499 ], [ 29.054933547973746, -2.70638108253479 ], [ 29.055253982544002, -2.706228971481153 ], [ 29.055423736572266, -2.706144571304321 ], [ 29.055534362792969, -2.705955505370923 ], [ 29.055137634277344, -2.705719232559147 ], [ 29.054882049560547, -2.705681562423706 ], [ 29.054595947265625, -2.70566630363453 ], [ 29.054332733154354, -2.705651998519897 ], [ 29.054164886474666, -2.705544948577767 ], [ 29.054094314575252, -2.705537796020394 ], [ 29.053997039795206, -2.705528020858537 ], [ 29.053802490234375, -2.70550274848938 ], [ 29.052627563476506, -2.705097198486158 ], [ 29.052293777465763, -2.70501875877369 ], [ 29.052165985107422, -2.704899549484139 ], [ 29.051986694335994, -2.704860687255859 ], [ 29.051698684692496, -2.704835414886475 ], [ 29.051437377929801, -2.704835414886475 ], [ 29.051267623901367, -2.704750776290723 ], [ 29.051126480102653, -2.704607009887468 ], [ 29.051061630249194, -2.704587459564095 ], [ 29.050855636596623, -2.704002141952287 ], [ 29.050752639770621, -2.703754186630249 ], [ 29.050600051879883, -2.703424692153931 ], [ 29.050418853759879, -2.703184604644662 ], [ 29.050262451171932, -2.703086853027344 ], [ 29.050245285034293, -2.702976942062151 ], [ 29.050161361694336, -2.702833414077645 ], [ 29.050140380859318, -2.702780961990356 ], [ 29.050109863281364, -2.702706813812256 ], [ 29.050025939941634, -2.702579975128174 ], [ 29.049924850463867, -2.702360391616708 ], [ 29.049848556518839, -2.702199935912972 ], [ 29.049751281738395, -2.701941967010271 ], [ 29.049699783325252, -2.701730251312142 ], [ 29.049680709838981, -2.701642513275146 ], [ 29.049510955810547, -2.700966835021973 ], [ 29.04948616027832, -2.700333118438721 ], [ 29.050090789794922, -2.70005559921259 ], [ 29.050203323364428, -2.700003862380868 ], [ 29.050361633300781, -2.699996471404916 ], [ 29.05109977722168, -2.69996166229248 ], [ 29.051368713378963, -2.700050830841008 ], [ 29.051479339599666, -2.700468301773071 ], [ 29.051740646362362, -2.700434684753191 ], [ 29.051834106445426, -2.700299501419067 ], [ 29.052164077758789, -2.699741840362378 ], [ 29.052469253540153, -2.698712587356454 ], [ 29.052402496337891, -2.698088407516366 ], [ 29.052297592163143, -2.697920560836792 ], [ 29.052194595336971, -2.697602510452271 ], [ 29.052053451538086, -2.697089672088509 ], [ 29.052080154419059, -2.696828126907349 ], [ 29.051931381225643, -2.696496963500863 ], [ 29.051797866821346, -2.696243047714063 ], [ 29.05168533325201, -2.696069240570012 ], [ 29.051601409912109, -2.695950746536141 ], [ 29.051467895507926, -2.695733308791944 ], [ 29.050945281982706, -2.695064067840576 ], [ 29.050737380981559, -2.694905757903996 ], [ 29.050331115722599, -2.694690704345703 ], [ 29.050245285034293, -2.694614887237492 ], [ 29.05019569396967, -2.694395065307504 ], [ 29.050533294677791, -2.693685531616211 ], [ 29.050857543945426, -2.692972660064584 ], [ 29.050870895385913, -2.692942380904924 ], [ 29.05146980285673, -2.692562103271484 ], [ 29.05228233337408, -2.692553758621102 ], [ 29.052610397338867, -2.69265508651722 ], [ 29.052669525146598, -2.692891597747689 ], [ 29.052822113037166, -2.693102836608887 ], [ 29.052923202514762, -2.69314503669716 ], [ 29.053129196167106, -2.693238735198861 ], [ 29.053396224975586, -2.693085908889657 ], [ 29.053590774536246, -2.693280220031738 ], [ 29.05376052856451, -2.693347692489397 ], [ 29.054122924804801, -2.69336462020874 ], [ 29.054225921630973, -2.693243741989136 ], [ 29.05441856384283, -2.693111181259155 ], [ 29.054832458496151, -2.692942380904924 ], [ 29.055002212524414, -2.692781925201302 ], [ 29.055194854736271, -2.69265937805153 ], [ 29.05528640747076, -2.692366123199463 ], [ 29.055110931396541, -2.691590785980054 ], [ 29.054866790771484, -2.690940380096265 ], [ 29.054714202880916, -2.690754652023315 ], [ 29.054655075073356, -2.690611124038469 ], [ 29.054620742797852, -2.690408229827881 ], [ 29.05461311340332, -2.690121173858643 ], [ 29.054662704467887, -2.689859151840096 ], [ 29.054790496826286, -2.689529895782357 ], [ 29.054754257202205, -2.689251661300545 ], [ 29.05470085144043, -2.689166545867693 ], [ 29.054525375366211, -2.68888330459572 ], [ 29.054252624511776, -2.688645124435368 ], [ 29.054004669189567, -2.688592195510751 ], [ 29.05376052856451, -2.688794851302987 ], [ 29.05343055725092, -2.688896417617798 ], [ 29.053201675415153, -2.68890476226801 ], [ 29.052923202514762, -2.68890476226801 ], [ 29.052633285522461, -2.688894033431893 ], [ 29.052391052246207, -2.68890476226801 ], [ 29.052196502685547, -2.689006090164128 ], [ 29.051969528198356, -2.689023017883187 ], [ 29.05145454406744, -2.688879489898568 ], [ 29.051225662231502, -2.688752651214486 ], [ 29.050971984863281, -2.688499212265015 ], [ 29.050853729248047, -2.688372611999512 ], [ 29.050245285034293, -2.68819522857666 ], [ 29.049922943115234, -2.688100814819222 ], [ 29.049552917480582, -2.687992572784424 ], [ 29.049140930175895, -2.687961101531982 ], [ 29.048776626586971, -2.687917232513428 ], [ 29.048410415649471, -2.687956094741708 ], [ 29.048227310180948, -2.687865734100342 ], [ 29.048126220703182, -2.687612295150586 ], [ 29.048074722290153, -2.687350511550903 ], [ 29.048084259033487, -2.687054872512647 ], [ 29.048057556152514, -2.68673396110529 ], [ 29.048007965087891, -2.686353921890259 ], [ 29.048004150390739, -2.686203002929688 ], [ 29.048133850097713, -2.685999155044385 ], [ 29.048547744751204, -2.685559749603215 ], [ 29.048793792724666, -2.685297966003304 ], [ 29.049266815185661, -2.685197830200195 ], [ 29.049598693847656, -2.685201883315926 ], [ 29.049772262573242, -2.685424804687329 ], [ 29.04997634887701, -2.685576677322217 ], [ 29.050470352172908, -2.685706615447941 ], [ 29.050819396972713, -2.685787916183472 ], [ 29.051141738891545, -2.685863971710091 ], [ 29.051572799682731, -2.685897827148267 ], [ 29.051849365234489, -2.685925960540771 ], [ 29.052028656006087, -2.685830116271802 ], [ 29.052568435669002, -2.685585260391235 ], [ 29.052696228027571, -2.684748888015633 ], [ 29.052906036376896, -2.684563159942627 ], [ 29.053100585937557, -2.684554576873609 ], [ 29.05321121215826, -2.684782743453923 ], [ 29.053676605224553, -2.684797286987191 ], [ 29.053821563720817, -2.684737443923837 ], [ 29.054122924804801, -2.684613704681396 ], [ 29.054470062255859, -2.684580087661686 ], [ 29.054845809936637, -2.684542179107666 ], [ 29.055212020874137, -2.684419631957837 ], [ 29.055490493774528, -2.684394121170044 ], [ 29.055778503418026, -2.6843771934507 ], [ 29.055963516235352, -2.684301376342773 ], [ 29.056158065796012, -2.684031009674072 ], [ 29.056571960449503, -2.683617115020638 ], [ 29.056850433349666, -2.683194875717163 ], [ 29.05713081359886, -2.682493686675798 ], [ 29.057323455810547, -2.682155847549438 ], [ 29.057382583618448, -2.68153071403492 ], [ 29.05743408203125, -2.681167602538835 ], [ 29.057771682739371, -2.680339813232422 ], [ 29.057823181152344, -2.679672479629517 ], [ 29.057706832885856, -2.679027080535832 ], [ 29.057678222656307, -2.678869962692204 ], [ 29.057636260986442, -2.678092956542969 ], [ 29.057510375976619, -2.677728652954102 ], [ 29.05737495422369, -2.677546977996712 ], [ 29.057277679443473, -2.677385091781616 ], [ 29.057079315185661, -2.677180767059326 ], [ 29.05702018737793, -2.676977872848454 ], [ 29.056961059570426, -2.676792144775277 ], [ 29.057050704956112, -2.676410675048714 ], [ 29.056968688964957, -2.676209211349487 ], [ 29.056808471679801, -2.676156759262085 ], [ 29.056631088256836, -2.676107883453369 ], [ 29.056377410888672, -2.676203727722054 ], [ 29.056098937988281, -2.676183938980046 ], [ 29.055913925170955, -2.676209211349487 ], [ 29.05567741394043, -2.676209211349487 ], [ 29.055490493774528, -2.67624306678772 ], [ 29.055305480957202, -2.676344394683838 ], [ 29.055149078369254, -2.676672220230103 ], [ 29.055061340332145, -2.676868200302124 ], [ 29.054874420166016, -2.676969528198242 ], [ 29.054651260376204, -2.676939725875854 ], [ 29.054105758666935, -2.676974058151245 ], [ 29.053911209106502, -2.676986455917302 ], [ 29.053438186645451, -2.677121639251595 ], [ 29.053287506103459, -2.677155256271249 ], [ 29.053142547607422, -2.677011728286743 ], [ 29.053108215332088, -2.67677116394043 ], [ 29.053100585937557, -2.676724433898812 ], [ 29.053117752075195, -2.67653036117531 ], [ 29.05334663391119, -2.676386594772282 ], [ 29.053396224975586, -2.676158666610604 ], [ 29.053218841552791, -2.675913572311345 ], [ 29.052972793579158, -2.675767898559513 ], [ 29.052825927734546, -2.675730466842651 ], [ 29.052543640136776, -2.675778388976937 ], [ 29.052314758301009, -2.675800800323316 ], [ 29.051977157592887, -2.67560958862299 ], [ 29.051834106445426, -2.675499677658024 ], [ 29.051750183105526, -2.675220966339111 ], [ 29.051673889160099, -2.674916982650757 ], [ 29.051572799682731, -2.674714326858521 ], [ 29.051355361938477, -2.674667119979858 ], [ 29.051082611084041, -2.674798727035295 ], [ 29.05089187622076, -2.674812793731576 ], [ 29.050853729248047, -2.674815654754639 ], [ 29.050592422485352, -2.674781799316293 ], [ 29.050449371337891, -2.674714326858521 ], [ 29.050313949584961, -2.674570560455209 ], [ 29.050296783447266, -2.674308776855355 ], [ 29.050457000732422, -2.674089193344116 ], [ 29.050619125366325, -2.673926830291634 ], [ 29.050693511963118, -2.673852682113647 ], [ 29.050794601440487, -2.673616170883122 ], [ 29.050693511963118, -2.673287868499528 ], [ 29.050436019897575, -2.672834396362191 ], [ 29.050168991089095, -2.672661542892342 ], [ 29.049764633178711, -2.672619342803841 ], [ 29.049451828002987, -2.672545909881535 ], [ 29.049333572387752, -2.672518014907723 ], [ 29.049139022827092, -2.672425031661817 ], [ 29.048978805541992, -2.672281503677368 ], [ 29.048826217651367, -2.672095775604021 ], [ 29.048709869384709, -2.671852111816406 ], [ 29.048624038696403, -2.671698808670044 ], [ 29.04827880859375, -2.670973300933838 ], [ 29.047830581665096, -2.669968366622868 ], [ 29.047863006591854, -2.669722080230713 ], [ 29.048040390014648, -2.669519424438477 ], [ 29.048099517822379, -2.669367313384839 ], [ 29.048198699951172, -2.669333219528141 ], [ 29.048320770263786, -2.669291496276799 ], [ 29.048606872558707, -2.669206857681274 ], [ 29.048927307128963, -2.669164657592603 ], [ 29.049150466919002, -2.669085264205819 ], [ 29.049335479736328, -2.668825387954712 ], [ 29.049367904663086, -2.668539524078142 ], [ 29.049249649048022, -2.667863845824968 ], [ 29.049114227294922, -2.667635917663574 ], [ 29.048912048339901, -2.667551279067879 ], [ 29.048709869384709, -2.667474508285522 ], [ 29.048133850097713, -2.666292905807495 ], [ 29.047899246215763, -2.665854930877572 ], [ 29.047843933105582, -2.665396690368596 ], [ 29.048116683960018, -2.66485691070551 ], [ 29.048210144043082, -2.664670944213867 ], [ 29.048116683960018, -2.664485216140747 ], [ 29.048091888427848, -2.664333105087167 ], [ 29.048303604125977, -2.66413044929493 ], [ 29.048725128173999, -2.664079666137695 ], [ 29.049140930175895, -2.663950681686174 ], [ 29.049232482910156, -2.663606643676758 ], [ 29.049274444580192, -2.663201332092285 ], [ 29.049350738525391, -2.662880420684701 ], [ 29.049409866333121, -2.662567853927385 ], [ 29.049577713012809, -2.661976575851327 ], [ 29.049907684326172, -2.661511898040771 ], [ 29.050659179687784, -2.661174058914071 ], [ 29.051116943359375, -2.660929679870492 ], [ 29.051298141479492, -2.660597801208382 ], [ 29.051290512084961, -2.660490512847787 ], [ 29.05124664306652, -2.659842967987061 ], [ 29.051208496093807, -2.659290552139169 ], [ 29.051395416259936, -2.658673763275146 ], [ 29.051509857177791, -2.658488988876343 ], [ 29.051673889160099, -2.658226251602116 ], [ 29.052053451538086, -2.657861232757455 ], [ 29.052196502685547, -2.657609462737867 ], [ 29.052206039428881, -2.657449007034302 ], [ 29.052192687988395, -2.657176256179696 ], [ 29.052154541015682, -2.657026767730599 ], [ 29.052206039428881, -2.656891584396362 ], [ 29.052314758301009, -2.656764745712223 ], [ 29.052482604980469, -2.656748056411686 ], [ 29.052745819091797, -2.656832456588575 ], [ 29.052997589111385, -2.6569504737854 ], [ 29.053422927856559, -2.657018423080444 ], [ 29.053855895996151, -2.657057046890145 ], [ 29.054317474365462, -2.656899929046517 ], [ 29.054536819458121, -2.656764745712223 ], [ 29.054647445678825, -2.65667200088501 ], [ 29.054756164550781, -2.656384706497192 ], [ 29.054756164550781, -2.655937194824219 ], [ 29.054714202880916, -2.655692100524789 ], [ 29.054697036743221, -2.655438661575317 ], [ 29.054727554321403, -2.655229091644117 ], [ 29.054574966430607, -2.654800415039062 ], [ 29.054475784301815, -2.654539585113412 ], [ 29.054393768310661, -2.654263973236084 ], [ 29.054367065429688, -2.654123306274244 ], [ 29.054241180419865, -2.653816938400269 ], [ 29.054265975952262, -2.653707027435246 ], [ 29.054401397705192, -2.653647899627572 ], [ 29.054561614990291, -2.653512954711914 ], [ 29.054731369018555, -2.652617454528752 ], [ 29.054815292358512, -2.652448654174805 ], [ 29.05496788024908, -2.652448654174805 ], [ 29.055105209350586, -2.652680158614942 ], [ 29.055179595947379, -2.652870893478223 ], [ 29.055280685424805, -2.653115749359131 ], [ 29.055332183838175, -2.653200864791756 ], [ 29.055383682250977, -2.653283357620239 ], [ 29.05545806884777, -2.653403043746891 ], [ 29.055803298950252, -2.653650522232056 ], [ 29.056200027465877, -2.65371561050415 ], [ 29.056373596191463, -2.653733968734741 ], [ 29.056610107421989, -2.653584480285645 ], [ 29.056835174560604, -2.653310060500985 ], [ 29.057071685791129, -2.653048276901018 ], [ 29.057323455810547, -2.652879238128435 ], [ 29.057594299316577, -2.652820110320988 ], [ 29.05778884887701, -2.652760982513428 ], [ 29.057991027832031, -2.652760982513428 ], [ 29.058591842651424, -2.652524709701481 ], [ 29.058746337890625, -2.652432680129948 ], [ 29.059307098388729, -2.652099847793409 ], [ 29.059959411621151, -2.651561737060433 ], [ 29.060567855835075, -2.651156187057381 ], [ 29.060762405395565, -2.650944948196184 ], [ 29.060821533203068, -2.650590181350594 ], [ 29.060964584350529, -2.650320053100472 ], [ 29.061141967773494, -2.650362253188916 ], [ 29.061338424682731, -2.650410652160531 ], [ 29.061531066894815, -2.650151014327889 ], [ 29.061607360839844, -2.649762392044011 ], [ 29.061641693115348, -2.649516344070435 ], [ 29.061368942260742, -2.649256944656258 ], [ 29.061111450195369, -2.649248361587411 ], [ 29.060838699340934, -2.649230241775513 ], [ 29.060592651367301, -2.649317502975464 ], [ 29.060487747192326, -2.649322986602556 ], [ 29.060247421264648, -2.649306297302132 ], [ 29.060028076171989, -2.649196624755859 ], [ 29.059835433960131, -2.648897886276245 ], [ 29.059486389160099, -2.648512363433611 ], [ 29.059640884399471, -2.64804649353016 ], [ 29.059722900390625, -2.647659301757642 ], [ 29.059774398803825, -2.646544218063354 ], [ 29.059656143188533, -2.645792484283447 ], [ 29.059495925903434, -2.645462512969971 ], [ 29.059392929077262, -2.645251989364397 ], [ 29.059343338012638, -2.644989967346191 ], [ 29.058946609497184, -2.644821166992131 ], [ 29.058591842651424, -2.644711256027108 ], [ 29.058298110961971, -2.644618034362566 ], [ 29.058219909667969, -2.644593000411987 ], [ 29.057914733886832, -2.644407272338754 ], [ 29.057771682739371, -2.644069433212167 ], [ 29.057806015014705, -2.643604755401384 ], [ 29.057535171508846, -2.643064260482788 ], [ 29.057357788086051, -2.642929077148324 ], [ 29.057222366333121, -2.64274334907509 ], [ 29.057079315185661, -2.642608165740967 ], [ 29.056818008422965, -2.642582654952946 ], [ 29.056631088256836, -2.642692565917855 ], [ 29.056369781494141, -2.64274334907509 ], [ 29.056133270263786, -2.642886877059823 ], [ 29.056098937988281, -2.642405271530151 ], [ 29.056108474731388, -2.642101287841797 ], [ 29.056175231933651, -2.64114689826954 ], [ 29.056039810180721, -2.640563964843636 ], [ 29.055778503418026, -2.640336036681958 ], [ 29.055372238159237, -2.64034438133217 ], [ 29.055120468139648, -2.640504837036019 ], [ 29.054714202880916, -2.640716075896989 ], [ 29.054460525512923, -2.64079213142395 ], [ 29.054256439209155, -2.640735149383431 ], [ 29.054098129272404, -2.640690803527832 ], [ 29.053962707519474, -2.640538692474195 ], [ 29.053972244262809, -2.640506505966073 ], [ 29.054012298584098, -2.64037823677063 ], [ 29.054164886474666, -2.640107870101929 ], [ 29.05419921875, -2.639812231063672 ], [ 29.054374694824219, -2.639072179794198 ], [ 29.054512023925895, -2.638494491577035 ], [ 29.054672241211051, -2.638232707977124 ], [ 29.054832458496151, -2.63805532455433 ], [ 29.054874420166016, -2.637928485870361 ], [ 29.054958343505973, -2.637810230255013 ], [ 29.054925918579215, -2.637311935424634 ], [ 29.054721832275447, -2.636940240859929 ], [ 29.054452896118164, -2.636467218398991 ], [ 29.054620742797852, -2.636382818221819 ], [ 29.054916381835881, -2.636239290237313 ], [ 29.055017471313477, -2.635766267776376 ], [ 29.054925918579215, -2.635512828826904 ], [ 29.054697036743221, -2.635259389877262 ], [ 29.054519653320426, -2.635056734085026 ], [ 29.054840087890682, -2.634465456008911 ], [ 29.054636001586914, -2.634159803390503 ], [ 29.054512023925895, -2.63397574424738 ], [ 29.054300308227596, -2.633662939071655 ], [ 29.054536819458121, -2.633139371871835 ], [ 29.054367065429688, -2.632708549499398 ], [ 29.054359436035156, -2.632176399230843 ], [ 29.054275512695369, -2.631711721420288 ], [ 29.05441856384283, -2.630622148513737 ], [ 29.054426193237589, -2.630436420440503 ], [ 29.054300308227596, -2.630326509475594 ], [ 29.054021835327205, -2.630216598510629 ], [ 29.053768157959041, -2.629262208938428 ], [ 29.053768157959041, -2.628814458846875 ], [ 29.053733825683707, -2.628637075424081 ], [ 29.053514480590877, -2.628350019454956 ], [ 29.053396224975586, -2.628096580505371 ], [ 29.053827285766772, -2.628096580505371 ], [ 29.054164886474666, -2.628223180770874 ], [ 29.054367065429688, -2.628155708312931 ], [ 29.054494857788256, -2.627843141555672 ], [ 29.054443359375057, -2.627505302429086 ], [ 29.054401397705192, -2.627184391021729 ], [ 29.054088592529297, -2.626888751983586 ], [ 29.053733825683707, -2.626863241195508 ], [ 29.053472518921183, -2.626694440841561 ], [ 29.053447723388786, -2.626305818557569 ], [ 29.05327033996582, -2.626052379608041 ], [ 29.052982330322493, -2.625832796096574 ], [ 29.052755355835075, -2.625663995742798 ], [ 29.052593231201172, -2.625503540039062 ], [ 29.052467346191406, -2.625081062316724 ], [ 29.052644729614371, -2.624903678893816 ], [ 29.052906036376896, -2.624853134155046 ], [ 29.053100585937557, -2.624667167663574 ], [ 29.052999496459961, -2.624101161956673 ], [ 29.052873611450366, -2.62385630607605 ], [ 29.052696228027571, -2.623721122741642 ], [ 29.052289962768612, -2.623619794845524 ], [ 29.052036285400447, -2.623569011688119 ], [ 29.051990509033203, -2.62357139587391 ], [ 29.05186843872076, -2.623577594756853 ], [ 29.051740646362362, -2.623746395111084 ], [ 29.051420211792106, -2.623915433883667 ], [ 29.051225662231502, -2.623738050460702 ], [ 29.051385879516602, -2.623163700103646 ], [ 29.051664352416992, -2.62260627746582 ], [ 29.052036285400447, -2.622344255447331 ], [ 29.052312850952205, -2.622272968292236 ], [ 29.052593231201172, -2.622200727462541 ], [ 29.052864074707031, -2.622225999831983 ], [ 29.053033828735465, -2.622234582901001 ], [ 29.053920745849609, -2.62138986587513 ], [ 29.054059982299918, -2.620894432067757 ], [ 29.054206848144531, -2.62037634849537 ], [ 29.054176330566406, -2.619668722152596 ], [ 29.054174423218001, -2.619599103927555 ], [ 29.054122924804801, -2.618839025497209 ], [ 29.054206848144531, -2.618773698806763 ], [ 29.05477333068842, -2.618332147598153 ], [ 29.05510330200201, -2.618152856826725 ], [ 29.05551719665533, -2.617969036102295 ], [ 29.055736541748161, -2.618011236190796 ], [ 29.056268692016715, -2.618171691894531 ], [ 29.056867599487362, -2.618247747421265 ], [ 29.057315826416016, -2.618112564086914 ], [ 29.057458877563477, -2.617740869522095 ], [ 29.057476043701286, -2.617700815200806 ], [ 29.057611465454215, -2.617369174957275 ], [ 29.057813644409237, -2.617098808288574 ], [ 29.057975769043139, -2.617084503173714 ], [ 29.058195114135799, -2.617065191268921 ], [ 29.058456420898494, -2.617014408111515 ], [ 29.058523178100586, -2.616710424423161 ], [ 29.058439254760856, -2.616347074508553 ], [ 29.058160781860465, -2.615924835205021 ], [ 29.057973861694336, -2.615679740905648 ], [ 29.058059692382869, -2.615401029586678 ], [ 29.059114456176871, -2.614007472991943 ], [ 29.059377670288143, -2.613534450531006 ], [ 29.059377670288143, -2.613137483596802 ], [ 29.059392929077262, -2.61292624473549 ], [ 29.059326171875, -2.612748861312696 ], [ 29.059141159057674, -2.61262202262867 ], [ 29.058877944946346, -2.612571477889787 ], [ 29.058734893798885, -2.612453222274667 ], [ 29.05860900878929, -2.612368822097551 ], [ 29.058582305908317, -2.612216711044198 ], [ 29.058101654052734, -2.610738515853768 ], [ 29.058139801025447, -2.610572814941406 ], [ 29.058261871338061, -2.61005425453186 ], [ 29.05864143371582, -2.609243392944336 ], [ 29.059013366699276, -2.608905553817749 ], [ 29.059436798095703, -2.608601570129395 ], [ 29.05990028381359, -2.608542442321721 ], [ 29.060195922851847, -2.608466386795044 ], [ 29.060382843017578, -2.608356475830078 ], [ 29.060394287109489, -2.60830283164978 ], [ 29.060424804687614, -2.608179092407113 ], [ 29.060409545898551, -2.607929706573316 ], [ 29.060344696044865, -2.606885671615487 ], [ 29.060335159301758, -2.606737852096558 ], [ 29.060323715210018, -2.606523513793945 ], [ 29.060543060302678, -2.606168746948129 ], [ 29.060575485229606, -2.605839490890503 ], [ 29.060989379882926, -2.605509996414185 ], [ 29.061218261718921, -2.605172157287541 ], [ 29.061395645141715, -2.6049609184264 ], [ 29.061979293823242, -2.604166984558105 ], [ 29.06201171875, -2.60396409034729 ], [ 29.061979293823242, -2.603761434555054 ], [ 29.061758041381836, -2.602781534194719 ], [ 29.062173843383903, -2.601847410201913 ], [ 29.062223434448299, -2.601734161376839 ], [ 29.06242561340332, -2.601683616638184 ], [ 29.062704086303711, -2.601675033569109 ], [ 29.063634872436467, -2.602097511291333 ], [ 29.064310073852482, -2.602088928222656 ], [ 29.065061569213924, -2.601852416992188 ], [ 29.065746307373047, -2.601683616638184 ], [ 29.066591262817326, -2.60183572769165 ], [ 29.067344665527344, -2.60235857963562 ], [ 29.068107604980469, -2.602636575698853 ], [ 29.068607330322266, -2.602818965911752 ], [ 29.069107055664119, -2.603219509124528 ], [ 29.069747924804801, -2.60345983505249 ], [ 29.070209503174112, -2.603399753570386 ], [ 29.070829391479776, -2.603519916534367 ], [ 29.071088790893725, -2.603739976882935 ], [ 29.071689605712947, -2.603760004043579 ], [ 29.072591781616325, -2.603600025177002 ], [ 29.072971343994141, -2.603379726409685 ], [ 29.073251724243278, -2.603019237518254 ], [ 29.073312759399414, -2.602338552474976 ], [ 29.073392868041992, -2.602078199386369 ], [ 29.073593139648551, -2.601877927780151 ], [ 29.073812484741211, -2.601557731628418 ], [ 29.073932647705078, -2.601257324218636 ], [ 29.074312210083065, -2.600956916809025 ], [ 29.074693679809627, -2.600576639175358 ], [ 29.075054168701172, -2.600296258926392 ], [ 29.075424194335994, -2.599820613860913 ], [ 29.075698852539006, -2.599609613418465 ], [ 29.075889587402287, -2.599366664886418 ], [ 29.076089859008903, -2.599039316177368 ], [ 29.076269149780273, -2.598775386810246 ], [ 29.076459884643555, -2.598585367202531 ], [ 29.076776504516829, -2.598458528518506 ], [ 29.07718658447277, -2.598226308822632 ], [ 29.077547073364315, -2.597972869872876 ], [ 29.077821731567496, -2.597761869430428 ], [ 29.07812690734869, -2.597561120986938 ], [ 29.078348159790096, -2.597402811050245 ], [ 29.078538894653377, -2.597181081771851 ], [ 29.079055786132869, -2.597001552581673 ], [ 29.079605102539119, -2.596906423568726 ], [ 29.080175399780558, -2.596653223037606 ], [ 29.080528259277344, -2.596471548080217 ], [ 29.080957412719727, -2.596378564834595 ], [ 29.081211090088118, -2.596220254897958 ], [ 29.081253051757812, -2.595998525619279 ], [ 29.081153869628963, -2.595526695251351 ], [ 29.081190109252873, -2.595414638519287 ], [ 29.081199645996207, -2.595386028289624 ], [ 29.081325531005803, -2.595227718353271 ], [ 29.081548690796012, -2.595048189163094 ], [ 29.0817165374757, -2.594900369644165 ], [ 29.081981658935604, -2.594763278961182 ], [ 29.082328796386832, -2.59466814994812 ], [ 29.082614898681754, -2.594573020934945 ], [ 29.082773208618278, -2.594488620758057 ], [ 29.083005905151424, -2.594150781631242 ], [ 29.083269119262752, -2.594087362289201 ], [ 29.083585739135799, -2.59403467178339 ], [ 29.08386039733881, -2.593929052352905 ], [ 29.084144592285156, -2.593770742416211 ], [ 29.084388732910213, -2.59352779388405 ], [ 29.084926605224723, -2.593126535415649 ], [ 29.085168838501204, -2.592977762222176 ], [ 29.085285186767692, -2.592904806136971 ], [ 29.085529327392521, -2.592756986618042 ], [ 29.085813522338867, -2.592756986618042 ], [ 29.086120605468807, -2.592693805694466 ], [ 29.086658477783317, -2.592334747314453 ], [ 29.087091445922908, -2.592313528060913 ], [ 29.087566375732706, -2.592165708541756 ], [ 29.088125228882063, -2.591954708099252 ], [ 29.088506698608626, -2.591785669326669 ], [ 29.08892822265625, -2.591669559478589 ], [ 29.089244842529354, -2.591659069061166 ], [ 29.089307785034237, -2.591764688491821 ], [ 29.089382171630859, -2.591943979263306 ], [ 29.089509963989258, -2.592123508453312 ], [ 29.089878082275504, -2.592260837554818 ], [ 29.090152740478516, -2.592303037643205 ], [ 29.090364456176815, -2.592208147048893 ], [ 29.090639114380053, -2.592144727706909 ], [ 29.090850830078182, -2.592334747314453 ], [ 29.091030120849723, -2.592683076858521 ], [ 29.091293334961051, -2.592989444732666 ], [ 29.091421127319393, -2.592978715896379 ], [ 29.091800689697379, -2.592978715896379 ], [ 29.091938018798885, -2.592408657073804 ], [ 29.09212684631359, -2.591986417770329 ], [ 29.092391967773494, -2.591753959655705 ], [ 29.092603683471793, -2.59184908866871 ], [ 29.092834472656364, -2.592039108276197 ], [ 29.093172073364258, -2.592334747314453 ], [ 29.093858718872184, -2.592989444732666 ], [ 29.094028472900447, -2.593306064605599 ], [ 29.094249725341911, -2.594002962112313 ], [ 29.094810485839844, -2.595259428024065 ], [ 29.095062255859432, -2.595523357391244 ], [ 29.095315933227596, -2.595671176910344 ], [ 29.095537185669059, -2.596114635467302 ], [ 29.095802307129134, -2.596621513366642 ], [ 29.096139907837028, -2.596853733062517 ], [ 29.096309661865291, -2.596785783767643 ], [ 29.09650993347168, -2.596705913543701 ], [ 29.096847534179801, -2.596536874771118 ], [ 29.097513198852539, -2.596230745315438 ], [ 29.097946166992244, -2.595914125442391 ], [ 29.098356246948185, -2.59566068649292 ], [ 29.098716735839901, -2.595523357391244 ], [ 29.099117279052734, -2.595470666885376 ], [ 29.099212646484375, -2.596156835555917 ], [ 29.099391937256144, -2.596389055252018 ], [ 29.099750518798885, -2.596431493759042 ], [ 29.100225448608512, -2.596505403518677 ], [ 29.100774765014933, -2.596568584442025 ], [ 29.101123809814567, -2.596473693847486 ], [ 29.101345062255973, -2.596452474594116 ], [ 29.101619720459212, -2.596452474594116 ], [ 29.101852416992188, -2.596568584442025 ], [ 29.102231979370117, -2.596684694290161 ], [ 29.102527618408203, -2.596727132797071 ], [ 29.102928161621207, -2.596579313278198 ], [ 29.103076934814396, -2.596410274505558 ], [ 29.103414535522518, -2.596220254897958 ], [ 29.103752136230639, -2.59617805480957 ], [ 29.104026794433651, -2.596315383911133 ], [ 29.104343414306697, -2.596357583999463 ], [ 29.104564666748161, -2.596251964569035 ], [ 29.10472488403326, -2.596061944961434 ], [ 29.10486030578619, -2.595808506011963 ], [ 29.105041503906364, -2.595671176910344 ], [ 29.105316162109375, -2.595650196075326 ], [ 29.105705261230469, -2.595745086669695 ], [ 29.105928421020508, -2.595734596252271 ], [ 29.106098175048942, -2.595700502395403 ], [ 29.106191635131836, -2.595681667327767 ], [ 29.106634140014705, -2.595628976821672 ], [ 29.107078552246151, -2.595618486404248 ], [ 29.107406616210938, -2.595523357391244 ], [ 29.107648849487418, -2.595428466796648 ], [ 29.107807159423942, -2.595227718353271 ], [ 29.107986450195312, -2.595037698745728 ], [ 29.108219146728459, -2.594689369201433 ], [ 29.108398437500057, -2.59465765953064 ], [ 29.108703613281193, -2.594921588897705 ], [ 29.108798980712834, -2.595132827758789 ], [ 29.109031677246207, -2.595291137695312 ], [ 29.109148025512695, -2.595459938049203 ], [ 29.109327316284237, -2.595597267150879 ], [ 29.109369277954102, -2.595776796340942 ], [ 29.109390258789119, -2.596061944961434 ], [ 29.109338760375977, -2.596452474594116 ], [ 29.109411239623967, -2.596653223037606 ], [ 29.109590530395565, -2.596737623214494 ], [ 29.109844207763729, -2.596758604049626 ], [ 29.110139846801758, -2.596621513366642 ], [ 29.110647201538143, -2.596283674239999 ], [ 29.111038208007812, -2.596188545226994 ], [ 29.111301422119141, -2.59617805480957 ], [ 29.111713409423828, -2.596420764922982 ], [ 29.111946105956974, -2.596600294113045 ], [ 29.112113952636832, -2.596779823303166 ], [ 29.112337112426871, -2.597033262252637 ], [ 29.112388610839844, -2.597244501113892 ], [ 29.112611770629883, -2.597413301467668 ], [ 29.112907409668139, -2.597529411315804 ], [ 29.113065719604492, -2.597540140151864 ], [ 29.113391876220703, -2.597413301467668 ], [ 29.11417388916044, -2.597075462341309 ], [ 29.114627838134822, -2.596938133239632 ], [ 29.114759445190373, -2.596936225891113 ], [ 29.115303039550838, -2.596927642822209 ], [ 29.11583137512207, -2.596948862075806 ], [ 29.116327285766715, -2.597075462341309 ], [ 29.116464614868221, -2.59732890129078 ], [ 29.116506576538086, -2.597635030746346 ], [ 29.116401672363509, -2.597793340682983 ], [ 29.116094589233342, -2.597941160201913 ], [ 29.115747451782511, -2.598078489303475 ], [ 29.115430831909237, -2.598342418670484 ], [ 29.115303039550838, -2.598680257797128 ], [ 29.115345001220703, -2.598923206329346 ], [ 29.115514755248967, -2.599071025848161 ], [ 29.11583137512207, -2.599102735519409 ], [ 29.115911483764819, -2.599080801010132 ], [ 29.116064071655387, -2.599039316177368 ], [ 29.116485595703239, -2.598933696746826 ], [ 29.116729736328125, -2.598627567291203 ], [ 29.116971969604549, -2.598300218582153 ], [ 29.117288589477653, -2.598395347595215 ], [ 29.117542266845817, -2.598553657531738 ], [ 29.117689132690657, -2.599271535873413 ], [ 29.117658615112305, -2.600031852722168 ], [ 29.117784500122298, -2.600274562835693 ], [ 29.118038177490291, -2.600433111190569 ], [ 29.118524551391602, -2.600274562835693 ], [ 29.118799209595011, -2.600190162658521 ], [ 29.119071960449446, -2.600243091583252 ], [ 29.119367599487305, -2.600485801696664 ], [ 29.119716644287109, -2.600697040557748 ], [ 29.11995887756359, -2.600781440734863 ], [ 29.120223999023494, -2.60108757019043 ], [ 29.120382308960018, -2.601383209228516 ], [ 29.120508193969783, -2.601700067520028 ], [ 29.120529174804631, -2.602090835571289 ], [ 29.120519638061523, -2.602354764938354 ], [ 29.120624542236271, -2.602608203887826 ], [ 29.12075233459484, -2.602819204330444 ], [ 29.120931625366438, -2.603167772293091 ], [ 29.121047973632926, -2.603315591811963 ], [ 29.121278762817667, -2.603473901748657 ], [ 29.121480941772461, -2.603685140609571 ], [ 29.121765136718807, -2.603822231292554 ], [ 29.122093200683594, -2.603991270065194 ], [ 29.122356414794922, -2.604022979736214 ], [ 29.122705459594727, -2.604043960571289 ], [ 29.122831344604492, -2.60394906997675 ], [ 29.123096466064396, -2.603769540786743 ], [ 29.123296737671012, -2.60360050201416 ], [ 29.123613357544059, -2.603590011596566 ], [ 29.124034881591911, -2.603685140609571 ], [ 29.124202728271598, -2.603791236877441 ], [ 29.124456405639762, -2.603952169418335 ], [ 29.124551773071403, -2.604160070419198 ], [ 29.12471199035673, -2.604614257812273 ], [ 29.124795913696289, -2.60498380660988 ], [ 29.124826431274414, -2.605321645736694 ], [ 29.124774932861442, -2.605828523635751 ], [ 29.12393951416027, -2.607063770294189 ], [ 29.123908996582145, -2.607253789901733 ], [ 29.124204635620174, -2.607507228851205 ], [ 29.124542236328296, -2.607676267623788 ], [ 29.124933242797965, -2.60774993896473 ], [ 29.12520980834978, -2.607672214508 ], [ 29.125270843506087, -2.607655048370248 ], [ 29.125373840332088, -2.607620716094914 ], [ 29.125555038452205, -2.6075599193573 ], [ 29.125661849975586, -2.607611179351693 ], [ 29.125841140747127, -2.607697248458692 ], [ 29.126253128051871, -2.607887268066236 ], [ 29.126506805420036, -2.608014106750431 ], [ 29.126749038696516, -2.608088016509896 ], [ 29.126960754394645, -2.608299016952515 ], [ 29.127086639404411, -2.608531475067139 ], [ 29.127149581909123, -2.608974933624211 ], [ 29.127149581909123, -2.609449863433838 ], [ 29.127161026001033, -2.609682321548462 ], [ 29.127477645874308, -2.61010456085188 ], [ 29.127698898315543, -2.610220670700016 ], [ 29.127794265747184, -2.610294580459367 ], [ 29.12802696228033, -2.610262870788574 ], [ 29.128215789795036, -2.610157489776384 ], [ 29.128438949585075, -2.609914541244336 ], [ 29.128797531127987, -2.609428882598706 ], [ 29.129009246826115, -2.609207153320312 ], [ 29.129335403442496, -2.609143733978271 ], [ 29.12958908081049, -2.609154224395752 ], [ 29.129863739013729, -2.609217643737793 ], [ 29.130064010620117, -2.609091043472176 ], [ 29.130075454712028, -2.608848094940186 ], [ 29.130138397216911, -2.608552455901986 ], [ 29.130212783813533, -2.608404636383057 ], [ 29.13059234619152, -2.608299016952515 ], [ 29.131004333496207, -2.6079611778257 ], [ 29.131458282470817, -2.607317209243661 ], [ 29.131563186645565, -2.607222080230486 ], [ 29.131921768188533, -2.607169389724731 ], [ 29.132101058960075, -2.607032060623169 ], [ 29.132524490356502, -2.606071233749276 ], [ 29.132841110229606, -2.605881214141846 ], [ 29.133041381835994, -2.605754613876343 ], [ 29.13324165344244, -2.605627775192204 ], [ 29.133516311645621, -2.605469465255624 ], [ 29.133949279785384, -2.605353355407487 ], [ 29.134256362915153, -2.6051633358 ], [ 29.134647369384822, -2.605026006698495 ], [ 29.134799957275391, -2.604855537414437 ], [ 29.135110855102539, -2.604561328887769 ], [ 29.135332107544173, -2.604445219039917 ], [ 29.135681152343807, -2.604413509368896 ], [ 29.135976791381836, -2.604445219039917 ], [ 29.13638877868658, -2.604529619216805 ], [ 29.136800765991268, -2.604677438735905 ], [ 29.137105941772461, -2.604793787002393 ], [ 29.137454986572266, -2.604909896850529 ], [ 29.137634277344034, -2.605026006698495 ], [ 29.137771606445369, -2.605152606964111 ], [ 29.137813568115234, -2.605363845825025 ], [ 29.137989044189624, -2.605530023574829 ], [ 29.138036727905444, -2.605575084686279 ], [ 29.138446807861385, -2.605627775192204 ], [ 29.138996124267578, -2.605659484863168 ], [ 29.139354705810547, -2.605564355850163 ], [ 29.139514923095874, -2.605427265167179 ], [ 29.139587402343864, -2.605216026306152 ], [ 29.139873504638786, -2.603938579559326 ], [ 29.14006233215332, -2.603853940963631 ], [ 29.140357971191349, -2.603917360305672 ], [ 29.140581130981559, -2.604065179824602 ], [ 29.140897750854663, -2.604233980178833 ], [ 29.141139984130916, -2.60428690910328 ], [ 29.141319274902287, -2.604223489761239 ], [ 29.141477584838867, -2.60394906997675 ], [ 29.141551971435661, -2.603611230850106 ], [ 29.141468048095703, -2.603273391723576 ], [ 29.141372680664062, -2.603114843368417 ], [ 29.141351699829215, -2.602734804153442 ], [ 29.141403198242244, -2.602396965026628 ], [ 29.141447067260856, -2.602143526077157 ], [ 29.141244888305891, -2.601890087127686 ], [ 29.141056060791016, -2.601731777191105 ], [ 29.140832901000977, -2.601510047912598 ], [ 29.140665054321289, -2.601362228393498 ], [ 29.140506744384766, -2.601193189620915 ], [ 29.140190124511719, -2.600939750671159 ], [ 29.139957427978743, -2.600813150405884 ], [ 29.139787673950309, -2.6006019115448 ], [ 29.139640808105469, -2.600443601608276 ], [ 29.139568328857422, -2.600291490554639 ], [ 29.139186859130859, -2.599176645278817 ], [ 29.139291763305664, -2.598374128341561 ], [ 29.139366149902457, -2.59828495979292 ], [ 29.139484405517692, -2.598143815994149 ], [ 29.139715194702262, -2.597867250442448 ], [ 29.140295028686637, -2.597582340240308 ], [ 29.140697479248047, -2.597381591796875 ], [ 29.14091873168951, -2.597149372100773 ], [ 29.140960693359375, -2.596610784530469 ], [ 29.141193389892692, -2.596251964569035 ], [ 29.14154052734375, -2.596188545226994 ], [ 29.141973495483683, -2.596135854721069 ], [ 29.142448425293082, -2.596135854721069 ], [ 29.14303016662609, -2.596188545226994 ], [ 29.143484115600643, -2.596272945404053 ], [ 29.143789291381836, -2.596346855163574 ], [ 29.14395904541027, -2.596462965011483 ], [ 29.144149780273551, -2.596494674682447 ], [ 29.14435005187994, -2.596399784088135 ], [ 29.144412994384879, -2.596156835555917 ], [ 29.144466400146428, -2.595597267150879 ], [ 29.14444541931158, -2.595481157302743 ], [ 29.144359588623104, -2.59535455703724 ], [ 29.144308090210075, -2.595238208770752 ], [ 29.144287109375057, -2.595111608505135 ], [ 29.14444541931158, -2.594868659973145 ], [ 29.144804000854549, -2.594763278961182 ], [ 29.145174026489201, -2.594752550125008 ], [ 29.145511627197322, -2.59465765953064 ], [ 29.145786285400504, -2.594573020934945 ], [ 29.146039962768498, -2.594636440276872 ], [ 29.146282196044979, -2.594710350036564 ], [ 29.146768569946289, -2.594815969466993 ], [ 29.147041320800724, -2.594879388809034 ], [ 29.147315979003963, -2.594868659973145 ], [ 29.147539138794173, -2.594805479049569 ], [ 29.147760391235408, -2.594794750213623 ], [ 29.147981643677042, -2.594826459884416 ], [ 29.148193359375171, -2.594752550125008 ], [ 29.148319244384766, -2.594604730606079 ], [ 29.1484889984132, -2.594699859619141 ], [ 29.148742675781364, -2.59464693069441 ], [ 29.148805618286076, -2.594488620758057 ], [ 29.148784637451229, -2.594150781631242 ], [ 29.148742675781364, -2.593907833099195 ], [ 29.148996353149357, -2.593749523162842 ], [ 29.149185180664062, -2.593580722808611 ], [ 29.149248123168945, -2.593337774276563 ], [ 29.149143218994197, -2.593221664428711 ], [ 29.148900985717717, -2.593126535415649 ], [ 29.148784637451229, -2.592873096465951 ], [ 29.148784637451229, -2.592740297317278 ], [ 29.148784637451229, -2.592482566833496 ], [ 29.148763656616211, -2.592303037643205 ], [ 29.148868560791016, -2.592144727706909 ], [ 29.148984909057674, -2.591943979263306 ], [ 29.14912223815918, -2.591753959655705 ], [ 29.149261474609432, -2.591506958007812 ], [ 29.149301528930721, -2.591268301010132 ], [ 29.149438858032227, -2.591173410415422 ], [ 29.149650573730753, -2.591173410415422 ], [ 29.149839401245231, -2.591300010680982 ], [ 29.15002632141119, -2.591444253921395 ], [ 29.150201797485352, -2.591495275497209 ], [ 29.150409698486328, -2.591627359390145 ], [ 29.150537490844727, -2.591743469238281 ], [ 29.15074729919462, -2.591912508010637 ], [ 29.150979995727596, -2.592060327529794 ], [ 29.151048660278434, -2.592096090316659 ], [ 29.151224136352823, -2.592186927795353 ], [ 29.151136398315543, -2.59230375289917 ], [ 29.151033401489542, -2.592440366744995 ], [ 29.150979995727596, -2.592619895935059 ], [ 29.150833129882926, -2.593116044998169 ], [ 29.150758743286133, -2.593411684036028 ], [ 29.150705337524357, -2.593686103820801 ], [ 29.150642395019645, -2.59403467178339 ], [ 29.150663375854492, -2.594742059707528 ], [ 29.150579452514762, -2.59500598907448 ], [ 29.15061187744152, -2.595280647277718 ], [ 29.150833129882926, -2.595449447631779 ], [ 29.151180267333984, -2.595597267150879 ], [ 29.151287078857536, -2.595586776733285 ], [ 29.151582717895565, -2.595713376998901 ], [ 29.151842117309684, -2.595739364623967 ], [ 29.151899337768668, -2.595745086669695 ], [ 29.152099609375057, -2.595745086669695 ], [ 29.152383804321403, -2.595745086669695 ], [ 29.15262794494646, -2.595681667327767 ], [ 29.152765274047965, -2.59551286697382 ], [ 29.152954101562443, -2.595175027847176 ], [ 29.153097152709904, -2.594890356063786 ], [ 29.153224945068473, -2.594634294509888 ], [ 29.153398513793945, -2.594699859619141 ], [ 29.153631210327262, -2.594805479049569 ], [ 29.153768539428768, -2.594932079315129 ], [ 29.153957366943473, -2.595037698745728 ], [ 29.154073715209961, -2.595175027847176 ], [ 29.154106140136889, -2.595322847366219 ], [ 29.154169082641602, -2.59563946723938 ], [ 29.154232025146484, -2.595798015594255 ], [ 29.154359817504883, -2.595882415771428 ], [ 29.154602050781307, -2.595924615859815 ], [ 29.155023574829158, -2.596114635467302 ], [ 29.15521430969244, -2.596082925796509 ], [ 29.155447006225586, -2.596262454986459 ], [ 29.155689239502067, -2.596399784088135 ], [ 29.156017303466854, -2.596558094024601 ], [ 29.156522750854435, -2.596526384353524 ], [ 29.156988143920955, -2.596462965011483 ], [ 29.157379150390625, -2.596389055252018 ], [ 29.157749176025447, -2.596283674239999 ], [ 29.158349990844897, -2.595977306365967 ], [ 29.158962249755803, -2.595259428024065 ], [ 29.159236907959041, -2.595153808593636 ], [ 29.159603118896712, -2.595163822173959 ], [ 29.160018920898608, -2.595175027847176 ], [ 29.16052436828619, -2.595227718353271 ], [ 29.160947799682617, -2.595132827758789 ], [ 29.161539077758903, -2.594995498657056 ], [ 29.162162780761719, -2.595037698745728 ], [ 29.162647247314453, -2.595069408416748 ], [ 29.162775039672852, -2.595132827758789 ], [ 29.162889480590934, -2.595291137695312 ], [ 29.16302680969244, -2.595481157302743 ], [ 29.163175582885856, -2.595681667327767 ], [ 29.163312911987362, -2.595914125442391 ], [ 29.163366317749137, -2.596135854721069 ], [ 29.163396835327092, -2.596336364746094 ], [ 29.163322448730696, -2.597254991531372 ], [ 29.163164138793945, -2.597666740417424 ], [ 29.16303825378418, -2.597962379455339 ], [ 29.162435531616154, -2.600031852722168 ], [ 29.162563323974723, -2.600306272506543 ], [ 29.162637710571346, -2.600443601608276 ], [ 29.162826538086051, -2.600559711456128 ], [ 29.163080215454215, -2.600697040557748 ], [ 29.163301467895451, -2.600739240646135 ], [ 29.163450241088867, -2.600739240646135 ], [ 29.163703918457259, -2.600739240646135 ], [ 29.164136886596793, -2.600580930709839 ], [ 29.16443252563505, -2.600559711456128 ], [ 29.164674758911133, -2.600675821304151 ], [ 29.164812088012809, -2.600855350494271 ], [ 29.16500282287609, -2.601150989532471 ], [ 29.165224075317383, -2.601246118545532 ], [ 29.165550231933764, -2.601277828216382 ], [ 29.166278839111555, -2.601267099380379 ], [ 29.166501998901367, -2.601393938064462 ], [ 29.166765213012695, -2.60164737701399 ], [ 29.166837692260913, -2.60173511505127 ], [ 29.166923522949219, -2.601837396621534 ], [ 29.167219161987475, -2.602238655090218 ], [ 29.167398452758846, -2.602407455444165 ], [ 29.167747497558651, -2.602565765380859 ], [ 29.168455123901424, -2.603009223937875 ], [ 29.168643951416129, -2.603262662887403 ], [ 29.168918609619141, -2.603727340698242 ], [ 29.169109344482422, -2.603885650634595 ], [ 29.169134140014648, -2.604001283645516 ], [ 29.169151306152457, -2.604086160659733 ], [ 29.168918609619141, -2.606050252914429 ], [ 29.169034957885799, -2.606303453445378 ], [ 29.169109344482422, -2.606514692306519 ], [ 29.16921424865717, -2.606673002242985 ], [ 29.169256210327262, -2.60676813125599 ], [ 29.169342041015739, -2.606958150863477 ], [ 29.169404983520451, -2.607105970382634 ], [ 29.169464111328182, -2.607139110565129 ], [ 29.169574737548885, -2.607201099395525 ], [ 29.169805526733455, -2.607232809066772 ], [ 29.170333862304688, -2.607179880142098 ], [ 29.170862197876033, -2.607021570205461 ], [ 29.171283721923885, -2.606979370117074 ], [ 29.171590805053654, -2.607105970382634 ], [ 29.171823501587198, -2.607295989990234 ], [ 29.171854019165153, -2.607475519180241 ], [ 29.171895980835018, -2.607676267623788 ], [ 29.172054290771541, -2.608130216598283 ], [ 29.172298431396598, -2.608256816863843 ], [ 29.172594070434684, -2.608362436294556 ], [ 29.17281532287609, -2.608478546142578 ], [ 29.172920227051065, -2.608721494674569 ], [ 29.173048019409237, -2.609101533889771 ], [ 29.173057556152401, -2.609460592269784 ], [ 29.173057556152401, -2.60976672172535 ], [ 29.173194885253906, -2.609914541244336 ], [ 29.173597335815487, -2.610115051269304 ], [ 29.173881530761832, -2.610167980193921 ], [ 29.174163818359375, -2.610394716262704 ], [ 29.174123764038086, -2.610695838928223 ], [ 29.174039840698356, -2.610938787460213 ], [ 29.173892974853516, -2.611171007156315 ], [ 29.173776626587028, -2.611340045928898 ], [ 29.173597335815487, -2.611561775207463 ], [ 29.173532485961971, -2.611698865890446 ], [ 29.173511505126953, -2.612131834029981 ], [ 29.173660278320369, -2.612416982650643 ], [ 29.174018859863338, -2.61272311210621 ], [ 29.174093246459961, -2.612902641296387 ], [ 29.174167633056754, -2.613092660903817 ], [ 29.174272537231502, -2.613346099853516 ], [ 29.174442291259766, -2.613652229309082 ], [ 29.174505233764648, -2.613852739334106 ], [ 29.17437744140625, -2.614106178283578 ], [ 29.174188613891602, -2.614433526992741 ], [ 29.173944473266715, -2.614665746688729 ], [ 29.173828125000057, -2.614898204803353 ], [ 29.174009323120174, -2.615183115005379 ], [ 29.174346923828125, -2.61539435386652 ], [ 29.174652099609489, -2.61553168296814 ], [ 29.175180435180664, -2.615605592727604 ], [ 29.175497055053768, -2.615679502487069 ], [ 29.176034927368278, -2.615880012512093 ], [ 29.176279067993335, -2.615932941436768 ], [ 29.176458358764705, -2.615932941436768 ], [ 29.176532745361328, -2.615711212158033 ], [ 29.176584243774471, -2.615320444107056 ], [ 29.17648887634283, -2.614961385726929 ], [ 29.176374435424975, -2.614739656448194 ], [ 29.176425933837947, -2.6145179271698 ], [ 29.176784515380916, -2.614317417144775 ], [ 29.177175521850586, -2.614275217056274 ], [ 29.177482604980526, -2.614391326904297 ], [ 29.178136825561523, -2.614591836929321 ], [ 29.178407669067383, -2.614630699157601 ], [ 29.178579330444393, -2.614655256271305 ], [ 29.17890739440918, -2.614729166030656 ], [ 29.179119110107706, -2.614708185195809 ], [ 29.17945671081543, -2.614623546600342 ], [ 29.179636001586971, -2.614739656448194 ], [ 29.179878234863281, -2.614750385284424 ], [ 29.180047988891715, -2.614750385284424 ], [ 29.18039703369152, -2.6145179271698 ], [ 29.180881500244254, -2.614169597625562 ], [ 29.181514739990234, -2.614074468612557 ], [ 29.182001113891772, -2.614137887954598 ], [ 29.182350158691406, -2.614137887954598 ], [ 29.182550430297965, -2.614127397537175 ], [ 29.182708740234318, -2.613683938980103 ], [ 29.182771682739258, -2.613303899764787 ], [ 29.182876586914176, -2.61293435096718 ], [ 29.182888031005916, -2.612607002258301 ], [ 29.182888031005916, -2.61224794387806 ], [ 29.182876586914176, -2.612078905105477 ], [ 29.182983398437557, -2.61191010475153 ], [ 29.183162689209098, -2.611730575561523 ], [ 29.183362960815714, -2.611561775207463 ], [ 29.183490753173885, -2.611466646194458 ], [ 29.183670043945483, -2.611434936523438 ], [ 29.183774948120231, -2.611392736434766 ], [ 29.184007644653377, -2.611329317092839 ], [ 29.184175491333065, -2.611128807067871 ], [ 29.184154510498047, -2.610864877700806 ], [ 29.184196472168082, -2.610695838928223 ], [ 29.184333801269588, -2.610632419586182 ], [ 29.184577941894645, -2.610727548599243 ], [ 29.184978485107479, -2.610896587371599 ], [ 29.185327529907283, -2.610907077789136 ], [ 29.185665130615178, -2.610885858535767 ], [ 29.186077117919922, -2.610875368118172 ], [ 29.186298370361328, -2.610811948776131 ], [ 29.186489105224609, -2.610717058181535 ], [ 29.186626434326342, -2.610389947891008 ], [ 29.18678283691429, -2.610155820846444 ], [ 29.187051773071346, -2.610243558883553 ], [ 29.187494277954215, -2.610595226287728 ], [ 29.187751770019588, -2.610802412033081 ], [ 29.187837600708065, -2.610956192016374 ], [ 29.187892913818644, -2.611118316650391 ], [ 29.187913894653491, -2.611223697662126 ], [ 29.188030242919979, -2.611350536346322 ], [ 29.188095092773438, -2.611507654189836 ], [ 29.188135147094727, -2.611624956130981 ], [ 29.188083648681925, -2.611783266067334 ], [ 29.18806266784668, -2.611941814422494 ], [ 29.188114166259879, -2.61213231086731 ], [ 29.18822097778326, -2.612152814864942 ], [ 29.188325881958008, -2.612163543701172 ], [ 29.188512802124308, -2.612212419509717 ], [ 29.188632965087947, -2.612503290176392 ], [ 29.188768386840877, -2.612693548202401 ], [ 29.188789367675895, -2.61305475234974 ], [ 29.188631057739371, -2.613219261169434 ], [ 29.188241958618278, -2.613367080688363 ], [ 29.187946319580021, -2.61353611946106 ], [ 29.187576293945369, -2.613768339156991 ], [ 29.1871852874757, -2.613884449005127 ], [ 29.186847686767578, -2.614116907119751 ], [ 29.18658447265625, -2.614190816879272 ], [ 29.186372756957951, -2.614285707473698 ], [ 29.18609809875494, -2.614391326904297 ], [ 29.185844421386776, -2.6145179271698 ], [ 29.185581207275447, -2.614708185195809 ], [ 29.185495376587141, -2.614898204803353 ], [ 29.185422897338924, -2.614972114562818 ], [ 29.185316085815543, -2.61505651473999 ], [ 29.185274124145508, -2.615162134170532 ], [ 29.185356140136832, -2.615312814712524 ], [ 29.18556022644043, -2.615457773208448 ], [ 29.185749053955135, -2.61552095413208 ], [ 29.186014175415039, -2.615605592727604 ], [ 29.186382293701286, -2.615742683410588 ], [ 29.186523437499943, -2.615720987319889 ], [ 29.186656951904297, -2.615700483322144 ], [ 29.186868667602596, -2.615637302398568 ], [ 29.18726921081543, -2.615489482879639 ], [ 29.187597274780387, -2.615383863449097 ], [ 29.187860488891715, -2.615404844283944 ], [ 29.18806266784668, -2.615362644195557 ], [ 29.188388824462891, -2.615257024765015 ], [ 29.188516616821289, -2.615404844283944 ], [ 29.188568115234489, -2.615668773651123 ], [ 29.188753128051815, -2.615797996520996 ], [ 29.188974380493221, -2.61598801612854 ], [ 29.189191818237305, -2.616206645965349 ], [ 29.189352035522461, -2.616367816925049 ], [ 29.189632415771598, -2.616501092910767 ], [ 29.189962387084961, -2.616355180740243 ], [ 29.19032096862793, -2.616249561309701 ], [ 29.190628051757869, -2.616260051727295 ], [ 29.190879821777457, -2.616403341293108 ], [ 29.191015243530387, -2.616583824157601 ], [ 29.191123962402344, -2.616650819778386 ], [ 29.191087722778605, -2.616934299468994 ], [ 29.191167831420955, -2.617099046707096 ], [ 29.191326141357706, -2.617258071899414 ], [ 29.19144439697277, -2.617448091506844 ], [ 29.191637039184627, -2.617540121078434 ], [ 29.191761016845646, -2.617566823959237 ], [ 29.191867828369197, -2.617566823959237 ], [ 29.192001342773551, -2.617522239685002 ], [ 29.192104339599723, -2.617424249648934 ], [ 29.192474365234375, -2.61696982383728 ], [ 29.192531585693303, -2.616978883743172 ], [ 29.192701339721737, -2.617063522338867 ], [ 29.192811965942496, -2.617161512374764 ], [ 29.19288635253929, -2.617301940917969 ], [ 29.19300651550293, -2.617439985275155 ], [ 29.193096160888615, -2.617509365081673 ], [ 29.193204879760742, -2.617544412612915 ], [ 29.193332672119141, -2.61759352684021 ], [ 29.193521499633846, -2.617615699768066 ], [ 29.193672180175838, -2.617679357528687 ], [ 29.193809509277344, -2.617696046829053 ], [ 29.1938991546632, -2.61770486831648 ], [ 29.194036483764705, -2.617682695388567 ], [ 29.194139480591105, -2.617589712142944 ], [ 29.194322586059627, -2.617531061172372 ], [ 29.194473266601847, -2.617535591125488 ], [ 29.194616317749308, -2.61759352684021 ], [ 29.194803237915039, -2.617723703384343 ], [ 29.1949462890625, -2.617869615554582 ], [ 29.195030212402401, -2.617874145507812 ], [ 29.195226669311637, -2.61785173416115 ], [ 29.19533729553217, -2.617784976959229 ], [ 29.195396423339901, -2.617669105529615 ], [ 29.19543647766119, -2.617553472518921 ], [ 29.195449829101676, -2.617388486862069 ], [ 29.195449829101676, -2.617250442504655 ], [ 29.195430755615234, -2.61712121963501 ], [ 29.195457458496207, -2.617027759552002 ], [ 29.195690155029354, -2.616911888122559 ], [ 29.19589042663597, -2.616916418075562 ], [ 29.195997238159293, -2.616854190826189 ], [ 29.196100234985295, -2.616773843765202 ], [ 29.196197509765739, -2.616702556609994 ], [ 29.196327209472713, -2.616760492324715 ], [ 29.19647216796875, -2.616892576217651 ], [ 29.196624755859318, -2.616978883743172 ], [ 29.196697235107536, -2.617067813873177 ], [ 29.196777343750114, -2.617188215255737 ], [ 29.196825027465934, -2.617286205291521 ], [ 29.196865081787223, -2.617442131042367 ], [ 29.19691085815424, -2.617562294006348 ], [ 29.19695854187006, -2.617642402648755 ], [ 29.19705772399908, -2.617691516875993 ], [ 29.19713401794445, -2.617686986923047 ], [ 29.19736480712902, -2.61767816543562 ], [ 29.197498321533374, -2.617673635482561 ], [ 29.197624206542969, -2.617573976516724 ], [ 29.197694778442383, -2.617517709732056 ], [ 29.197769165039006, -2.617446422576677 ], [ 29.197868347168026, -2.617375135421753 ], [ 29.198015213012638, -2.617326259612923 ], [ 29.198144912720011, -2.617272853851148 ], [ 29.198318481445426, -2.617295026779061 ], [ 29.198465347290266, -2.617290496826058 ], [ 29.198661804199276, -2.617197036743107 ], [ 29.198785781860522, -2.617125749587899 ], [ 29.198892593383846, -2.617067813873177 ], [ 29.199039459228516, -2.617045640945435 ], [ 29.199136734008903, -2.616974353790283 ], [ 29.199266433715877, -2.617027759552002 ], [ 29.199405670166186, -2.616987705230713 ], [ 29.19947624206543, -2.616880893707048 ], [ 29.199546813964844, -2.616755962371769 ], [ 29.199720382690487, -2.616724967956543 ], [ 29.199836730957145, -2.616847991943246 ], [ 29.199916839599723, -2.617032289504948 ], [ 29.200006484985408, -2.617165803909188 ], [ 29.200126647949219, -2.617299556732007 ], [ 29.200256347656193, -2.617406368255502 ], [ 29.200357437133789, -2.617477655410596 ], [ 29.200443267822322, -2.617513418197461 ], [ 29.200584411621378, -2.617419719695988 ], [ 29.200651168823242, -2.617379665374756 ], [ 29.200799942016658, -2.617388486862069 ], [ 29.200950622558651, -2.617366313934212 ], [ 29.201017379760742, -2.617308378219491 ], [ 29.201107025146428, -2.617170333862305 ], [ 29.201234817504996, -2.617054462432691 ], [ 29.201408386230639, -2.616889953613054 ], [ 29.20144081115717, -2.616791725158635 ], [ 29.201471328735522, -2.616724967956543 ], [ 29.201471328735522, -2.616609096527043 ], [ 29.201480865478629, -2.616479873657113 ], [ 29.201547622680891, -2.616350650787297 ], [ 29.201574325561694, -2.616217136383057 ], [ 29.20158767700201, -2.616061210632211 ], [ 29.201684951782227, -2.615989923476945 ], [ 29.201837539673022, -2.615887403488159 ], [ 29.201965332031193, -2.615811824798584 ], [ 29.202175140381087, -2.615664720535278 ], [ 29.202455520629883, -2.615629196166765 ], [ 29.20283126831049, -2.615614891052189 ], [ 29.202915191650447, -2.615642547607251 ], [ 29.202955245971737, -2.615655899047738 ], [ 29.20306587219244, -2.615646839141846 ], [ 29.203226089477539, -2.615606784820386 ], [ 29.203355789184513, -2.615544557571297 ], [ 29.203458786010913, -2.615468740463143 ], [ 29.20359992980957, -2.615410804748421 ], [ 29.203779220581339, -2.615491151809692 ], [ 29.204011917114315, -2.615608692169189 ], [ 29.204133987426928, -2.615670680999756 ], [ 29.204187393188533, -2.615754365920793 ], [ 29.204336166381893, -2.615900754928589 ], [ 29.204425811767635, -2.616202116012403 ], [ 29.204576492309627, -2.616381883621216 ], [ 29.204660415649698, -2.616551160812378 ], [ 29.204746246338061, -2.61669826507557 ], [ 29.204860687255916, -2.616867542266675 ], [ 29.204963684082315, -2.617014408111515 ], [ 29.205003738403377, -2.617090225219556 ], [ 29.20554351806669, -2.617731571197396 ], [ 29.20593070983881, -2.618199348449707 ], [ 29.206054687500057, -2.618631362915039 ], [ 29.206121444702092, -2.618898630141985 ], [ 29.206241607666129, -2.619063377380257 ], [ 29.206340789794979, -2.619192600250244 ], [ 29.206375122070483, -2.619272708892822 ], [ 29.206428527832088, -2.619370698928719 ], [ 29.206460952758789, -2.619433164596558 ], [ 29.206451416015682, -2.619508981704712 ], [ 29.206428527832088, -2.619557857513257 ], [ 29.206661224365405, -2.619989871978703 ], [ 29.20671463012701, -2.620177030563127 ], [ 29.206794738769531, -2.620444297790527 ], [ 29.206817626953182, -2.620528936386052 ], [ 29.20695877075201, -2.620658159255868 ], [ 29.207132339477823, -2.620743513107243 ], [ 29.207275390625284, -2.620796203613054 ], [ 29.20740890502924, -2.620849609375 ], [ 29.20750808715843, -2.620898723602181 ], [ 29.207649230957315, -2.6209743022917 ], [ 29.207805633545092, -2.621054410934448 ], [ 29.20790290832548, -2.621130228042603 ], [ 29.208005905151481, -2.62123703956604 ], [ 29.208068847656193, -2.621352910995483 ], [ 29.208259582519474, -2.621517658233643 ], [ 29.20841217041044, -2.621709346771127 ], [ 29.20845222473173, -2.621832847595101 ], [ 29.208560943603686, -2.621953725814706 ], [ 29.208677291870174, -2.622082471847534 ], [ 29.208723068237362, -2.622181415557861 ], [ 29.208808898926065, -2.622229337692261 ], [ 29.208879470825138, -2.622248172759896 ], [ 29.209003448486385, -2.622283935546761 ], [ 29.209142684936808, -2.622332811355591 ], [ 29.209226608276367, -2.622399806976318 ], [ 29.20943641662609, -2.622484445571729 ], [ 29.209667205810831, -2.622555732726937 ], [ 29.209846496582031, -2.622573375701847 ], [ 29.209960937500114, -2.622595787048226 ], [ 29.210277557373217, -2.622560024261361 ], [ 29.210477828979776, -2.622435331344377 ], [ 29.21068382263195, -2.622377395629769 ], [ 29.210758209228743, -2.622346162796021 ], [ 29.210905075073413, -2.622270584106275 ], [ 29.211080551147404, -2.622163534164429 ], [ 29.211187362671126, -2.622119188308716 ], [ 29.211284637451172, -2.622056722640878 ], [ 29.211334228515796, -2.62194991111744 ], [ 29.211355209350643, -2.621865272521802 ], [ 29.21136474609375, -2.621753931045532 ], [ 29.211387634277401, -2.621660232543945 ], [ 29.211471557617472, -2.621598005294743 ], [ 29.211555480957031, -2.621544599532967 ], [ 29.211645126342717, -2.621482133865356 ], [ 29.211711883545149, -2.621402025222551 ], [ 29.211769104003963, -2.621317386627197 ], [ 29.211824417114315, -2.621254920959473 ], [ 29.21193885803217, -2.621299505233765 ], [ 29.212099075317667, -2.621379613876172 ], [ 29.212188720703352, -2.621500015258789 ], [ 29.212285995483398, -2.621575593948364 ], [ 29.212345123291129, -2.621646881103459 ], [ 29.212438583374194, -2.621633529662972 ], [ 29.212467193603743, -2.621532917022591 ], [ 29.212491989135799, -2.621392965316545 ], [ 29.21257209777832, -2.621286153793221 ], [ 29.212667465209961, -2.621295690536499 ], [ 29.212795257568359, -2.621308326721078 ], [ 29.212825775146541, -2.62132620811451 ], [ 29.212945938110352, -2.621361970901376 ], [ 29.213079452514705, -2.621375322341862 ], [ 29.213169097900561, -2.621375322341862 ], [ 29.213203430175895, -2.621468544006348 ], [ 29.213302612304744, -2.621660232543945 ], [ 29.213329315185717, -2.621762752532902 ], [ 29.213394165039176, -2.621895790099984 ], [ 29.213459014892862, -2.622052192687931 ], [ 29.213506698608683, -2.622252702712842 ], [ 29.213666915893782, -2.622301816940194 ], [ 29.21378326416027, -2.622377395629769 ], [ 29.213903427124308, -2.622508287429639 ], [ 29.213953018188704, -2.622644662856828 ], [ 29.213836669922046, -2.622680425643694 ], [ 29.213712692261026, -2.622711420059204 ], [ 29.213729858398494, -2.622787237167358 ], [ 29.213840484619425, -2.622827291488647 ], [ 29.213945388794173, -2.622881889343148 ], [ 29.213956832885913, -2.622951984405518 ], [ 29.214019775390796, -2.623023271560442 ], [ 29.214033126831112, -2.623130321502572 ], [ 29.213970184326229, -2.623277187347242 ], [ 29.213993072509993, -2.623388528823739 ], [ 29.214076995849553, -2.623379707336426 ], [ 29.214170455932788, -2.623343944549561 ], [ 29.214229583740519, -2.62329959869362 ], [ 29.214317321777628, -2.623241662979012 ], [ 29.21441650390625, -2.623228311538696 ], [ 29.21450424194353, -2.623286247253418 ], [ 29.214580535888729, -2.623366355895882 ], [ 29.214637756347713, -2.623459815978833 ], [ 29.214691162109659, -2.623553514480477 ], [ 29.214696884155217, -2.623661279678345 ], [ 29.214790344238452, -2.623744964599553 ], [ 29.214910507202319, -2.62383222579939 ], [ 29.214910507202319, -2.623914241790544 ], [ 29.214874267578182, -2.623994350433236 ], [ 29.214883804321346, -2.624034404754525 ], [ 29.214971542358455, -2.624036312103158 ], [ 29.215093612671069, -2.6240744590757 ], [ 29.215127944946573, -2.624141454696485 ], [ 29.21513748168968, -2.624220132827759 ], [ 29.215141296386889, -2.624279499053955 ], [ 29.215141296386889, -2.624390840530396 ], [ 29.215133666992131, -2.624497652053606 ], [ 29.215093612671069, -2.62457346916193 ], [ 29.215021133423022, -2.624658107757455 ], [ 29.215007781982706, -2.624720335006543 ], [ 29.215030670165959, -2.624836206436157 ], [ 29.215061187744311, -2.625010013580322 ], [ 29.215070724487418, -2.625099182128793 ], [ 29.21513748168968, -2.625134706497022 ], [ 29.215244293213061, -2.625112533569279 ], [ 29.21532058715826, -2.625121355056535 ], [ 29.21532058715826, -2.6251926422118 ], [ 29.2152614593507, -2.62525486946106 ], [ 29.215265274047908, -2.625345706939584 ], [ 29.215362548828296, -2.625426769256421 ], [ 29.215448379516658, -2.625498294830152 ], [ 29.215505599975756, -2.625546932220459 ], [ 29.215637207031307, -2.625508785247575 ], [ 29.215738296508903, -2.625499963760319 ], [ 29.21581077575712, -2.625526666641008 ], [ 29.215845108032283, -2.625557899474927 ], [ 29.215921401977653, -2.625562429427873 ], [ 29.216045379638672, -2.625553369521867 ], [ 29.216058731079158, -2.625589132308733 ], [ 29.216058731079158, -2.625655889511108 ], [ 29.216098785400618, -2.625771760940552 ], [ 29.21616172790533, -2.625793933868295 ], [ 29.216304779052791, -2.625820636749268 ], [ 29.216421127319279, -2.6258385181427 ], [ 29.216527938843001, -2.625878572463989 ], [ 29.216554641723803, -2.625949859618913 ], [ 29.216562271118164, -2.626055002212411 ], [ 29.216667175293139, -2.62609052658064 ], [ 29.216735839843807, -2.626119136810303 ], [ 29.216808319091797, -2.626149892806893 ], [ 29.216873168945483, -2.626177310943604 ], [ 29.216869354248104, -2.626079082489014 ], [ 29.216829299926815, -2.625981092452832 ], [ 29.216838836669979, -2.625909805297738 ], [ 29.216941833496151, -2.625874042510873 ], [ 29.217071533203296, -2.625869750976449 ], [ 29.217142105102539, -2.625887393951359 ], [ 29.217199325561694, -2.626012325286638 ], [ 29.217252731323299, -2.626158475875627 ], [ 29.217302322387866, -2.626243829727173 ], [ 29.217359542846793, -2.626292943954354 ], [ 29.217405319214038, -2.626288414001465 ], [ 29.217412948608569, -2.626154661178361 ], [ 29.21739578247076, -2.626007795333692 ], [ 29.217418670654354, -2.625887393951359 ], [ 29.217376708984659, -2.625786781310921 ], [ 29.217338562011946, -2.625695943832397 ], [ 29.21728515625, -2.625669240951424 ], [ 29.21721267700201, -2.625638008117676 ], [ 29.217199325561694, -2.625584602355787 ], [ 29.217248916626261, -2.625504493713265 ], [ 29.217365264892749, -2.625446557998544 ], [ 29.217493057251147, -2.625401973724308 ], [ 29.21759223937994, -2.625370740890389 ], [ 29.217685699463004, -2.625379800796281 ], [ 29.21782302856451, -2.625499963760319 ], [ 29.217926025390682, -2.62557578086836 ], [ 29.218019485473746, -2.625655889511108 ], [ 29.218162536621207, -2.625669240951424 ], [ 29.218282699585245, -2.625691413879281 ], [ 29.218339920044173, -2.625718116760254 ], [ 29.218393325805948, -2.625789403915348 ], [ 29.218469619750977, -2.625923156738224 ], [ 29.218536376953409, -2.625985145568734 ], [ 29.218639373779411, -2.626021385192644 ], [ 29.218717575073413, -2.626048803329297 ], [ 29.218849182128963, -2.626129388809204 ], [ 29.218870162964151, -2.626221656799146 ], [ 29.218914031982422, -2.626270532608032 ], [ 29.219043731689396, -2.626292943954354 ], [ 29.219106674194506, -2.626337289809953 ], [ 29.219160079956112, -2.626444339752084 ], [ 29.21921348571783, -2.626631259918213 ], [ 29.219280242919922, -2.626782894134521 ], [ 29.219347000122355, -2.626934289932251 ], [ 29.21939659118658, -2.627041101455632 ], [ 29.219480514526538, -2.627094507217407 ], [ 29.219591140747241, -2.62719702720625 ], [ 29.219591140747241, -2.627486705779916 ], [ 29.21958351135271, -2.627575635910034 ], [ 29.219551086425952, -2.627660274505502 ], [ 29.219547271728572, -2.627749443054086 ], [ 29.219596862793026, -2.627851963043213 ], [ 29.219623565673999, -2.627914190292245 ], [ 29.219671249389819, -2.627954244613534 ], [ 29.219770431518782, -2.628074645995866 ], [ 29.219774246215991, -2.628172636031991 ], [ 29.219776153564737, -2.628259897231942 ], [ 29.21975135803217, -2.628350734710693 ], [ 29.219778060913143, -2.628444194793474 ], [ 29.219760894775675, -2.628511190414258 ], [ 29.219676971435547, -2.628551244735718 ], [ 29.21958351135271, -2.628568887710571 ], [ 29.219547271728572, -2.628613471984806 ], [ 29.219543457031421, -2.628666877746468 ], [ 29.219591140747241, -2.628769397735596 ], [ 29.219600677490348, -2.628863096237183 ], [ 29.219533920288086, -2.628992080688477 ], [ 29.219453811645565, -2.629045724868774 ], [ 29.219356536865291, -2.628996610641479 ], [ 29.219257354736499, -2.62895655632019 ], [ 29.219196319580362, -2.628987789154053 ], [ 29.219142913818587, -2.629036664962712 ], [ 29.2191295623781, -2.62910342216486 ], [ 29.219137191772461, -2.629183769225961 ], [ 29.219097137451172, -2.629255056381169 ], [ 29.218980789184684, -2.629312992095777 ], [ 29.218896865844783, -2.629339694976636 ], [ 29.218780517578296, -2.62934398651123 ], [ 29.21867942810087, -2.62934851646412 ], [ 29.218656539917276, -2.629393100738525 ], [ 29.218633651733455, -2.629459857940617 ], [ 29.218612670898438, -2.629531145095712 ], [ 29.218626022339095, -2.629597902297974 ], [ 29.218585968017635, -2.629682540893384 ], [ 29.218523025512923, -2.629727125167676 ], [ 29.218442916870174, -2.629745006561109 ], [ 29.218433380127237, -2.629851818084603 ], [ 29.218473434448526, -2.629958868026563 ], [ 29.218629837036303, -2.629985570907536 ], [ 29.21872711181669, -2.629998922348022 ], [ 29.218772888183764, -2.629963159561157 ], [ 29.218812942505053, -2.629918575286752 ], [ 29.218887329101847, -2.629945278167725 ], [ 29.21891021728544, -2.63007450103737 ], [ 29.21894645690918, -2.630154848098528 ], [ 29.219123840332145, -2.630177021026498 ], [ 29.219284057617472, -2.630209684371948 ], [ 29.219360351562671, -2.630319595336914 ], [ 29.219343185424805, -2.630408525466919 ], [ 29.219230651855526, -2.630439758300668 ], [ 29.219146728515796, -2.630479812621843 ], [ 29.219083786010685, -2.630542278289568 ], [ 29.219087600708065, -2.630618095397836 ], [ 29.219074249267749, -2.6307115554809 ], [ 29.219074249267749, -2.630764961242562 ], [ 29.219017028808651, -2.63085412979126 ], [ 29.219003677368335, -2.630925416946411 ], [ 29.219003677368335, -2.630983352660905 ], [ 29.219200134277344, -2.63109016418457 ], [ 29.219320297241381, -2.631152629852238 ], [ 29.219390869140625, -2.631196975708008 ], [ 29.219469070434627, -2.631277084350586 ], [ 29.219547271728572, -2.631281614303532 ], [ 29.219640731811637, -2.631237268447819 ], [ 29.219694137573413, -2.631268262863045 ], [ 29.219747543335018, -2.631326198577653 ], [ 29.219791412353629, -2.631486654281503 ], [ 29.219800949096964, -2.631557941436711 ], [ 29.219774246215991, -2.631834030151254 ], [ 29.219930648803768, -2.631955146789494 ], [ 29.220167160034237, -2.631954193115007 ], [ 29.220291137695483, -2.631945371627751 ], [ 29.220407485961971, -2.631887435913086 ], [ 29.220518112182674, -2.631838560104256 ], [ 29.220603942871378, -2.631807327270337 ], [ 29.220670700073242, -2.63172268867487 ], [ 29.220731735229549, -2.631624698638859 ], [ 29.220830917358569, -2.631624698638859 ], [ 29.220924377441463, -2.631629228591805 ], [ 29.221065521240291, -2.631629228591805 ], [ 29.221168518066463, -2.631615877151319 ], [ 29.221235275268555, -2.631553411483765 ], [ 29.221302032470987, -2.631473302841187 ], [ 29.221334457397745, -2.631606817245427 ], [ 29.221481323242188, -2.631744861602613 ], [ 29.221618652343693, -2.631838560104256 ], [ 29.221725463867415, -2.631919145583879 ], [ 29.222469329833928, -2.631842851638794 ], [ 29.222669601440714, -2.631869554519653 ], [ 29.223022460937557, -2.631686925888005 ], [ 29.223207473755053, -2.631540775298845 ], [ 29.22336387634283, -2.631331443786564 ], [ 29.223592758178768, -2.631005525588876 ], [ 29.223640441894588, -2.630916357040235 ], [ 29.223752975463924, -2.630831718444824 ], [ 29.223756790161076, -2.6307115554809 ], [ 29.223814010620401, -2.630546808242627 ], [ 29.223819732666186, -2.630422115325928 ], [ 29.223796844482536, -2.630185842514038 ], [ 29.223766326904581, -2.629998922348022 ], [ 29.22370719909685, -2.629847288131657 ], [ 29.223627090454102, -2.62961125373829 ], [ 29.22354698181158, -2.629406452178841 ], [ 29.223506927490291, -2.62934851646412 ], [ 29.223417282104776, -2.629379749298096 ], [ 29.223312377929801, -2.629272222518921 ], [ 29.223262786865405, -2.629183769225961 ], [ 29.223262786865405, -2.629014492034912 ], [ 29.223506927490291, -2.628729343414307 ], [ 29.223533630371264, -2.628604650497437 ], [ 29.223539352416992, -2.628408670425358 ], [ 29.223552703857479, -2.628306150436401 ], [ 29.223587036132812, -2.628203630447388 ], [ 29.223703384399698, -2.628194808959847 ], [ 29.22384262084978, -2.628213882446175 ], [ 29.223947525024357, -2.628239393234253 ], [ 29.224531173706282, -2.627802848815861 ], [ 29.224714279174862, -2.627740383148193 ], [ 29.224897384643612, -2.627696037292367 ], [ 29.225080490112362, -2.627673625945931 ], [ 29.225208282470703, -2.627669334411394 ], [ 29.225294113159407, -2.627718210220337 ], [ 29.225381851196346, -2.627758264541626 ], [ 29.225528717040959, -2.627780675888062 ], [ 29.225595474243221, -2.627739429473706 ], [ 29.225654602050952, -2.627669334411394 ], [ 29.225711822509709, -2.627508878707772 ], [ 29.225751876831168, -2.62732625007618 ], [ 29.225748062133846, -2.627206087112427 ], [ 29.225717544555664, -2.627023458480835 ], [ 29.225717544555664, -2.626880884170419 ], [ 29.225738525390682, -2.62673377990717 ], [ 29.225765228271484, -2.626613616943132 ], [ 29.225725173950195, -2.626453161239624 ], [ 29.22563552856468, -2.626377344131299 ], [ 29.225549697876033, -2.626382827758675 ], [ 29.225444793701399, -2.626319646835327 ], [ 29.225374221801815, -2.626239299774056 ], [ 29.225364685058651, -2.626132488250619 ], [ 29.225364685058651, -2.626025676727124 ], [ 29.22546768188505, -2.625852108001538 ], [ 29.225681304931925, -2.625776052474862 ], [ 29.225858688354549, -2.625731468200456 ], [ 29.2261257171632, -2.625473260879517 ], [ 29.226299285888842, -2.625393152236768 ], [ 29.226434707641545, -2.625379800796281 ], [ 29.22657585144043, -2.625352859496957 ], [ 29.226745605468864, -2.625366210937443 ], [ 29.226922988891829, -2.625433206558228 ], [ 29.22702980041521, -2.625486612319833 ], [ 29.227182388305778, -2.6255712509153 ], [ 29.227365493774528, -2.625642538070679 ], [ 29.227525711059855, -2.6257226467132 ], [ 29.227859497070597, -2.625825166702214 ], [ 29.227979660034237, -2.625811815261727 ], [ 29.22807693481451, -2.625878572463989 ], [ 29.228103637695256, -2.62595868110634 ], [ 29.22818946838396, -2.626029968261719 ], [ 29.228330612182674, -2.626127958297673 ], [ 29.228464126586971, -2.626235008239632 ], [ 29.22856712341337, -2.626332998275643 ], [ 29.228630065918253, -2.626448631286621 ], [ 29.228736877441406, -2.626577854156267 ], [ 29.228857040405444, -2.626698255538827 ], [ 29.228965759277571, -2.626768350601196 ], [ 29.229124069213924, -2.626756191253548 ], [ 29.229173660278377, -2.626800537109204 ], [ 29.229410171508846, -2.626996517181226 ], [ 29.229383468627873, -2.627125740051156 ], [ 29.22928428649908, -2.627406358718645 ], [ 29.229209899902628, -2.627463817596208 ], [ 29.229187011719034, -2.627601861953735 ], [ 29.229351043701342, -2.627758264541626 ], [ 29.229557037353686, -2.627816200256348 ], [ 29.229694366455362, -2.627856254577523 ], [ 29.229867935180607, -2.627914190292245 ], [ 29.230037689209041, -2.627985477447453 ], [ 29.230127334594783, -2.628056764602434 ], [ 29.230201721191349, -2.628128051757812 ], [ 29.230251312256144, -2.628283977508374 ], [ 29.230215072631836, -2.628430843353101 ], [ 29.230190277099666, -2.628641128539982 ], [ 29.230247497558594, -2.628756046295166 ], [ 29.230340957641658, -2.628858566283952 ], [ 29.230648040771769, -2.628876447677385 ], [ 29.230981826782511, -2.62884068489052 ], [ 29.231245040893839, -2.628782749175912 ], [ 29.231412887573299, -2.628711462020874 ], [ 29.231540679931868, -2.628699779510271 ], [ 29.231628417968807, -2.628733873367253 ], [ 29.231735229492358, -2.628671407699414 ], [ 29.231832504272745, -2.62857246398903 ], [ 29.23188591003435, -2.628475427627393 ], [ 29.232009887695369, -2.628372907638493 ], [ 29.232210159301758, -2.628279447555428 ], [ 29.232295989990291, -2.628163576126099 ], [ 29.232402801513842, -2.628078937530404 ], [ 29.232532501220987, -2.62807011604292 ], [ 29.232656478882006, -2.628118991851693 ], [ 29.232753753662223, -2.628226041793766 ], [ 29.232919692993107, -2.628386259078979 ], [ 29.233007431030217, -2.62845325469948 ], [ 29.233093261718921, -2.628502130508309 ], [ 29.233200073242472, -2.628560066223031 ], [ 29.233310699463175, -2.628555536270142 ], [ 29.233453750610636, -2.628493309020826 ], [ 29.233533859253214, -2.628395318984872 ], [ 29.23366737365734, -2.628341913223267 ], [ 29.233783721923828, -2.628306150436401 ], [ 29.233907699585245, -2.628266096114942 ], [ 29.234037399292049, -2.628230571746712 ], [ 29.2340736389163, -2.628056764602434 ], [ 29.234184265136832, -2.627998828887939 ], [ 29.234401702881087, -2.627980947494507 ], [ 29.234531402588061, -2.628021001815569 ], [ 29.234621047973746, -2.628025531768628 ], [ 29.234683990478459, -2.62795877456665 ], [ 29.234804153442496, -2.627909660339355 ], [ 29.234994888305778, -2.627923011779785 ], [ 29.235172271728743, -2.627945423126221 ], [ 29.235208511352482, -2.62794995307911 ], [ 29.235445022583008, -2.627900838851929 ], [ 29.235582351684513, -2.627860784530469 ], [ 29.235675811767749, -2.627776145935059 ], [ 29.235691070556641, -2.627664804458448 ], [ 29.235696792602766, -2.627514123916626 ], [ 29.235712051391658, -2.626796245574724 ], [ 29.23581886291521, -2.626738309860116 ], [ 29.235828399658146, -2.626537799835091 ], [ 29.235849380493221, -2.626337289809953 ], [ 29.235868453979435, -2.626190423965227 ], [ 29.235885620117472, -2.625900745391846 ], [ 29.235858917236499, -2.625807285308781 ], [ 29.235815048218058, -2.62557578086836 ], [ 29.235788345337085, -2.625312805175781 ], [ 29.235729217529354, -2.625036716461182 ], [ 29.235712051391658, -2.624849557876587 ], [ 29.235748291015796, -2.624666929244995 ], [ 29.235822677612589, -2.624488830566349 ], [ 29.235971450805607, -2.624497652053606 ], [ 29.236099243164176, -2.624568939208984 ], [ 29.236198425293026, -2.624742746352922 ], [ 29.236238479614315, -2.624960899352971 ], [ 29.236272811889819, -2.625246047973519 ], [ 29.236331939697322, -2.625415325164795 ], [ 29.236371994018612, -2.625522136688062 ], [ 29.236473083496207, -2.625553369521867 ], [ 29.236593246460245, -2.625499963760319 ], [ 29.236728668213175, -2.625370740890389 ], [ 29.236795425415039, -2.625281810760384 ], [ 29.236852645874194, -2.625308513641357 ], [ 29.236995697021655, -2.625406503677254 ], [ 29.23717308044462, -2.625455379486084 ], [ 29.237270355224837, -2.625499963760319 ], [ 29.237466812134073, -2.625624656677246 ], [ 29.237651824951399, -2.625829458236694 ], [ 29.23765945434576, -2.625945329665967 ], [ 29.237646102905273, -2.626323938369751 ], [ 29.237667083740291, -2.626395225524732 ], [ 29.237791061401538, -2.626444578170549 ], [ 29.237907409668026, -2.626595735549699 ], [ 29.238027572631836, -2.626742601394426 ], [ 29.238140106201342, -2.626782894134521 ], [ 29.238260269164982, -2.626805067062151 ], [ 29.238313674926758, -2.626871824264526 ], [ 29.238451004028263, -2.626903057098275 ], [ 29.238531112671012, -2.626911878585815 ], [ 29.23871040344244, -2.626943111419564 ], [ 29.238924026489315, -2.627036809921037 ], [ 29.23905372619646, -2.627076864242497 ], [ 29.239070892333928, -2.627161502838021 ], [ 29.239227294921875, -2.627192497253191 ], [ 29.239387512207202, -2.627165794372331 ], [ 29.239511489868391, -2.627094507217407 ], [ 29.239645004272745, -2.626911878585815 ], [ 29.24004173278837, -2.626653671264592 ], [ 29.240179061889876, -2.626506567001343 ], [ 29.240371704101562, -2.626359701156616 ], [ 29.240648269653548, -2.626047849655151 ], [ 29.240642547607422, -2.625833988189584 ], [ 29.240629196167106, -2.625682592391968 ], [ 29.24057579040533, -2.625557899474927 ], [ 29.240655899048079, -2.625379800796281 ], [ 29.240562438964844, -2.625219345092773 ], [ 29.240478515625114, -2.62508559226967 ], [ 29.240367889404581, -2.624938726424944 ], [ 29.240232467651651, -2.624782800674325 ], [ 29.24014854431158, -2.624720335006543 ], [ 29.240068435669002, -2.624618053436166 ], [ 29.240108489990291, -2.624488830566349 ], [ 29.240505218506087, -2.624350786208936 ], [ 29.240652084350756, -2.624306201934644 ], [ 29.240848541259766, -2.624292850494157 ], [ 29.241092681884822, -2.624279499053955 ], [ 29.241312026977482, -2.62424373626709 ], [ 29.24143218994152, -2.624208927154427 ], [ 29.241685867309513, -2.624119043350106 ], [ 29.241823196411417, -2.624043464660645 ], [ 29.242002487182788, -2.623954296111947 ], [ 29.242197036743221, -2.623900890350171 ], [ 29.242410659790323, -2.623869657516252 ], [ 29.242660522460938, -2.623785018920898 ], [ 29.242803573608398, -2.623740434646606 ], [ 29.242906570434627, -2.623660326003971 ], [ 29.242946624755859, -2.623566865920907 ], [ 29.243040084839095, -2.623428583144914 ], [ 29.243160247802791, -2.62329959869362 ], [ 29.243316650390909, -2.623228311538696 ], [ 29.243467330932901, -2.623161315917969 ], [ 29.243560791015796, -2.62308120727522 ], [ 29.243738174438761, -2.623009920120239 ], [ 29.243961334228572, -2.62296986579895 ], [ 29.243988037109375, -2.622947692871094 ], [ 29.244251251220874, -2.622885227203255 ], [ 29.244461059570597, -2.622778415679818 ], [ 29.244508743286417, -2.622749090194475 ], [ 29.244642257690373, -2.622667074203321 ], [ 29.244848251342944, -2.622622489929199 ], [ 29.244924545288143, -2.622711420059204 ], [ 29.24479866027832, -2.622943162917977 ], [ 29.244741439819393, -2.622996807098275 ], [ 29.244668960571346, -2.623063325881787 ], [ 29.244586944580192, -2.623084306716748 ], [ 29.244518280029524, -2.623308420181161 ], [ 29.244535446167049, -2.623584508895874 ], [ 29.244586944580192, -2.623739957809278 ], [ 29.244859695434627, -2.623912572860604 ], [ 29.245082855224837, -2.624050855636597 ], [ 29.24534034729021, -2.624344348907357 ], [ 29.245580673217887, -2.624879360198975 ], [ 29.245872497558764, -2.62512111663807 ], [ 29.245923995971964, -2.625172853469735 ], [ 29.246044158935774, -2.625207424163818 ], [ 29.246198654174975, -2.625190258026009 ], [ 29.24638748168951, -2.624948740005493 ], [ 29.246541976928825, -2.624672889709473 ], [ 29.246618270874023, -2.624250173568612 ], [ 29.246585845947322, -2.623370170593148 ], [ 29.246791839599666, -2.622352361679077 ], [ 29.247066497802848, -2.622110843658334 ], [ 29.247426986694563, -2.62199044227583 ], [ 29.247821807861442, -2.622128725051766 ], [ 29.248317718505916, -2.62245678901661 ], [ 29.248420715332259, -2.622663974761792 ], [ 29.248540878295955, -2.623371362686157 ], [ 29.248678207397631, -2.623526811599504 ], [ 29.248746871948299, -2.623647451400586 ], [ 29.248712539673136, -2.623871803283464 ], [ 29.248712539673136, -2.624130725860596 ], [ 29.248712539673136, -2.624389410018807 ], [ 29.248661041259766, -2.624648332595712 ], [ 29.248609542846964, -2.624838113784563 ], [ 29.248590469360522, -2.625113964080811 ], [ 29.24865913391136, -2.625407457351457 ], [ 29.248899459838867, -2.625700950622388 ], [ 29.249242782592944, -2.625942707061768 ], [ 29.249689102172965, -2.626374244689828 ], [ 29.250032424927042, -2.626529693603402 ], [ 29.250219345092944, -2.626771450042611 ], [ 29.250562667846623, -2.626926898956185 ], [ 29.250871658325366, -2.626737356185913 ], [ 29.251146316528548, -2.626513242721501 ], [ 29.251558303833292, -2.626254558563232 ], [ 29.251970291137809, -2.625996112823486 ], [ 29.252485275268725, -2.6257030963896 ], [ 29.252828598022575, -2.625409841537476 ], [ 29.253267288208292, -2.624987363815251 ], [ 29.25345611572277, -2.624676942825317 ], [ 29.253473281860636, -2.624107599258309 ], [ 29.253490447998104, -2.623521089553776 ], [ 29.253610610961971, -2.62324500083912 ], [ 29.253919601440487, -2.622917413711377 ], [ 29.254211425781364, -2.622727632522583 ], [ 29.254434585571573, -2.622520923614331 ], [ 29.254880905151424, -2.622383117675611 ], [ 29.255481719970874, -2.622314453124943 ], [ 29.255928039550895, -2.622245550155583 ], [ 29.256151199341105, -2.622194051742497 ], [ 29.256494522094783, -2.622056245803833 ], [ 29.257095336914006, -2.621676921844482 ], [ 29.257627487182788, -2.621366739273014 ], [ 29.258089065551701, -2.621108055114746 ], [ 29.258655548095987, -2.620797872543221 ], [ 29.259077072143612, -2.620703220367432 ], [ 29.259609222412394, -2.620686292648202 ], [ 29.259883880615405, -2.620686531066781 ], [ 29.260021209717081, -2.620634794235116 ], [ 29.260107040405444, -2.620531320571786 ], [ 29.260175704956112, -2.620358943938982 ], [ 29.260330200195256, -2.620031118392717 ], [ 29.260639190673999, -2.619858741760197 ], [ 29.261068344116381, -2.619462251663094 ], [ 29.261617660522404, -2.619134664535352 ], [ 29.262594223022631, -2.618462324142456 ], [ 29.262937545776481, -2.618324518203735 ], [ 29.263229370117358, -2.618341922759839 ], [ 29.263658523559741, -2.61846303939808 ], [ 29.264139175415323, -2.61861848831154 ], [ 29.264396667480469, -2.618566989898454 ], [ 29.264636993408374, -2.618463516235124 ], [ 29.26477432251005, -2.618256568908578 ], [ 29.264911651611385, -2.618170261383057 ], [ 29.265048980713061, -2.618170499801522 ], [ 29.265289306640568, -2.61829137802124 ], [ 29.265546798706282, -2.618653774261361 ], [ 29.265743255615519, -2.619007587432748 ], [ 29.26584625244152, -2.619301080703679 ], [ 29.265811920166186, -2.619715213775407 ], [ 29.265640258789347, -2.620008468627816 ], [ 29.265571594238338, -2.620267152786084 ], [ 29.265655517578239, -2.620474338531267 ], [ 29.266119003296126, -2.620767831802198 ], [ 29.266736984253214, -2.620906114578247 ], [ 29.267045974731559, -2.621078968048096 ], [ 29.267183303833065, -2.621286153793221 ], [ 29.267354965210131, -2.621786594390812 ], [ 29.267610549926871, -2.622614860534441 ], [ 29.267742156982422, -2.623010396957284 ], [ 29.267765045166072, -2.623080968856812 ], [ 29.267730712890909, -2.623408555984383 ], [ 29.267524719238565, -2.623632907867318 ], [ 29.267284393310661, -2.623891592025757 ], [ 29.26716423034685, -2.624081134795915 ], [ 29.26716423034685, -2.624340057372933 ], [ 29.267284393310661, -2.62447810173029 ], [ 29.26750755310087, -2.624547243118286 ], [ 29.267833709717081, -2.62446117401106 ], [ 29.267988204956112, -2.62415075302124 ], [ 29.268142700195426, -2.623874664306527 ], [ 29.268468856811637, -2.62366795539856 ], [ 29.268846511840877, -2.623461008071899 ], [ 29.269189834594897, -2.6232714653014 ], [ 29.26944732666044, -2.623271703720093 ], [ 29.270029067993391, -2.623548030853271 ], [ 29.27042388916027, -2.623669147491228 ], [ 29.27064704895048, -2.623703718185425 ], [ 29.271272659301928, -2.623678207397404 ], [ 29.272354125976506, -2.623609781265259 ], [ 29.272954940795955, -2.62361025810219 ], [ 29.273143768310604, -2.623679161071777 ], [ 29.273349761963175, -2.623886346817017 ], [ 29.273624420166186, -2.624145507812386 ], [ 29.273778915405558, -2.624335289001465 ], [ 29.274034500122298, -2.624525308608781 ], [ 29.27451515197771, -2.624611854553166 ], [ 29.275218963623274, -2.624577760696411 ], [ 29.275613784790323, -2.624474287033081 ], [ 29.276222229003906, -2.624207258224374 ], [ 29.276514053344954, -2.624276399612256 ], [ 29.276720046997127, -2.624569892883073 ], [ 29.277046203613338, -2.624949693679696 ], [ 29.277389526367244, -2.625070810317936 ], [ 29.277938842773438, -2.624950170516854 ], [ 29.27838325500494, -2.625071287154981 ], [ 29.278709411621094, -2.625174999236833 ], [ 29.279018402099666, -2.625123500823747 ], [ 29.27922439575218, -2.624847412109375 ], [ 29.279516220093058, -2.624761343002149 ], [ 29.279808044433764, -2.624916791915894 ], [ 29.280426025390625, -2.625952482223511 ], [ 29.280735015869197, -2.62612509727478 ], [ 29.28092193603527, -2.626125335693359 ], [ 29.281162261963175, -2.625987291335946 ], [ 29.281402587890682, -2.62583231925953 ], [ 29.281677246093864, -2.625901460647526 ], [ 29.282030105590877, -2.626134634017717 ], [ 29.282251358032283, -2.626427888870126 ], [ 29.282543182373161, -2.626807689666634 ], [ 29.282817840576229, -2.627877712249756 ], [ 29.283041000366211, -2.628447055816537 ], [ 29.283348083496151, -2.629068613052198 ], [ 29.28357124328636, -2.629724264144727 ], [ 29.283836364746264, -2.630595684051514 ], [ 29.284025192260799, -2.630906343459969 ], [ 29.284317016601847, -2.631303548812753 ], [ 29.284729003906364, -2.631614208221436 ], [ 29.285020828247241, -2.631717920303174 ], [ 29.285329818725586, -2.631769895553589 ], [ 29.285739898681925, -2.631821870803833 ], [ 29.285991668701115, -2.631842613220101 ], [ 29.286375045776651, -2.631874084472543 ], [ 29.28676986694353, -2.631874322891122 ], [ 29.286975860595874, -2.632081508636304 ], [ 29.287096023559741, -2.632305860519182 ], [ 29.287164688110408, -2.632512807846012 ], [ 29.287113189697379, -2.632616281509399 ], [ 29.286993026733342, -2.632806062698251 ], [ 29.28689002990717, -2.632978677749463 ], [ 29.286924362182674, -2.633306503295728 ], [ 29.28724861145048, -2.63361716270424 ], [ 29.287609100341854, -2.633790016174089 ], [ 29.287763595581225, -2.633910894393807 ], [ 29.287832260131893, -2.634066104888916 ], [ 29.288072586059741, -2.634566783905029 ], [ 29.288381576538086, -2.635050058364868 ], [ 29.288938522339038, -2.635524749755859 ], [ 29.289264678955249, -2.635801076889038 ], [ 29.289367675781421, -2.635990858077832 ], [ 29.289453506469783, -2.636249780654907 ], [ 29.28967475891136, -2.636629581451416 ], [ 29.290000915527571, -2.63681936264021 ], [ 29.290121078491268, -2.637026548385393 ], [ 29.290138244628906, -2.637181758880615 ], [ 29.290189743042276, -2.637630462646484 ], [ 29.290378570556584, -2.637837648391724 ], [ 29.290704727172795, -2.637906789779663 ], [ 29.290859222412337, -2.638010501861572 ], [ 29.291013717651538, -2.63823485374445 ], [ 29.291149139404467, -2.638338565826189 ], [ 29.291337966918945, -2.638545751571485 ], [ 29.291492462158487, -2.638718366622811 ], [ 29.291698455810661, -2.63892555236805 ], [ 29.291801452636662, -2.638960123062134 ], [ 29.292264938354549, -2.638908624649048 ], [ 29.292436599731616, -2.639012098312151 ], [ 29.292882919311637, -2.639426469802629 ], [ 29.29327583312994, -2.63985800743103 ], [ 29.293464660644815, -2.640341281890642 ], [ 29.293533325195483, -2.64049673080433 ], [ 29.293739318847827, -2.640617609023934 ], [ 29.294065475464038, -2.640617609023934 ], [ 29.294656753540323, -2.640523195266496 ], [ 29.295429229736385, -2.640540838241463 ], [ 29.296098709106445, -2.640644788742065 ], [ 29.296253204345987, -2.640713930129778 ], [ 29.296493530273665, -2.640921115875244 ], [ 29.296751022339038, -2.64116263389576 ], [ 29.297281265258846, -2.641801357269287 ], [ 29.297504425048885, -2.641956806182804 ], [ 29.297933578491268, -2.64209508895857 ], [ 29.298225402832088, -2.642095327377319 ], [ 29.298517227172965, -2.641888380050659 ], [ 29.29887771606468, -2.641733407974243 ], [ 29.299272537231559, -2.641733646392765 ], [ 29.299375534057731, -2.641785383224487 ], [ 29.299633026123274, -2.641923666000253 ], [ 29.299888610839901, -2.642182588577271 ], [ 29.30045509338396, -2.64271783828724 ], [ 29.300943374633846, -2.643071651458627 ], [ 29.301406860351562, -2.643175601959001 ], [ 29.301836013793945, -2.643227577209302 ], [ 29.30224800109869, -2.643141508102303 ], [ 29.302831649780444, -2.643141746520996 ], [ 29.303277969360465, -2.643141984939348 ], [ 29.303844451904354, -2.643366575241089 ], [ 29.304100036621151, -2.643418550491333 ], [ 29.304443359375, -2.643332481384277 ], [ 29.304752349853572, -2.643332719802629 ], [ 29.30511283874506, -2.643505334854126 ], [ 29.30583381652832, -2.643730163574219 ], [ 29.306245803833065, -2.643799304962045 ], [ 29.306451797485579, -2.643903017044067 ], [ 29.30708503723173, -2.644213914871102 ], [ 29.307386398315543, -2.644222736358643 ], [ 29.307678222656421, -2.644136667251416 ], [ 29.30834770202631, -2.643912792205811 ], [ 29.309444427490178, -2.643809795379639 ], [ 29.309822082519588, -2.644016981124878 ], [ 29.310543060303019, -2.644379854202271 ], [ 29.311092376709041, -2.644431829452515 ], [ 29.311573028564624, -2.644397735595703 ], [ 29.311744689941634, -2.644449472427198 ], [ 29.311983108520735, -2.644777536392212 ], [ 29.312110900878963, -2.64502048492426 ], [ 29.31229209899908, -2.645364284515267 ], [ 29.312498092651651, -2.64560604095459 ], [ 29.31318473815918, -2.646020412444955 ], [ 29.313751220703296, -2.646296739578133 ], [ 29.314144134521541, -2.646417856216317 ], [ 29.314479827880916, -2.646340370178109 ], [ 29.314960479736442, -2.646461486816293 ], [ 29.315284729004077, -2.646841287612688 ], [ 29.315559387207259, -2.647617816924935 ], [ 29.315782546997127, -2.64810109138466 ], [ 29.315851211548136, -2.64889478683466 ], [ 29.316005706787166, -2.649153709411507 ], [ 29.316141128540039, -2.649446964263916 ], [ 29.316123962402401, -2.649654150009042 ], [ 29.316072463989201, -2.649792194366398 ], [ 29.3159694671632, -2.649981737136784 ], [ 29.31574630737299, -2.65018868446333 ], [ 29.315643310546818, -2.650413036346265 ], [ 29.315608978271484, -2.650861501693498 ], [ 29.315660476684855, -2.651448249816781 ], [ 29.315900802612532, -2.651862621307373 ], [ 29.316312789917276, -2.652242422103882 ], [ 29.316740036010685, -2.65276026725769 ], [ 29.316827774047965, -2.652946710586548 ], [ 29.316865921020678, -2.653028249740373 ], [ 29.316877365112589, -2.653053522109815 ], [ 29.317066192627067, -2.653381586074715 ], [ 29.317306518554972, -2.653743982315007 ], [ 29.317598342895451, -2.653951168060189 ], [ 29.31787300109869, -2.654003143310433 ], [ 29.318353652954215, -2.654020547866594 ], [ 29.318643569946346, -2.654210567474138 ], [ 29.318601608276651, -2.654803514480477 ], [ 29.318658828735579, -2.65503191947937 ], [ 29.318868637085131, -2.65539002418501 ], [ 29.318988800048771, -2.65559625625599 ], [ 29.319171905517521, -2.655911207199097 ], [ 29.319200515747127, -2.656116724014282 ], [ 29.31939888000494, -2.65643382072426 ], [ 29.319610595703409, -2.656543493270874 ], [ 29.319643020630167, -2.656560659408456 ], [ 29.320053100586108, -2.656774759292489 ], [ 29.320224761962947, -2.656802892684823 ], [ 29.320373535156534, -2.656827688217163 ], [ 29.320592880249194, -2.656779766082764 ], [ 29.32077789306652, -2.656739711761475 ], [ 29.321010589599666, -2.656569719314575 ], [ 29.321146011352766, -2.656480550765878 ], [ 29.321313858032283, -2.656370162963867 ], [ 29.321521759033203, -2.656231880187761 ], [ 29.321704864501953, -2.655666112899667 ], [ 29.321920394897631, -2.65499830245966 ], [ 29.322286605835131, -2.654152870178223 ], [ 29.322425842285384, -2.653834819793701 ], [ 29.322732925415153, -2.653652191162109 ], [ 29.322786331176928, -2.653611421584969 ], [ 29.322900772095011, -2.653523445129338 ], [ 29.323204040527401, -2.653445720672607 ], [ 29.323268890380916, -2.6534290313719 ], [ 29.324335098266602, -2.653156757354623 ], [ 29.324653625488452, -2.653131723403703 ], [ 29.324810028076399, -2.653119325637704 ], [ 29.325077056884879, -2.653098583221436 ], [ 29.325174331665323, -2.65310621261591 ], [ 29.32548713684082, -2.653130531311035 ], [ 29.325798034668139, -2.653294324874764 ], [ 29.325983047485465, -2.653347730636426 ], [ 29.32602500915533, -2.653359889984017 ], [ 29.326244354248217, -2.653699636459237 ], [ 29.326377868652344, -2.653907060623169 ], [ 29.326591491699276, -2.654340028762761 ], [ 29.326618194580021, -2.654397010803109 ], [ 29.326728820800952, -2.654741525650024 ], [ 29.326858520508097, -2.654861211776677 ], [ 29.326894760132006, -2.65495753288269 ], [ 29.326978683471737, -2.655185461044198 ], [ 29.327272415161417, -2.655485630035287 ], [ 29.327407836914119, -2.655624628066846 ], [ 29.327840805053881, -2.655889749526921 ], [ 29.32818794250494, -2.656103372573739 ], [ 29.328300476074219, -2.656172275542986 ], [ 29.328544616699276, -2.656528949737549 ], [ 29.328634262084961, -2.656661987304574 ], [ 29.328762054443359, -2.656828880309945 ], [ 29.328994750976506, -2.657132625579663 ], [ 29.329114913940714, -2.657310724258195 ], [ 29.329133987426815, -2.657542467117082 ], [ 29.329196929931868, -2.657749652862549 ], [ 29.329090118408146, -2.658118486404192 ], [ 29.329111099243164, -2.658315420150757 ], [ 29.329090118408146, -2.6586718559264 ], [ 29.329133987426815, -2.658874750137272 ], [ 29.329202651977823, -2.659187078475838 ], [ 29.329315185546932, -2.659277439117432 ], [ 29.329385757446573, -2.659333229064941 ], [ 29.329593658447322, -2.659695863723641 ], [ 29.330194473266545, -2.660493850707951 ], [ 29.330303192138672, -2.660637617111092 ], [ 29.330553054809684, -2.660972356796265 ], [ 29.330675125122298, -2.66113376617426 ], [ 29.330709457397631, -2.661186933517456 ], [ 29.330934524536246, -2.661547422408944 ], [ 29.331081390380916, -2.661697626113664 ], [ 29.331161499023438, -2.661763668060189 ], [ 29.331508636474666, -2.662050008773633 ], [ 29.331888198852653, -2.662380933761597 ], [ 29.332153320312727, -2.662617921829167 ], [ 29.332349777221964, -2.662794589996281 ], [ 29.332500457763956, -2.662998437881299 ], [ 29.332672119140625, -2.663233518600464 ], [ 29.332784652710131, -2.663546085357495 ], [ 29.332798004150447, -2.663582324981689 ], [ 29.332798004150447, -2.663755178451538 ], [ 29.332750320434627, -2.663796424865552 ], [ 29.332519531250057, -2.663996696472054 ], [ 29.332275390625171, -2.664271831512224 ], [ 29.332109451294116, -2.6644606590271 ], [ 29.331964492797852, -2.664532899856567 ], [ 29.331804275512752, -2.664784669876099 ], [ 29.331636428833235, -2.665428400039673 ], [ 29.331623077392578, -2.665480852126962 ], [ 29.331581115722884, -2.665642499923706 ], [ 29.331707000732706, -2.66606616973877 ], [ 29.331731796264876, -2.666131973266602 ], [ 29.331846237182788, -2.666422367095947 ], [ 29.332164764404467, -2.666845560073853 ], [ 29.332235336303881, -2.666966438293457 ], [ 29.332265853881893, -2.667017221450692 ], [ 29.332330703735522, -2.667074918746835 ], [ 29.332523345947209, -2.667247772216683 ], [ 29.332830429077148, -2.667523384094181 ], [ 29.332923889160384, -2.667608022689762 ], [ 29.333003997802791, -2.66767144203169 ], [ 29.333444595337085, -2.668025970458871 ], [ 29.333515167236499, -2.668074607848894 ], [ 29.333581924438761, -2.668119907379037 ], [ 29.333963394165323, -2.668382406234514 ], [ 29.334398269653491, -2.668738603591919 ], [ 29.334930419922046, -2.669209480285645 ], [ 29.33501243591337, -2.669401645660173 ], [ 29.335067749023722, -2.669531106948682 ], [ 29.335054397583065, -2.670028924941846 ], [ 29.33504867553728, -2.670201778411695 ], [ 29.334806442261026, -2.670726299285718 ], [ 29.334674835205078, -2.67095160484314 ], [ 29.334482192993221, -2.671279430389404 ], [ 29.334274291992244, -2.67220139503462 ], [ 29.334333419799975, -2.672520875930786 ], [ 29.334356307983398, -2.672633886337167 ], [ 29.334476470947436, -2.672836780548096 ], [ 29.334697723388729, -2.673206567764055 ], [ 29.334783554077376, -2.673234701156559 ], [ 29.334873199462891, -2.673263788223153 ], [ 29.334970474243335, -2.673597335815316 ], [ 29.334987640380973, -2.673658132553101 ], [ 29.334991455078182, -2.673922061920166 ], [ 29.334943771362362, -2.674164295196533 ], [ 29.334926605224837, -2.674252748489323 ], [ 29.334897994995288, -2.674286365508976 ], [ 29.334680557251204, -2.674538850784245 ], [ 29.33432769775402, -2.674809932708513 ], [ 29.334085464477596, -2.674996376037484 ], [ 29.333549499512003, -2.675462722778263 ], [ 29.333229064941577, -2.67574310302723 ], [ 29.333082199096737, -2.675908327102547 ], [ 29.332738876343058, -2.676061391830444 ], [ 29.332710266113338, -2.676074028015137 ], [ 29.332210540771484, -2.676162242889234 ], [ 29.332111358642862, -2.676174163818189 ], [ 29.332052230834961, -2.676181316375732 ], [ 29.331983566284293, -2.676290035247803 ], [ 29.331890106201229, -2.676438093185368 ], [ 29.331857681274698, -2.676856279373169 ], [ 29.33183670043951, -2.677150249480974 ], [ 29.331851959228572, -2.678410291671753 ], [ 29.331850051880167, -2.678532838821297 ], [ 29.331842422485408, -2.679049253463575 ], [ 29.331968307495401, -2.679704427719059 ], [ 29.331979751586971, -2.679920673370361 ], [ 29.331819534301985, -2.680209875106812 ], [ 29.331426620483342, -2.680263519287109 ], [ 29.331167221069393, -2.680298566818124 ], [ 29.331062316894815, -2.680361032485962 ], [ 29.330984115600643, -2.68040657043457 ], [ 29.330598831176928, -2.680521011352482 ], [ 29.330209732055835, -2.680778741836548 ], [ 29.329633712768782, -2.681159496307259 ], [ 29.329570770263729, -2.681375265121346 ], [ 29.329442977905501, -2.681826829910108 ], [ 29.329050064086857, -2.682399272918587 ], [ 29.329032897949389, -2.682549715042057 ], [ 29.329040527343921, -2.682636260986328 ], [ 29.328983306884822, -2.683114051818734 ], [ 29.328851699829045, -2.683777332305795 ], [ 29.328804016113224, -2.684016227722054 ], [ 29.328575134277628, -2.685367584228402 ], [ 29.328504562377987, -2.685790538787671 ], [ 29.328468322754077, -2.685992240905762 ], [ 29.328323364257869, -2.686782836914006 ], [ 29.328287124633732, -2.688080310821533 ], [ 29.328258514404354, -2.688207387924137 ], [ 29.328165054321346, -2.688648700714111 ], [ 29.328113555908487, -2.689583539962655 ], [ 29.328212738037166, -2.689715623855591 ], [ 29.328365325927905, -2.689916849136296 ], [ 29.32863044738798, -2.689956426620427 ], [ 29.328863143921126, -2.689991235732805 ], [ 29.329183578491381, -2.690217256545907 ], [ 29.329223632812671, -2.690299510955754 ], [ 29.329315185546932, -2.69049072265625 ], [ 29.329374313354663, -2.690740585327092 ], [ 29.32949447631853, -2.690919160842896 ], [ 29.329803466797046, -2.69140696525568 ], [ 29.330005645752237, -2.691644906997681 ], [ 29.330219268798942, -2.692013740539551 ], [ 29.330648422241325, -2.692477703094426 ], [ 29.331075668335131, -2.692703723907471 ], [ 29.331527709960938, -2.692953586578142 ], [ 29.33186149597168, -2.693108320236206 ], [ 29.332538604736499, -2.692929744720232 ], [ 29.333312988281307, -2.692370653152352 ], [ 29.333633422851562, -2.692025661468506 ], [ 29.334110260009766, -2.69157338142395 ], [ 29.334419250488338, -2.691311836242562 ], [ 29.334669113159123, -2.690978527068864 ], [ 29.334882736206225, -2.691002368926775 ], [ 29.33518028259283, -2.69103813171364 ], [ 29.335430145263842, -2.69135928153986 ], [ 29.335918426513956, -2.69191837310791 ], [ 29.33612060546875, -2.692215919494458 ], [ 29.336631774902287, -2.692477703094426 ], [ 29.337083816528491, -2.692667961120605 ], [ 29.337358474731673, -2.692846536636353 ], [ 29.337465286255053, -2.692893981933366 ], [ 29.337524414062784, -2.692977428436052 ], [ 29.337511062622127, -2.693250656127816 ], [ 29.337501525879134, -2.693441390991097 ], [ 29.337535858154297, -2.693976640701067 ], [ 29.337690353393839, -2.694405078887883 ], [ 29.33792877197294, -2.694916725158521 ], [ 29.338226318359432, -2.695333003997689 ], [ 29.338203430175781, -2.695701837539673 ], [ 29.338190078735465, -2.696070671081543 ], [ 29.338310241699503, -2.696344375610181 ], [ 29.338453292846964, -2.696653604507446 ], [ 29.338678359985408, -2.697272300720101 ], [ 29.338703155517635, -2.697938442230225 ], [ 29.338928222656421, -2.698307275771981 ], [ 29.339225769043026, -2.698795080184937 ], [ 29.339618682861499, -2.699247121810743 ], [ 29.339986801147745, -2.699556589126587 ], [ 29.34029579162592, -2.699556589126587 ], [ 29.34080886840826, -2.699556589126587 ], [ 29.340913772583178, -2.699554443359375 ], [ 29.341367721557788, -2.699544668197632 ], [ 29.341665267944393, -2.699663639068604 ], [ 29.341938018798828, -2.699925422668457 ], [ 29.34196853637701, -2.700093030929565 ], [ 29.342033386230469, -2.700437068939152 ], [ 29.342330932617301, -2.700746297836304 ], [ 29.342533111572322, -2.700889110565015 ], [ 29.343021392822209, -2.700972318649292 ], [ 29.343242645263842, -2.700937509536629 ], [ 29.343473434448413, -2.70090103149397 ], [ 29.343544006347656, -2.700912952422925 ], [ 29.343591690063477, -2.701004981994629 ], [ 29.34366607666027, -2.701149463653564 ], [ 29.343698501587198, -2.701210260391065 ], [ 29.343759536743335, -2.701448202133122 ], [ 29.343862533569506, -2.701874971389771 ], [ 29.343877792358398, -2.701936006545793 ], [ 29.34404373168951, -2.702185869216805 ], [ 29.34409141540533, -2.702376127242928 ], [ 29.344579696655387, -2.70260214805603 ], [ 29.344686508178768, -2.702780723571721 ], [ 29.344781875610408, -2.70275688171381 ], [ 29.344797134399641, -2.702874183654785 ], [ 29.345024108886662, -2.703995227813607 ], [ 29.344760894775561, -2.705508947372437 ], [ 29.344497680664062, -2.706693410873356 ], [ 29.344562530517749, -2.707417249679452 ], [ 29.34568214416521, -2.708536148071289 ], [ 29.346208572387638, -2.709457397460767 ], [ 29.346538543701229, -2.710049629211255 ], [ 29.346735000610636, -2.710576057433968 ], [ 29.346603393554688, -2.711234092712402 ], [ 29.347393035888786, -2.712418794631901 ], [ 29.348644256591854, -2.713405847549438 ], [ 29.348445892334041, -2.714919328689405 ], [ 29.348333358764705, -2.71594309806801 ], [ 29.348249435424975, -2.716696262359449 ], [ 29.348512649536303, -2.719065189361572 ], [ 29.348644256591854, -2.720710515975838 ], [ 29.34982872009283, -2.722750425338745 ], [ 29.35022354126005, -2.72386908531189 ], [ 29.350736618042163, -2.724242687225342 ], [ 29.350946426391886, -2.724395751952898 ], [ 29.351741790771769, -2.724992036819401 ], [ 29.352525711059741, -2.725580215453988 ], [ 29.352657318115462, -2.725820541381779 ], [ 29.353446960449389, -2.72705435752863 ], [ 29.353822708129996, -2.727567672729379 ], [ 29.354001998901367, -2.727907657623291 ], [ 29.354364395141886, -2.728750944137573 ], [ 29.355056762695369, -2.730741977691537 ], [ 29.355161666870174, -2.731714010238534 ], [ 29.355091094970703, -2.732674360275269 ], [ 29.354705810547159, -2.733283519744703 ], [ 29.354318618774471, -2.733845710754281 ], [ 29.353696823120401, -2.734267234802132 ], [ 29.353076934814737, -2.734618663787671 ], [ 29.352525711059741, -2.734923124313354 ], [ 29.352458953857479, -2.734958410262891 ], [ 29.351959228515682, -2.735221862792969 ], [ 29.351026535034464, -2.735801696777287 ], [ 29.349855422973803, -2.736586332320996 ], [ 29.349060058593921, -2.73703145980835 ], [ 29.348731994628963, -2.737663984298649 ], [ 29.348333358764705, -2.738179206848031 ], [ 29.347795486450195, -2.738507270812761 ], [ 29.347103118896541, -2.739010810851823 ], [ 29.346786499023438, -2.739280223846436 ], [ 29.346565246582202, -2.739490985870361 ], [ 29.346178054809855, -2.739877462387028 ], [ 29.345849990844897, -2.740006446838322 ], [ 29.345230102539233, -2.740053176879655 ], [ 29.344797134399641, -2.740193843841439 ], [ 29.344129562378157, -2.740627050399667 ], [ 29.343379974365348, -2.740849733352434 ], [ 29.342969894409237, -2.741142511367798 ], [ 29.342794418335188, -2.741470336914062 ], [ 29.342418670654581, -2.741774797439462 ], [ 29.341411590576399, -2.742301940917855 ], [ 29.341060638428019, -2.742372274398804 ], [ 29.340814590454386, -2.742290258407593 ], [ 29.340568542480526, -2.74223160743702 ], [ 29.340240478515739, -2.742149591445866 ], [ 29.34007644653343, -2.742173194885254 ], [ 29.339818954467717, -2.742618083953857 ], [ 29.33951377868658, -2.743051528930664 ], [ 29.339092254638729, -2.743391275405884 ], [ 29.338190078735465, -2.74349665641779 ], [ 29.337253570556925, -2.743320941924878 ], [ 29.336715698242244, -2.743320941924878 ], [ 29.33604812622076, -2.743414640426636 ], [ 29.335788726806811, -2.743508338928223 ], [ 29.335590362548999, -2.743801116943359 ], [ 29.33535575866722, -2.743988513946363 ], [ 29.334970474243335, -2.744292974472046 ], [ 29.334348678588867, -2.744515657424927 ], [ 29.334091186523722, -2.744726419448853 ], [ 29.333986282348746, -2.744995832443067 ], [ 29.333774566650618, -2.745358943939152 ], [ 29.333341598510685, -2.745569705963078 ], [ 29.333225250244197, -2.745745420455705 ], [ 29.333118438720874, -2.746106147766056 ], [ 29.333286285400334, -2.746180772781372 ], [ 29.333425521850643, -2.746684312820378 ], [ 29.333425521850643, -2.747117757797071 ], [ 29.333566665649698, -2.747375249862671 ], [ 29.333662033081339, -2.747513294219857 ], [ 29.33371734619169, -2.74759221076954 ], [ 29.333883285522745, -2.747832059860229 ], [ 29.334245681762695, -2.748160123824846 ], [ 29.335018157959155, -2.748429536819458 ], [ 29.335721969604549, -2.749061822891235 ], [ 29.33608436584484, -2.749424934387207 ], [ 29.336565017700252, -2.749741315841675 ], [ 29.337102890014933, -2.749987125396501 ], [ 29.337314605713061, -2.750104427337646 ], [ 29.337993621826229, -2.750502586364519 ], [ 29.338298797607422, -2.750877380370866 ], [ 29.338731765747355, -2.751135110854932 ], [ 29.339597702026651, -2.751415014266854 ], [ 29.339962005615178, -2.751720666885262 ], [ 29.340126037597656, -2.752001762389909 ], [ 29.340324401855526, -2.752388238906747 ], [ 29.340782165527628, -2.752516984939575 ], [ 29.34099197387701, -2.752692699432259 ], [ 29.34098052978544, -2.753114461898804 ], [ 29.341085433960018, -2.753676652908098 ], [ 29.34102058410673, -2.754196405410653 ], [ 29.340982437134016, -2.754310131072884 ], [ 29.340875625610295, -2.754543304443359 ], [ 29.340629577636662, -2.754976749420166 ], [ 29.340417861938533, -2.755597352981397 ], [ 29.340253829956055, -2.756358623504525 ], [ 29.340066909790323, -2.757436275482178 ], [ 29.340196609497127, -2.75788140296936 ], [ 29.34020805358881, -2.75833797454834 ], [ 29.340372085571346, -2.758783102035352 ], [ 29.340253829956055, -2.75909948348999 ], [ 29.339797973632869, -2.759239912032854 ], [ 29.33959007263212, -2.759544372558594 ], [ 29.339029312133789, -2.760030984878483 ], [ 29.338743209838867, -2.760188579559269 ], [ 29.338369369506893, -2.76031756401062 ], [ 29.338087081909293, -2.760704040527116 ], [ 29.33805274963396, -2.761090517043954 ], [ 29.338157653808537, -2.761312961578369 ], [ 29.338380813598746, -2.761465311050245 ], [ 29.338474273681811, -2.76159405708313 ], [ 29.338556289673136, -2.761840105056592 ], [ 29.338485717773722, -2.762097597122192 ], [ 29.338287353515909, -2.762331962585449 ], [ 29.337982177734546, -2.762624740600415 ], [ 29.337841033935831, -2.763128519058228 ], [ 29.337888717651651, -2.763550043105852 ], [ 29.338005065918139, -2.763948202133065 ], [ 29.338392257690487, -2.764229297637939 ], [ 29.338661193847713, -2.764065265655404 ], [ 29.338954925537394, -2.763971567153817 ], [ 29.339433670044002, -2.764088869094792 ], [ 29.339925765991438, -2.763959884643384 ], [ 29.340476989746264, -2.763913154602051 ], [ 29.340581893920842, -2.764158964156991 ], [ 29.340875625610295, -2.764358282089177 ], [ 29.341096878051928, -2.764756441116276 ], [ 29.341342926025561, -2.764955520629769 ], [ 29.341812133789233, -2.76488518714882 ], [ 29.342502593994141, -2.764756441116276 ], [ 29.343288421630916, -2.764779806137085 ], [ 29.343906402587947, -2.764681339263802 ], [ 29.344003677368221, -2.764665842056274 ], [ 29.34442329406744, -2.764709472656023 ], [ 29.344388961792106, -2.764861822128182 ], [ 29.344348907470646, -2.764893293380624 ], [ 29.343990325927905, -2.765177965164014 ], [ 29.344049453735408, -2.765494346618652 ], [ 29.344202041626033, -2.765833854675179 ], [ 29.344448089599666, -2.766185283660718 ], [ 29.344833374023381, -2.766349315643311 ], [ 29.345209121704386, -2.766923189163208 ], [ 29.345630645752237, -2.767227649688493 ], [ 29.346029281616438, -2.767438411712533 ], [ 29.346485137939624, -2.767497062683105 ], [ 29.346778869629077, -2.767766475677433 ], [ 29.346824645996151, -2.768129587173462 ], [ 29.346872329711971, -2.768586397171021 ], [ 29.347024917602539, -2.768785476684457 ], [ 29.34733963012701, -2.768773794174137 ], [ 29.347902297973917, -2.768773794174137 ], [ 29.348323822021769, -2.768363714218083 ], [ 29.348957061767749, -2.768129587173462 ], [ 29.349975585937443, -2.767942190170061 ], [ 29.350141525268725, -2.767951011657601 ], [ 29.350419998169116, -2.767965555190926 ], [ 29.350677490234432, -2.768187999725171 ], [ 29.350690841674748, -2.768457412719727 ], [ 29.350725173950252, -2.768890857696476 ], [ 29.350807189941406, -2.769347667694092 ], [ 29.350784301757983, -2.769757509231454 ], [ 29.350778579712028, -2.769898653030225 ], [ 29.350759506225586, -2.770436763763371 ], [ 29.350666046142749, -2.770846843719482 ], [ 29.350292205810717, -2.771221637725716 ], [ 29.350173950195256, -2.771479368209839 ], [ 29.349987030029524, -2.771947860717773 ], [ 29.349834442138956, -2.772896528243905 ], [ 29.349811553955135, -2.773271322250366 ], [ 29.350069046020678, -2.773571968078556 ], [ 29.350091934204102, -2.773599147796631 ], [ 29.350082397461165, -2.773647546768075 ], [ 29.350034713745345, -2.773868560790902 ], [ 29.349718093872127, -2.773962259292375 ], [ 29.349542617797908, -2.774325370788461 ], [ 29.349155426025561, -2.77466511726368 ], [ 29.348838806152287, -2.775203704833871 ], [ 29.348699569702376, -2.775707483291626 ], [ 29.348346710205192, -2.776011943816968 ], [ 29.348230361938704, -2.776234388351327 ], [ 29.348089218139648, -2.776679515838453 ], [ 29.34820747375494, -2.776866912841797 ], [ 29.348453521728572, -2.777124643325692 ], [ 29.348663330078296, -2.777382373809814 ], [ 29.348957061767749, -2.777616500854492 ], [ 29.349355697631779, -2.777862548827954 ], [ 29.349588394165323, -2.777944564819109 ], [ 29.349777221679801, -2.778073310851994 ], [ 29.34991645812994, -2.77833104133606 ], [ 29.350561141967773, -2.77874040603615 ], [ 29.35088920593256, -2.778928279876652 ], [ 29.350948333740462, -2.77920937538147 ], [ 29.35088920593256, -2.779654502868425 ], [ 29.351005554199276, -2.780029296874829 ], [ 29.351240158081339, -2.780263423919621 ], [ 29.351768493652401, -2.780521154403687 ], [ 29.352317810058594, -2.780743598937931 ], [ 29.35251808166521, -2.780966281890869 ], [ 29.352399826049918, -2.781411409378052 ], [ 29.352504730224894, -2.781715869903451 ], [ 29.352750778198526, -2.782090663909855 ], [ 29.352798461914347, -2.7825474739073 ], [ 29.353103637695369, -2.782933950424081 ], [ 29.35344314575201, -2.783168077468758 ], [ 29.353734970092887, -2.783379077911206 ], [ 29.353864669799862, -2.783636569976807 ], [ 29.353876113891772, -2.784070014953613 ], [ 29.353969573974666, -2.784515142440682 ], [ 29.354099273681811, -2.784737586975098 ], [ 29.354167938232479, -2.785089015960693 ], [ 29.354156494140739, -2.785674571990739 ], [ 29.354297637939624, -2.786143064498788 ], [ 29.354438781738338, -2.786693572998047 ], [ 29.35456657409668, -2.787349462508928 ], [ 29.354602813720987, -2.787841320037785 ], [ 29.35458946228033, -2.788227796554395 ], [ 29.354766845703296, -2.788426876068115 ], [ 29.355010986328182, -2.788684606551897 ], [ 29.35537528991722, -2.788719892501717 ], [ 29.355573654175032, -2.78869009017933 ], [ 29.355667114258097, -2.789094686508179 ], [ 29.355516433716105, -2.789516210555973 ], [ 29.355714797973917, -2.789937973022347 ], [ 29.356147766113281, -2.790219068527222 ], [ 29.35655784606962, -2.790511846542245 ], [ 29.356714248657397, -2.790731430053711 ], [ 29.356815338134766, -2.79106235504139 ], [ 29.35694503784174, -2.791355133056641 ], [ 29.357030868530444, -2.791564941406079 ], [ 29.357120513916129, -2.791788339614811 ], [ 29.357051849365462, -2.791955709457397 ], [ 29.356956481933821, -2.792186737060433 ], [ 29.356826782226676, -2.792573213577271 ], [ 29.356874465942496, -2.792889356613159 ], [ 29.356651306152287, -2.793205499648934 ], [ 29.356311798095987, -2.793732643127328 ], [ 29.356159210205192, -2.794201135635319 ], [ 29.355867385864315, -2.794517278671151 ], [ 29.355516433716105, -2.794775009155273 ], [ 29.355270385742472, -2.795138120651188 ], [ 29.355129241943416, -2.795348882675171 ], [ 29.354976654053019, -2.795747280120736 ], [ 29.354976654053019, -2.796150207519474 ], [ 29.354976654053019, -2.796215772628727 ], [ 29.354835510253963, -2.796742677688485 ], [ 29.354791641235295, -2.796834468841553 ], [ 29.354581832885799, -2.797274589538517 ], [ 29.35456657409668, -2.79730486869795 ], [ 29.354436874389705, -2.797419309616089 ], [ 29.354167938232479, -2.797656297683602 ], [ 29.353816986084041, -2.797937393188306 ], [ 29.353570938110579, -2.797867059707528 ], [ 29.353254318237362, -2.797597646713086 ], [ 29.352844238281193, -2.797574281692505 ], [ 29.352529525756893, -2.797726631164323 ], [ 29.352329254150675, -2.797785043716431 ], [ 29.352153778076286, -2.797808647155762 ], [ 29.351907730102823, -2.797972440719434 ], [ 29.351907730102823, -2.798195123672372 ], [ 29.351779937744254, -2.798335552215519 ], [ 29.351650238037109, -2.798546314239445 ], [ 29.351638793945597, -2.798968076705819 ], [ 29.351802825927905, -2.799178838729631 ], [ 29.351837158203409, -2.799260854721069 ], [ 29.35188484191923, -2.799823045730534 ], [ 29.351943969726562, -2.800303220748788 ], [ 29.352119445800952, -2.800455570220834 ], [ 29.352447509765739, -2.800619602203199 ], [ 29.352668762207202, -2.800994396209546 ], [ 29.352914810180835, -2.801743984222185 ], [ 29.352951049804915, -2.801937818527165 ], [ 29.352985382080078, -2.802118778228589 ], [ 29.352939605712834, -2.802352905273381 ], [ 29.352600097656534, -2.802833080291691 ], [ 29.352521896362532, -2.802895069122087 ], [ 29.352142333984375, -2.803196191787492 ], [ 29.351955413818644, -2.803688049316349 ], [ 29.351930618286076, -2.804156541824341 ], [ 29.352025985717717, -2.804496288299561 ], [ 29.352340698242244, -2.804730415344238 ], [ 29.352657318115462, -2.804941415786743 ], [ 29.352914810180835, -2.805198907851945 ], [ 29.353149414062557, -2.805234193801766 ], [ 29.353302001953182, -2.805128812789746 ], [ 29.35364151001005, -2.804894447326546 ], [ 29.353876113891772, -2.804894447326546 ], [ 29.354017257690487, -2.805011510848885 ], [ 29.354167938232479, -2.805257558822518 ], [ 29.354343414306697, -2.805468320846444 ], [ 29.354473114013842, -2.805702686309758 ], [ 29.354696273803654, -2.805983781814575 ], [ 29.354835510253963, -2.806229591369515 ], [ 29.354999542236612, -2.806510686874333 ], [ 29.355043411254883, -2.80655741691578 ], [ 29.355188369751147, -2.806710004806462 ], [ 29.355445861816463, -2.80679178237898 ], [ 29.355842590332315, -2.806803703307935 ], [ 29.356088638305948, -2.806815385818368 ], [ 29.356485366821573, -2.80693793296814 ], [ 29.356580734253214, -2.806967496871778 ], [ 29.356710433960188, -2.807190179824772 ], [ 29.356756210327433, -2.807471275329419 ], [ 29.356721878051928, -2.807939767837411 ], [ 29.356815338134766, -2.808548688888322 ], [ 29.35694503784174, -2.808900117874032 ], [ 29.357097625732706, -2.80916953086853 ], [ 29.357002258301065, -2.809473991393872 ], [ 29.357049942016886, -2.809930801391545 ], [ 29.357109069824276, -2.810003519058171 ], [ 29.357318878173771, -2.810258626937809 ], [ 29.35748291015625, -2.810399293899309 ], [ 29.357822418212947, -2.810469627380257 ], [ 29.357915878296183, -2.810328960418701 ], [ 29.358057022094897, -2.810328960418701 ], [ 29.358362197876261, -2.810410976409912 ], [ 29.358854293823526, -2.810680389404183 ], [ 29.35893630981451, -2.810809135436841 ], [ 29.359025955200366, -2.810997486114388 ], [ 29.359041213989258, -2.811031818389722 ], [ 29.3590087890625, -2.811103582382088 ], [ 29.358911514282454, -2.811312913894653 ], [ 29.358690261840877, -2.811605691909733 ], [ 29.358560562134073, -2.811793088912964 ], [ 29.358642578125057, -2.811992168426343 ], [ 29.35887718200695, -2.812179565429688 ], [ 29.359169006347827, -2.812343597412109 ], [ 29.359357833862362, -2.812437295913696 ], [ 29.359451293945369, -2.812636375427246 ], [ 29.35946273803728, -2.81281208991993 ], [ 29.359460830688533, -2.812844753265381 ], [ 29.359451293945369, -2.813057899475041 ], [ 29.35946273803728, -2.813362598419076 ], [ 29.359672546387003, -2.813573360442888 ], [ 29.359743118286246, -2.813854455947876 ], [ 29.359802246093807, -2.814205884933472 ], [ 29.36000061035179, -2.814264297485238 ], [ 29.360317230224894, -2.814428329467773 ], [ 29.360574722290039, -2.814650774002075 ], [ 29.36063385009794, -2.815060853958016 ], [ 29.360820770263672, -2.815798759460222 ], [ 29.36085700988798, -2.816665410995483 ], [ 29.360868453979492, -2.817016839980909 ], [ 29.360786437988338, -2.817426681518327 ], [ 29.360950469970646, -2.817602396011239 ], [ 29.361383438110579, -2.817824840545541 ], [ 29.361640930175952, -2.818035602569466 ], [ 29.361827850341854, -2.818340301513672 ], [ 29.362003326416243, -2.818679809570142 ], [ 29.362039566039982, -2.818902492523137 ], [ 29.362144470215128, -2.81905460357649 ], [ 29.362283706665039, -2.819205999374162 ], [ 29.362413406372184, -2.819347381591626 ], [ 29.362461090088004, -2.819558382034302 ], [ 29.362495422363338, -2.819909572601318 ], [ 29.362396240234546, -2.820048332214355 ], [ 29.362344741821516, -2.820120573043823 ], [ 29.362226486206112, -2.820530414581185 ], [ 29.362192153930948, -2.820834875106698 ], [ 29.362028121948299, -2.821209669113159 ], [ 29.36179351806652, -2.821467399597168 ], [ 29.361606597900447, -2.821807146072388 ], [ 29.361406326294002, -2.822088241577035 ], [ 29.361148834228686, -2.822404384612867 ], [ 29.361103057861612, -2.822615146636849 ], [ 29.36113548278837, -2.822780609130689 ], [ 29.361148834228686, -2.822849512100106 ], [ 29.361066818237362, -2.823177337646371 ], [ 29.361066818237362, -2.823493719100725 ], [ 29.361185073852596, -2.823669433593636 ], [ 29.361349105835245, -2.823833227157593 ], [ 29.361454010009822, -2.824055910110474 ], [ 29.361640930175952, -2.824301719665414 ], [ 29.361665725707951, -2.824368000030518 ], [ 29.361734390258846, -2.824559450149536 ], [ 29.362003326416243, -2.824793815612566 ], [ 29.362192153930948, -2.824910879135132 ], [ 29.362483978271655, -2.825098276138192 ], [ 29.36259841918951, -2.825324773788338 ], [ 29.362766265869368, -2.82533240318287 ], [ 29.363023757934741, -2.825531482696363 ], [ 29.363445281982592, -2.826140642166138 ], [ 29.363807678222713, -2.826562166213989 ], [ 29.364265441894645, -2.827112674713078 ], [ 29.364463806152457, -2.827592849731388 ], [ 29.364778518676758, -2.827927827834969 ], [ 29.364837646484489, -2.82799124717701 ], [ 29.364955902099553, -2.828670501708928 ], [ 29.364721298218001, -2.82910394668562 ], [ 29.364627838134766, -2.829455137252751 ], [ 29.364240646362248, -2.829689502715951 ], [ 29.363761901855469, -2.829806566238176 ], [ 29.363632202148665, -2.829859495162736 ], [ 29.363245010375977, -2.830017328262215 ], [ 29.363117218017635, -2.830169677734375 ], [ 29.362834930420036, -2.830462455749455 ], [ 29.362554550171069, -2.830720186233521 ], [ 29.362133026123217, -2.831118345260506 ], [ 29.362039566039982, -2.831329107284432 ], [ 29.362003326416243, -2.831668853759652 ], [ 29.362192153930948, -2.832043647766113 ], [ 29.36255073547369, -2.832326889038086 ], [ 29.362577438354492, -2.832348108291569 ], [ 29.362859725952433, -2.832242727279549 ], [ 29.363281250000284, -2.832242727279549 ], [ 29.363609313964901, -2.832441806793042 ], [ 29.363971710205362, -2.832570791244336 ], [ 29.364662170410099, -2.832746267318726 ], [ 29.365015029907454, -2.832921981811523 ], [ 29.365493774414062, -2.832945585250854 ], [ 29.365940093994311, -2.832816600799333 ], [ 29.366254806518782, -2.83266448974598 ], [ 29.366325378418253, -2.832383394241333 ], [ 29.366537094116381, -2.832137346267643 ], [ 29.367216110229549, -2.83194994926447 ], [ 29.367696762085131, -2.831996679305917 ], [ 29.36782455444353, -2.83232474327076 ], [ 29.367813110351619, -2.83266448974598 ], [ 29.368282318115291, -2.83334374427784 ], [ 29.368562698364428, -2.833698272705078 ], [ 29.368856430053881, -2.834069967269897 ], [ 29.369113922119425, -2.834702253341561 ], [ 29.369171142578182, -2.835112333297616 ], [ 29.369195938110408, -2.835369825363045 ], [ 29.36899566650419, -2.835545539855957 ], [ 29.368967056274414, -2.835574626922494 ], [ 29.368785858154467, -2.835756540298291 ], [ 29.368797302246151, -2.836002349853402 ], [ 29.368844985961971, -2.836529493331909 ], [ 29.36897277832054, -2.836951017379761 ], [ 29.369113922119425, -2.83709168434126 ], [ 29.369289398193644, -2.837419509887525 ], [ 29.369770050048828, -2.83800530433632 ], [ 29.370073318481616, -2.838333129882585 ], [ 29.370225906372184, -2.838555574417114 ], [ 29.37019157409685, -2.838860273361206 ], [ 29.370319366455249, -2.839246749877816 ], [ 29.370483398437557, -2.839480876922494 ], [ 29.370811462402514, -2.839773654937744 ], [ 29.370906829834155, -2.839935302734375 ], [ 29.370906829834155, -2.839972734451237 ], [ 29.371068954468058, -2.83992600440962 ], [ 29.371150970459041, -2.839726924896127 ], [ 29.371433258056584, -2.839480876922494 ], [ 29.371702194214038, -2.83903598785389 ], [ 29.37188911437994, -2.838731288909912 ], [ 29.372018814086914, -2.838579177856332 ], [ 29.372135162353572, -2.838415145874023 ], [ 29.372381210327433, -2.838262796401864 ], [ 29.372756958007869, -2.838122367858773 ], [ 29.373447418213118, -2.838052034377938 ], [ 29.374137878418026, -2.838052034377938 ], [ 29.374711990356502, -2.838087081909009 ], [ 29.37543869018549, -2.838239431381112 ], [ 29.3759765625, -2.838204383850098 ], [ 29.376409530639933, -2.838028669357186 ], [ 29.37679672241228, -2.837981700897217 ], [ 29.377172470093058, -2.83801698684681 ], [ 29.377288818359546, -2.837852954864502 ], [ 29.377416610717944, -2.837688922881966 ], [ 29.377464294433764, -2.837431192398071 ], [ 29.377452850342024, -2.836997985839616 ], [ 29.377311706542969, -2.836587905883675 ], [ 29.377241134643725, -2.836084365844556 ], [ 29.377195358276481, -2.835346460342294 ], [ 29.377218246460131, -2.834854602813721 ], [ 29.376960754394588, -2.834573507308789 ], [ 29.376714706420955, -2.834163665771257 ], [ 29.376890182495117, -2.834046363830566 ], [ 29.377077102661417, -2.833905935287305 ], [ 29.377019882202092, -2.833706855773812 ], [ 29.37674903869646, -2.833507776260376 ], [ 29.376819610595874, -2.833191394805681 ], [ 29.377195358276481, -2.833074331283399 ], [ 29.377721786499308, -2.832816600799333 ], [ 29.378261566162394, -2.832430124282723 ], [ 29.378437042236612, -2.832277774810734 ], [ 29.378412246704386, -2.832043647766113 ], [ 29.378202438354663, -2.831832885742188 ], [ 29.377698898315657, -2.831563472747632 ], [ 29.377721786499308, -2.831411123275757 ], [ 29.37800407409685, -2.831329107284432 ], [ 29.378425598144702, -2.831434488296338 ], [ 29.378694534301758, -2.831563472747632 ], [ 29.378974914550724, -2.83171558380127 ], [ 29.379549026489542, -2.831668853759652 ], [ 29.380134582519702, -2.831493139266968 ], [ 29.380638122558878, -2.831223726272412 ], [ 29.380849838257006, -2.8306849002837 ], [ 29.381025314330998, -2.830064296722242 ], [ 29.381036758423079, -2.829267740249577 ], [ 29.381189346313533, -2.828974962234383 ], [ 29.381446838378849, -2.828740835189819 ], [ 29.381540298462085, -2.827932596206608 ], [ 29.381704330444563, -2.827147960662842 ], [ 29.381820678711051, -2.826515436172485 ], [ 29.38205528259283, -2.8263866901396 ], [ 29.382501602172852, -2.826175689697266 ], [ 29.382980346679631, -2.825882911682015 ], [ 29.383110046387003, -2.825437784194889 ], [ 29.383062362671183, -2.824653148651066 ], [ 29.383296966552905, -2.824032306670972 ], [ 29.383684158325252, -2.823540449142342 ], [ 29.384151458740291, -2.822931528091431 ], [ 29.384479522705135, -2.822228670120239 ], [ 29.384784698486271, -2.821877241134644 ], [ 29.385158538818473, -2.821537733077889 ], [ 29.385826110839957, -2.821385383605843 ], [ 29.386493682861442, -2.821385383605843 ], [ 29.386962890625114, -2.82128000259388 ], [ 29.387126922607422, -2.820870161056405 ], [ 29.387432098388956, -2.820483684539568 ], [ 29.387935638427791, -2.820577383041325 ], [ 29.388298034668082, -2.820577383041325 ], [ 29.38867378234869, -2.82035470008833 ], [ 29.388965606689567, -2.819944858550912 ], [ 29.388883590698413, -2.819417715072575 ], [ 29.388919830322322, -2.819031238555908 ], [ 29.389293670654354, -2.818703413009644 ], [ 29.389833450317667, -2.818457365036011 ], [ 29.390501022339151, -2.818504095077344 ], [ 29.390747070312784, -2.818398714065438 ], [ 29.391098022461165, -2.818398714065438 ], [ 29.391647338867244, -2.818551063537598 ], [ 29.39183616638212, -2.818609714507943 ], [ 29.392045974731445, -2.818562746047917 ], [ 29.392362594604549, -2.818703413009644 ], [ 29.392572402954272, -2.818633079528752 ], [ 29.393123626709269, -2.818375349044686 ], [ 29.393568038940714, -2.817988872528076 ], [ 29.393814086914347, -2.817532062530518 ], [ 29.394235610962198, -2.817157268524056 ], [ 29.394670486450366, -2.817075252532902 ], [ 29.394973754882926, -2.816993236541748 ], [ 29.395372390747355, -2.817098617553711 ], [ 29.39591217041044, -2.817473411560059 ], [ 29.396169662475643, -2.818070888519173 ], [ 29.396251678466967, -2.818832159042245 ], [ 29.396226882934741, -2.819394350051709 ], [ 29.396415710449276, -2.82010889053322 ], [ 29.396942138672046, -2.82056546211237 ], [ 29.398031234741381, -2.820799827575684 ], [ 29.398441314697493, -2.821186304092237 ], [ 29.398511886596964, -2.821666479110718 ], [ 29.398660659789982, -2.821872472762834 ], [ 29.399181365966854, -2.821918725967407 ], [ 29.39962196350092, -2.82195162773121 ], [ 29.400016784667969, -2.82183313369751 ], [ 29.400505065918082, -2.821826457977181 ], [ 29.400716781616211, -2.82164192199707 ], [ 29.40070915222185, -2.821068763732853 ], [ 29.400886535644645, -2.820541858673096 ], [ 29.401052474975529, -2.820350646972656 ], [ 29.401321411132983, -2.819975137710571 ], [ 29.401922225952376, -2.819586515426522 ], [ 29.40238189697294, -2.819355964660645 ], [ 29.402425765991381, -2.819296598434335 ], [ 29.402561187744311, -2.819108724594116 ], [ 29.402658462524528, -2.818973779678345 ], [ 29.402942657470874, -2.818631172180062 ], [ 29.403205871582202, -2.818374156951904 ], [ 29.403549194336222, -2.818295240402108 ], [ 29.403877258301009, -2.818071126937696 ], [ 29.404201507568644, -2.817998647689819 ], [ 29.404615402221964, -2.817787885665837 ], [ 29.404827117920092, -2.817689180374089 ], [ 29.405130386352653, -2.817445278167554 ], [ 29.405664443970011, -2.817234516143628 ], [ 29.405834197998047, -2.817069768905469 ], [ 29.406064987182617, -2.816588878631478 ], [ 29.406526565551928, -2.816220045089722 ], [ 29.406967163086222, -2.815593957900774 ], [ 29.407245635986612, -2.815290927886963 ], [ 29.407514572143668, -2.815290927886963 ], [ 29.407949447632006, -2.815337181091195 ], [ 29.408266067504883, -2.815613746643066 ], [ 29.408628463745401, -2.815706014633179 ], [ 29.408786773681925, -2.815633535385018 ], [ 29.409109115600586, -2.815468788146745 ], [ 29.409294128417912, -2.815501928329354 ], [ 29.409603118896655, -2.81554126739502 ], [ 29.409933090210188, -2.815442562103101 ], [ 29.410282135009822, -2.815172433853036 ], [ 29.410577774047908, -2.814796924590951 ], [ 29.410749435425089, -2.814513683319092 ], [ 29.411039352417049, -2.814203977584839 ], [ 29.411369323730753, -2.814177513122331 ], [ 29.411632537842081, -2.814441204070874 ], [ 29.411922454833984, -2.81461238861084 ], [ 29.412324905395565, -2.814559698104631 ], [ 29.412555694580305, -2.814520120620614 ], [ 29.41283226013212, -2.814434528350603 ], [ 29.413082122802734, -2.814316034316846 ], [ 29.413312911987305, -2.814059019088518 ], [ 29.413436889648722, -2.813815355300733 ], [ 29.413667678833065, -2.813611030578613 ], [ 29.41412353515625, -2.813400268554574 ], [ 29.414617538452319, -2.813393592834359 ], [ 29.415058135986612, -2.813308000564348 ], [ 29.415428161621264, -2.813222408294678 ], [ 29.415809631347827, -2.812925815582048 ], [ 29.416212081909237, -2.812642574310189 ], [ 29.41642189025896, -2.812444925308228 ], [ 29.416540145874194, -2.812141895294076 ], [ 29.416521072387752, -2.81183218955988 ], [ 29.416599273681925, -2.811594963073674 ], [ 29.416975021362362, -2.811219453811589 ], [ 29.417396545410213, -2.811048269271623 ], [ 29.417898178100586, -2.810988903045654 ], [ 29.418411254883097, -2.810685873031503 ], [ 29.418832778930948, -2.810303688049316 ], [ 29.419157028198356, -2.809947967529297 ], [ 29.419248580932674, -2.809348583221322 ], [ 29.419307708740178, -2.808986186981201 ], [ 29.419603347778605, -2.808689594268685 ], [ 29.419927597045842, -2.808663368224927 ], [ 29.420223236084269, -2.808801651000977 ], [ 29.420375823974837, -2.808814764022713 ], [ 29.420566558838118, -2.808729171752816 ], [ 29.420928955078068, -2.808459043502694 ], [ 29.421422958374308, -2.808182239532414 ], [ 29.421890258789006, -2.808037519454786 ], [ 29.422370910644759, -2.807701349258309 ], [ 29.422813415527628, -2.807451009750253 ], [ 29.423307418823526, -2.807279825210571 ], [ 29.423688888550089, -2.806950330734139 ], [ 29.423997879028605, -2.806607723235857 ], [ 29.424327850341797, -2.806436538696175 ], [ 29.424663543701342, -2.806429862976017 ], [ 29.424947738647461, -2.80665397644043 ], [ 29.425119400024698, -2.806805372238102 ], [ 29.425388336181925, -2.806858062743913 ], [ 29.425592422485522, -2.806772470474016 ], [ 29.425741195678768, -2.806745529174577 ], [ 29.425775527954272, -2.806720256805249 ], [ 29.425901412963867, -2.806552410125676 ], [ 29.426118850708121, -2.806350946426278 ], [ 29.42619514465332, -2.806350946426278 ], [ 29.426321029663143, -2.806409597396851 ], [ 29.426446914672908, -2.806300401687622 ], [ 29.426597595215128, -2.806149244308472 ], [ 29.426691055297965, -2.806199789047128 ], [ 29.426849365234318, -2.806149244308472 ], [ 29.427017211914176, -2.806140899658203 ], [ 29.427127838134709, -2.80608224868763 ], [ 29.427169799804972, -2.806199789047128 ], [ 29.42737007141119, -2.806199789047128 ], [ 29.427480697632063, -2.806115627288818 ], [ 29.42764854431158, -2.805989742279053 ], [ 29.427774429321346, -2.805889129638672 ], [ 29.428058624267862, -2.805872201919442 ], [ 29.428277969360352, -2.805838584899902 ], [ 29.428546905517635, -2.805695772170793 ], [ 29.428747177124194, -2.805653810501099 ], [ 29.428882598877124, -2.805519580841064 ], [ 29.428998947143782, -2.805343151092416 ], [ 29.429044723511026, -2.805224180221387 ], [ 29.429403305053768, -2.805119752883741 ], [ 29.429777145385799, -2.805000305175781 ], [ 29.430000305176009, -2.804910659789925 ], [ 29.430179595947209, -2.804776430130005 ], [ 29.430484771728743, -2.804667472839242 ], [ 29.430597305297908, -2.80462718009943 ], [ 29.43091201782255, -2.804462909698429 ], [ 29.431150436401651, -2.804283857345354 ], [ 29.431255340576229, -2.804074764251709 ], [ 29.431329727172852, -2.803611993789673 ], [ 29.431404113769645, -2.802820920944214 ], [ 29.431537628173999, -2.80258202552784 ], [ 29.431688308715991, -2.802149057388306 ], [ 29.431957244873047, -2.801328182220288 ], [ 29.432374954223917, -2.801014661788713 ], [ 29.432643890380973, -2.800701141357422 ], [ 29.432926177978572, -2.800387620925903 ], [ 29.433479309082315, -2.800342798232919 ], [ 29.433807373046932, -2.800148725509473 ], [ 29.433986663818473, -2.800238370895386 ], [ 29.434360504150504, -2.800387620925903 ], [ 29.434688568115291, -2.800328016281128 ], [ 29.435075759887809, -2.799954652786255 ], [ 29.435285568237362, -2.79944705963112 ], [ 29.435239791870117, -2.798999309539738 ], [ 29.435747146606502, -2.798805236816406 ], [ 29.436494827270508, -2.798521518707105 ], [ 29.43698692321783, -2.798163414001351 ], [ 29.43746566772478, -2.797626018523943 ], [ 29.437927246093921, -2.797566175460815 ], [ 29.438524246215763, -2.797670841216814 ], [ 29.438795089721793, -2.797670841216814 ], [ 29.439167022705249, -2.797670841216814 ], [ 29.439449310302962, -2.797864913940316 ], [ 29.439733505249308, -2.798118591308594 ], [ 29.440212249756087, -2.798506736755201 ], [ 29.440256118774585, -2.798894882201921 ], [ 29.440673828125057, -2.799133777618408 ], [ 29.441032409668026, -2.799283027648698 ], [ 29.441675186157283, -2.799357652663957 ], [ 29.442272186279354, -2.799193382263184 ], [ 29.442853927612475, -2.799208402633553 ], [ 29.443420410156364, -2.799223184585571 ], [ 29.444570541382006, -2.798984289169084 ], [ 29.445272445678995, -2.79870080947876 ], [ 29.44589996337902, -2.798671007156372 ], [ 29.446779251098633, -2.798282861709595 ], [ 29.447586059570597, -2.798163414001351 ], [ 29.448167800903548, -2.798282861709595 ], [ 29.448646545410156, -2.798521518707105 ], [ 29.449079513550089, -2.798954486846696 ], [ 29.449586868286076, -2.799432277679387 ], [ 29.450063705444279, -2.799820423126107 ], [ 29.450735092163143, -2.800536870956307 ], [ 29.451332092285213, -2.80050706863392 ], [ 29.451406478881779, -2.800432443618774 ], [ 29.45213890075712, -2.800148725509473 ], [ 29.453453063964901, -2.800118923187085 ], [ 29.454721450805778, -2.799999475479126 ], [ 29.455064773559855, -2.800051927566301 ], [ 29.455408096313533, -2.800103902816659 ], [ 29.456661224365519, -2.800402641296387 ], [ 29.457468032836914, -2.800701141357422 ], [ 29.45752143859886, -2.800719976425057 ], [ 29.458229064941634, -2.800969839095842 ], [ 29.458976745605526, -2.801029443740617 ], [ 29.459722518920955, -2.801029443740617 ], [ 29.460439682006893, -2.801044464111101 ], [ 29.460796356201229, -2.800925016403085 ], [ 29.461544036865291, -2.800880193710327 ], [ 29.462320327759073, -2.800880193710327 ], [ 29.46310997009283, -2.800865411758309 ], [ 29.463603973388842, -2.801535129547119 ], [ 29.46429443359375, -2.802673578262329 ], [ 29.465009689331055, -2.803366184234562 ], [ 29.465171813964957, -2.803532361984253 ], [ 29.465591430664233, -2.803708314895516 ], [ 29.466623306274414, -2.804061651229745 ], [ 29.467260360717944, -2.804361343383562 ], [ 29.468011856079329, -2.804995298385506 ], [ 29.468648910522518, -2.805313825607186 ], [ 29.469463348388786, -2.805490732192879 ], [ 29.469715118408203, -2.805550098419076 ], [ 29.47009468078619, -2.805702447891008 ], [ 29.470678329467944, -2.805911302566471 ], [ 29.471214294433651, -2.805911302566471 ], [ 29.471767425537053, -2.805941343307381 ], [ 29.472120285034237, -2.805853128433228 ], [ 29.472677230835188, -2.805836677551042 ], [ 29.472961425781534, -2.805866718292236 ], [ 29.473304748535384, -2.805792093276921 ], [ 29.473932266235408, -2.805941343307381 ], [ 29.474424362182901, -2.806165218353271 ], [ 29.47490310668951, -2.806866884231454 ], [ 29.474977493286303, -2.806959867477417 ], [ 29.475250244140909, -2.807299613952637 ], [ 29.47561264038103, -2.807171821594011 ], [ 29.47591972351097, -2.807117700576669 ], [ 29.476125717163143, -2.807144880294572 ], [ 29.476263046264648, -2.806932926177865 ], [ 29.476305007934741, -2.806868314742985 ], [ 29.476339340210245, -2.806814908981323 ], [ 29.476411819458065, -2.806558847427368 ], [ 29.476535797119084, -2.806234121322632 ], [ 29.476535797119084, -2.805987834930193 ], [ 29.47650146484375, -2.805763959884644 ], [ 29.476514816284237, -2.805542707443237 ], [ 29.47781944274908, -2.804967403411865 ], [ 29.477899551391658, -2.805717706680298 ], [ 29.477993011474666, -2.806081771850586 ], [ 29.478036880493335, -2.806197643279916 ], [ 29.478120803833235, -2.806417226791382 ], [ 29.4782142639163, -2.80666708946228 ], [ 29.47832107543951, -2.806909799575806 ], [ 29.478336334228572, -2.806941270828247 ], [ 29.478685379028548, -2.806796789169255 ], [ 29.479143142700309, -2.806518077850342 ], [ 29.479640960693359, -2.806159734725838 ], [ 29.479898452758903, -2.805881023406982 ], [ 29.47991943359375, -2.805463075637817 ], [ 29.479858398437614, -2.805224180221387 ], [ 29.479946136474723, -2.805131912231445 ], [ 29.480047225952319, -2.805033445358106 ], [ 29.480333328247241, -2.804969072341919 ], [ 29.480690002441406, -2.80474066734314 ], [ 29.480981826782454, -2.804433822631722 ], [ 29.481353759765909, -2.804119586944466 ], [ 29.481889724731445, -2.80357003211958 ], [ 29.482124328613565, -2.80350565910328 ], [ 29.482381820678768, -2.80307745933527 ], [ 29.482501983642578, -2.802877664565926 ], [ 29.482616424560661, -2.802756309509164 ], [ 29.482759475708121, -2.802592039108163 ], [ 29.482917785644474, -2.802434921264535 ], [ 29.483217239379883, -2.802292108535767 ], [ 29.483438491821346, -2.802156686782666 ], [ 29.483524322509822, -2.802078008651733 ], [ 29.48360824584978, -2.802066326141357 ], [ 29.483671188354663, -2.802176237106266 ], [ 29.484552383422852, -2.802600622177067 ], [ 29.48459625244169, -2.802621603011914 ], [ 29.485038757324389, -2.802581310272103 ], [ 29.485521316528377, -2.802541017532292 ], [ 29.486034393310831, -2.802186489105054 ], [ 29.486118316650391, -2.802050113677808 ], [ 29.486383438110465, -2.80228948593134 ], [ 29.486646652221964, -2.802561759948617 ], [ 29.486616134643612, -2.802824258804151 ], [ 29.486616134643612, -2.803125619888306 ], [ 29.486713409423885, -2.803368568420296 ], [ 29.486917495727823, -2.803631067275887 ], [ 29.487073898315373, -2.803874254226685 ], [ 29.487218856811808, -2.804010391235181 ], [ 29.487462997436694, -2.804039478301775 ], [ 29.487550735473576, -2.804234027862549 ], [ 29.487628936767749, -2.804545164108276 ], [ 29.487812042236499, -2.804700613021851 ], [ 29.487880706787166, -2.804875612258911 ], [ 29.488124847412394, -2.805031299591008 ], [ 29.488298416137809, -2.805264472961198 ], [ 29.488426208496378, -2.805410385131609 ], [ 29.488618850708065, -2.805634021758806 ], [ 29.488910675048942, -2.8057506084441 ], [ 29.489048004150447, -2.805925607681161 ], [ 29.489320755004883, -2.806120157241708 ], [ 29.489465713501147, -2.806246519088745 ], [ 29.489698410034464, -2.806334018707275 ], [ 29.48974800109886, -2.806431293487549 ], [ 29.489883422851619, -2.806547880172729 ], [ 29.489923477172908, -2.80669379234314 ], [ 29.490039825439737, -2.8068687915802 ], [ 29.490175247192667, -2.807364702224504 ], [ 29.49028205871582, -2.807529926299992 ], [ 29.490592956543139, -2.807773113250676 ], [ 29.490777969360465, -2.807909250259229 ], [ 29.491050720214901, -2.808016061782723 ], [ 29.491186141968001, -2.808103561401367 ], [ 29.49142074584978, -2.808142423629647 ], [ 29.491497039794979, -2.808200836181527 ], [ 29.491556167602482, -2.808492422103768 ], [ 29.491741180420206, -2.808599472045842 ], [ 29.491916656494197, -2.808677196502572 ], [ 29.492023468017749, -2.808881282806396 ], [ 29.492315292358455, -2.809075832366943 ], [ 29.492567062378214, -2.809231519698983 ], [ 29.492868423462028, -2.809299468994027 ], [ 29.493091583252237, -2.809435606002808 ], [ 29.493131637573526, -2.809630155563354 ], [ 29.493354797363565, -2.809814691543579 ], [ 29.493549346923999, -2.809882879257088 ], [ 29.493734359741325, -2.809882879257088 ], [ 29.493928909301815, -2.809999465942383 ], [ 29.494092941284464, -2.81002855300892 ], [ 29.494258880615348, -2.81002855300892 ], [ 29.49442481994646, -2.80998969078064 ], [ 29.494560241699162, -2.809941053390332 ], [ 29.494707107544173, -2.810048103332406 ], [ 29.494880676269815, -2.810106515884172 ], [ 29.495162963867358, -2.810125827789136 ], [ 29.495319366455135, -2.810135602950879 ], [ 29.495338439941577, -2.810223102569466 ], [ 29.495445251464901, -2.81027173995966 ], [ 29.495552062988452, -2.81027173995966 ], [ 29.495737075805778, -2.810378789901733 ], [ 29.495969772338924, -2.810436964035034 ], [ 29.496057510376033, -2.810339689254533 ], [ 29.496154785156307, -2.81027173995966 ], [ 29.496280670166243, -2.810359239578247 ], [ 29.496358871460245, -2.810544013977051 ], [ 29.496427536010913, -2.810631513595581 ], [ 29.496515274047795, -2.810573101043587 ], [ 29.496543884277401, -2.81040787696827 ], [ 29.49663162231451, -2.810339689254533 ], [ 29.496904373169116, -2.810359239578247 ], [ 29.49714660644554, -2.810417652130013 ], [ 29.497360229492472, -2.810582876205331 ], [ 29.497428894043139, -2.810699462890511 ], [ 29.49747657775896, -2.810786962509098 ], [ 29.497604370117131, -2.810748100280534 ], [ 29.497739791870231, -2.810611963272095 ], [ 29.497831344604549, -2.810627222060987 ], [ 29.497856140136719, -2.810728788375854 ], [ 29.497856140136719, -2.810835599899292 ], [ 29.49791526794462, -2.810932874679338 ], [ 29.498031616211108, -2.810903787612915 ], [ 29.498167037964038, -2.810835599899292 ], [ 29.498254776001147, -2.810894012450945 ], [ 29.498235702514876, -2.811136960983106 ], [ 29.49840164184576, -2.811282873153516 ], [ 29.498468399047852, -2.811448097229004 ], [ 29.498477935791186, -2.8115940093993 ], [ 29.498605728149357, -2.8115940093993 ], [ 29.498779296875171, -2.811613559722787 ], [ 29.498828887939567, -2.811788558959847 ], [ 29.498907089233569, -2.811992645263672 ], [ 29.498983383178768, -2.812148094177189 ], [ 29.499217987060661, -2.812109231948625 ], [ 29.499402999877987, -2.812216281890869 ], [ 29.49950027465826, -2.812410831451302 ], [ 29.499626159668196, -2.812439918517953 ], [ 29.499839782715128, -2.812362194061279 ], [ 29.500093460083292, -2.812449693679582 ], [ 29.500335693359375, -2.81250786781294 ], [ 29.500511169433764, -2.812595367431527 ], [ 29.500627517700423, -2.812799692153817 ], [ 29.50069618225109, -2.812906503677368 ], [ 29.500539779663143, -2.813101053237915 ], [ 29.500539779663143, -2.813276052474976 ], [ 29.500724792480469, -2.813266277313005 ], [ 29.500888824463175, -2.813266277313005 ], [ 29.501083374023608, -2.813499689102059 ], [ 29.501230239868448, -2.81371355056757 ], [ 29.50140571594244, -2.813820600509416 ], [ 29.501628875732649, -2.813908100128174 ], [ 29.501901626586914, -2.814121961593628 ], [ 29.502124786377124, -2.814413547515755 ], [ 29.502279281616495, -2.814481735229492 ], [ 29.502454757690487, -2.814520597457772 ], [ 29.502513885498217, -2.814656734466553 ], [ 29.50250434875494, -2.814889907836857 ], [ 29.50250434875494, -2.815064907073804 ], [ 29.502717971801985, -2.815201044082585 ], [ 29.502756118774698, -2.815337181091195 ], [ 29.502843856811808, -2.815589904785156 ], [ 29.503000259399357, -2.81574559211731 ], [ 29.503116607666072, -2.815891504287606 ], [ 29.503271102905387, -2.815862178802263 ], [ 29.503389358520678, -2.815881729125863 ], [ 29.503377914428768, -2.816076040267887 ], [ 29.503475189208984, -2.816144227981567 ], [ 29.503572463989201, -2.816076040267887 ], [ 29.50366020202631, -2.816260814666691 ], [ 29.503719329834212, -2.816367864608651 ], [ 29.503787994384879, -2.816406726836931 ], [ 29.503854751586971, -2.816290140151978 ], [ 29.503961563110522, -2.816280364990234 ], [ 29.503980636596737, -2.816338777542001 ], [ 29.503980636596737, -2.816513776779175 ], [ 29.504049301147404, -2.816610813140699 ], [ 29.504137039184513, -2.816484451293945 ], [ 29.504243850708235, -2.816416501998674 ], [ 29.504350662231616, -2.816504001617432 ], [ 29.504379272460994, -2.816708087921029 ], [ 29.504400253296183, -2.81684422492981 ], [ 29.504642486572322, -2.81705808639515 ], [ 29.504865646362305, -2.817310810089111 ], [ 29.505022048950252, -2.817437410354501 ], [ 29.50522613525402, -2.817602634429704 ], [ 29.505264282226733, -2.817806720733472 ], [ 29.505382537841797, -2.818040132522583 ], [ 29.505624771118448, -2.818147182464372 ], [ 29.505838394165153, -2.818399906158447 ], [ 29.505935668945369, -2.818545818328687 ], [ 29.506052017211857, -2.818565130233537 ], [ 29.506179809570426, -2.818672180175781 ], [ 29.506296157836914, -2.818778991698991 ], [ 29.506538391113565, -2.818934679031145 ], [ 29.506557464599666, -2.818970918655282 ], [ 29.50661659240717, -2.819080352783089 ], [ 29.506654739380053, -2.8192458152771 ], [ 29.506557464599666, -2.819294452667123 ], [ 29.506353378296069, -2.8193039894104 ], [ 29.506256103515625, -2.819469451904183 ], [ 29.50632476806669, -2.819595813751221 ], [ 29.506500244140682, -2.819595813751221 ], [ 29.50666427612299, -2.819731950759717 ], [ 29.506626129150675, -2.819955587387085 ], [ 29.506547927856502, -2.820111036300545 ], [ 29.50648117065424, -2.820218086242676 ], [ 29.506469726562557, -2.820295810699349 ], [ 29.506635665893782, -2.820480585098153 ], [ 29.506868362426758, -2.820538759231397 ], [ 29.506956100463867, -2.820674896240234 ], [ 29.507080078125057, -2.820794582366887 ], [ 29.507326126098917, -2.820918083190747 ], [ 29.507549285888729, -2.821219444274902 ], [ 29.507696151733569, -2.82137489318842 ], [ 29.507646560669002, -2.821511030196973 ], [ 29.507492065429972, -2.821724891662427 ], [ 29.507482528686467, -2.821759462356567 ], [ 29.507423400878963, -2.821958303451538 ], [ 29.507423400878963, -2.82207512855507 ], [ 29.50765609741228, -2.822230577468872 ], [ 29.507928848266886, -2.822386264800912 ], [ 29.50805473327631, -2.822512626647949 ], [ 29.508171081543026, -2.822512626647949 ], [ 29.508317947387809, -2.822434663772583 ], [ 29.508434295654297, -2.822444438934326 ], [ 29.508560180664119, -2.822531938552629 ], [ 29.508678436279524, -2.822483301162606 ], [ 29.50877571105957, -2.822502851486206 ], [ 29.50895881652832, -2.822463989257642 ], [ 29.509065628052042, -2.82266807556141 ], [ 29.509183883667106, -2.822784662246704 ], [ 29.509426116943416, -2.822784662246704 ], [ 29.509649276733455, -2.822716712951433 ], [ 29.509834289550952, -2.822658300399667 ], [ 29.510116577148665, -2.82268762588501 ], [ 29.510417938232479, -2.822881937026807 ], [ 29.510641098022688, -2.823066711425611 ], [ 29.51085472106962, -2.823183298110848 ], [ 29.510982513427791, -2.823134899139404 ], [ 29.511137008667163, -2.822988986968994 ], [ 29.511322021484489, -2.82284307479847 ], [ 29.511507034301815, -2.822697162628003 ], [ 29.511701583862475, -2.82266807556141 ], [ 29.511886596679972, -2.822794437408447 ], [ 29.512100219726506, -2.822988986968994 ], [ 29.51228523254423, -2.822901487350236 ], [ 29.512401580810717, -2.822852849960213 ], [ 29.512643814087141, -2.822813987731934 ], [ 29.512847900390739, -2.822979211807251 ], [ 29.513013839721623, -2.823144435882568 ], [ 29.513042449951229, -2.823251485824414 ], [ 29.512916564941406, -2.823436260223218 ], [ 29.512809753418253, -2.823621034622022 ], [ 29.512771606445369, -2.823805570602417 ], [ 29.512828826904297, -2.823883533477783 ], [ 29.513072967529524, -2.823922395706063 ], [ 29.513267517090014, -2.823941707611027 ], [ 29.513412475586222, -2.824087619781267 ], [ 29.51372337341337, -2.824388980865365 ], [ 29.513772964477596, -2.824573755264169 ], [ 29.513763427734659, -2.824797391891423 ], [ 29.51381111145048, -2.824962615966797 ], [ 29.513889312744425, -2.8250501155851 ], [ 29.514181137085131, -2.825225114822274 ], [ 29.514472961425838, -2.825458526611101 ], [ 29.514570236206225, -2.825613975524846 ], [ 29.514598846435774, -2.825769662856942 ], [ 29.514579772949162, -2.82610988616932 ], [ 29.514657974243335, -2.826518297195435 ], [ 29.514802932739371, -2.826732158660889 ], [ 29.51511383056669, -2.827043294906559 ], [ 29.5152015686038, -2.827198743820077 ], [ 29.515279769897575, -2.82740306854231 ], [ 29.515386581420955, -2.827616930007935 ], [ 29.515531539917163, -2.827782154083138 ], [ 29.515619277954272, -2.827859878539982 ], [ 29.515697479248047, -2.827684879302922 ], [ 29.515851974487418, -2.82750034332264 ], [ 29.516046524047908, -2.827509880065918 ], [ 29.516202926636026, -2.827626705169678 ], [ 29.51630973815918, -2.827869653701725 ], [ 29.516359329223803, -2.828014373779297 ], [ 29.516407012939624, -2.828151702880746 ], [ 29.516416549682901, -2.828433513641357 ], [ 29.516532897949389, -2.828598976135197 ], [ 29.516689300537337, -2.828462839126587 ], [ 29.517000198364315, -2.82847261428833 ], [ 29.517145156860522, -2.828560113906633 ], [ 29.517175674438477, -2.828725337982121 ], [ 29.517194747924918, -2.828929424285889 ], [ 29.517398834228516, -2.828890562057495 ], [ 29.517662048340014, -2.828958749770948 ], [ 29.517942428589151, -2.828997611999512 ], [ 29.518186569214038, -2.829114198684692 ], [ 29.518526077270565, -2.829191923141252 ], [ 29.518915176391658, -2.829357385635376 ], [ 29.519207000732706, -2.829405784606763 ], [ 29.519470214843807, -2.82941555976862 ], [ 29.519536972046069, -2.829289197921753 ], [ 29.519401550292969, -2.829036474227792 ], [ 29.519372940063761, -2.828851699828988 ], [ 29.519693374634016, -2.828812837600708 ], [ 29.520004272460994, -2.829026699066048 ], [ 29.520355224609375, -2.829337835311776 ], [ 29.520494461059855, -2.829406023025399 ], [ 29.520792007446289, -2.829551696777173 ], [ 29.521347045898494, -2.829823970794678 ], [ 29.521617889404354, -2.829998970031738 ], [ 29.521793365478516, -2.829804420471191 ], [ 29.522085189819563, -2.829804420471191 ], [ 29.52237701416044, -2.829979419708025 ], [ 29.522775650024698, -2.829998970031738 ], [ 29.52303886413597, -2.829901695251465 ], [ 29.523447036743335, -2.829814195632935 ], [ 29.523708343505859, -2.829804420471191 ], [ 29.52396202087408, -2.829843521118164 ], [ 29.524213790893839, -2.829979419708025 ], [ 29.524438858032283, -2.829940557479745 ], [ 29.524662017822266, -2.829862833022958 ], [ 29.524875640869197, -2.829785108566227 ], [ 29.525051116943416, -2.829726696014347 ], [ 29.525264739990291, -2.82952260971058 ], [ 29.525585174560717, -2.829191923141252 ], [ 29.52586746215826, -2.828919649124146 ], [ 29.526159286499137, -2.828754425048714 ], [ 29.526401519775447, -2.82868647575367 ], [ 29.526664733886719, -2.82860875129694 ], [ 29.52699470520048, -2.82860875129694 ], [ 29.527462005615178, -2.828773975372144 ], [ 29.527744293212947, -2.828871250152474 ], [ 29.527948379516886, -2.828919649124146 ], [ 29.528102874755916, -2.828744649887085 ], [ 29.528171539306925, -2.828598976135197 ], [ 29.528404235839901, -2.82847261428833 ], [ 29.528608322143839, -2.828550338744947 ], [ 29.528705596924055, -2.828715562820435 ], [ 29.528949737549112, -2.828705787658691 ], [ 29.529144287109375, -2.82858920097334 ], [ 29.529270172119197, -2.82848215103138 ], [ 29.529474258423136, -2.828521251678353 ], [ 29.529609680176065, -2.828715562820435 ], [ 29.52988243103033, -2.828715562820435 ], [ 29.530105590820369, -2.828715562820435 ], [ 29.530076980590763, -2.828414201736393 ], [ 29.530048370361555, -2.828200340270769 ], [ 29.530115127563647, -2.828025341033822 ], [ 29.530378341674975, -2.827801704406738 ], [ 29.53054428100603, -2.827597379684335 ], [ 29.530622482299805, -2.827467203140031 ], [ 29.530651092529581, -2.82742238044716 ], [ 29.53094291687006, -2.827305793762093 ], [ 29.53116607666027, -2.827373743057251 ], [ 29.531322479248047, -2.827607154845964 ], [ 29.531574249267805, -2.827762842178174 ], [ 29.531740188598917, -2.827714204788208 ], [ 29.531982421875171, -2.827587842941114 ], [ 29.532196044921875, -2.827432155609131 ], [ 29.53242111206049, -2.82729601860035 ], [ 29.5326442718507, -2.827315568923837 ], [ 29.532867431640909, -2.827587842941114 ], [ 29.532955169678019, -2.827753067016488 ], [ 29.533149719238281, -2.827714204788208 ], [ 29.533441543579158, -2.827723979949894 ], [ 29.533693313598746, -2.827762842178174 ], [ 29.533966064453182, -2.827694654464722 ], [ 29.53436470031744, -2.827568292617684 ], [ 29.534889221191463, -2.827519655227661 ], [ 29.535114288330249, -2.82750034332264 ], [ 29.535259246826286, -2.827597379684335 ], [ 29.535200119018555, -2.827898979187012 ], [ 29.53507423400896, -2.828278064727783 ], [ 29.535142898559798, -2.828550338744947 ], [ 29.535404205322322, -2.828666925430184 ], [ 29.535717010498047, -2.828618288040161 ], [ 29.535930633544979, -2.828560113906633 ], [ 29.536182403564737, -2.828404426574537 ], [ 29.536407470703182, -2.828365564346143 ], [ 29.53665924072294, -2.828443288803101 ], [ 29.53699874877924, -2.828579425811597 ], [ 29.537145614624251, -2.828560113906633 ], [ 29.537397384643839, -2.828666925430184 ], [ 29.537525177002237, -2.828637838363647 ], [ 29.537641525268725, -2.828521251678353 ], [ 29.537710189819393, -2.828433513641357 ], [ 29.537757873535213, -2.828210115432626 ], [ 29.537796020508097, -2.827908515930176 ], [ 29.537933349609432, -2.82754898071272 ], [ 29.538146972656477, -2.827471017837411 ], [ 29.538219451904354, -2.827519416809082 ], [ 29.538263320922965, -2.82754898071272 ], [ 29.538269042968921, -2.827578306198006 ], [ 29.538341522216967, -2.827937841415292 ], [ 29.538322448730526, -2.828365564346143 ], [ 29.538360595703182, -2.828569650649911 ], [ 29.538564682006779, -2.828715562820435 ], [ 29.538906097412053, -2.828851699828988 ], [ 29.539138793945597, -2.828871250152474 ], [ 29.539421081543139, -2.828880786895752 ], [ 29.539779663086108, -2.828861474990731 ], [ 29.540130615234489, -2.828871250152474 ], [ 29.540372848510799, -2.829075336456299 ], [ 29.540655136108512, -2.829104423522949 ], [ 29.540918350220011, -2.828978061675798 ], [ 29.541257858276538, -2.828890562057495 ], [ 29.541568756103459, -2.828900337219238 ], [ 29.541812896728516, -2.829075336456299 ], [ 29.541967391968058, -2.829269886016846 ], [ 29.541997909545842, -2.82956147193886 ], [ 29.542074203491268, -2.829843521118164 ], [ 29.542375564575252, -2.829989194869995 ], [ 29.542522430419865, -2.829833745956421 ], [ 29.542755126953409, -2.829648971557617 ], [ 29.543172836303881, -2.829571247100603 ], [ 29.543216705322322, -2.829368114471322 ], [ 29.543304443359602, -2.829236984252816 ], [ 29.543340682983342, -2.829069137573242 ], [ 29.543268203735522, -2.82890152931202 ], [ 29.543247222900675, -2.82881402969349 ], [ 29.543363571167163, -2.828631639480363 ], [ 29.543371200561694, -2.828369140625 ], [ 29.543531417846623, -2.828143119812012 ], [ 29.543699264526481, -2.827888011932203 ], [ 29.543756484985636, -2.827304601669141 ], [ 29.543676376343058, -2.827020168304216 ], [ 29.543924331665266, -2.826750516891479 ], [ 29.544076919555721, -2.826560735702401 ], [ 29.544071197509936, -2.826320171356087 ], [ 29.544239044189396, -2.826079607009774 ], [ 29.544216156006144, -2.825853586196786 ], [ 29.543983459472827, -2.825569152831918 ], [ 29.543787002563761, -2.825219154357796 ], [ 29.543704986572436, -2.824920177459717 ], [ 29.543701171875057, -2.8247580528257 ], [ 29.543699264526481, -2.82468676567072 ], [ 29.543800354004077, -2.824519157409668 ], [ 29.543807983398608, -2.824416875839063 ], [ 29.543743133544979, -2.8242347240448 ], [ 29.54360389709484, -2.82403039932251 ], [ 29.543443679809741, -2.823724269866943 ], [ 29.543363571167163, -2.823468923568612 ], [ 29.543319702148494, -2.823323249816895 ], [ 29.5433483123781, -2.823024272918531 ], [ 29.543268203735522, -2.822746992111149 ], [ 29.543239593506144, -2.822418928146362 ], [ 29.543079376220817, -2.822273015975838 ], [ 29.543012619018555, -2.822068929672241 ], [ 29.543035507202205, -2.821740865707284 ], [ 29.543043136596737, -2.82153654098488 ], [ 29.542932510376033, -2.821332454681396 ], [ 29.542779922485579, -2.821135520934888 ], [ 29.542808532714787, -2.820945978164559 ], [ 29.54269981384283, -2.82082200050354 ], [ 29.54256820678728, -2.820654392242204 ], [ 29.54253196716337, -2.820435523986703 ], [ 29.542552947998217, -2.820245981216203 ], [ 29.542655944824389, -2.820107460021802 ], [ 29.542627334595011, -2.82001256942749 ], [ 29.542472839355639, -2.819830417633057 ], [ 29.542364120483512, -2.819589614867937 ], [ 29.542320251464901, -2.819356441497632 ], [ 29.542320251464901, -2.819181203842049 ], [ 29.542400360107422, -2.819020986556893 ], [ 29.542356491089151, -2.818875074386369 ], [ 29.54234886169462, -2.818561553955021 ], [ 29.542247772217024, -2.818372011184636 ], [ 29.542160034179915, -2.818226099014112 ], [ 29.54216194152832, -2.818147182464372 ], [ 29.542163848877124, -2.818081378936768 ], [ 29.542310714721737, -2.818052530288469 ], [ 29.542352676391602, -2.818038940429574 ], [ 29.542442321777514, -2.818002223968506 ], [ 29.54253196716337, -2.817957162856828 ], [ 29.54261970520048, -2.817907094955387 ], [ 29.542695999145678, -2.817852258682194 ], [ 29.542776107788256, -2.817802190780412 ], [ 29.542863845825138, -2.817762136459351 ], [ 29.54293441772478, -2.817707300186044 ], [ 29.543003082275447, -2.817643880844003 ], [ 29.543079376220817, -2.817590475082284 ], [ 29.54316520690935, -2.817555427551213 ], [ 29.543251037597656, -2.817505598068067 ], [ 29.543338775634766, -2.817470550536996 ], [ 29.543426513672046, -2.817437171935865 ], [ 29.543493270874308, -2.817373752593824 ], [ 29.543575286865291, -2.817330598830949 ], [ 29.543663024902401, -2.817285537719727 ], [ 29.543737411499194, -2.817228794097787 ], [ 29.543819427490519, -2.817177295684701 ], [ 29.543899536133097, -2.8171288967132 ], [ 29.543992996215934, -2.817095518112069 ], [ 29.544082641601619, -2.817072153091203 ], [ 29.544176101684684, -2.817053794860726 ], [ 29.544258117676009, -2.817015409469377 ], [ 29.544355392456055, -2.816980600356942 ], [ 29.544452667236499, -2.816973924636784 ], [ 29.544546127319336, -2.816980600356942 ], [ 29.544641494750977, -2.816988945007324 ], [ 29.544744491577205, -2.81696891784668 ], [ 29.544836044311808, -2.816993951797429 ], [ 29.544929504394702, -2.816998958587476 ], [ 29.545026779175089, -2.817010641098022 ], [ 29.545120239257983, -2.817012310027962 ], [ 29.545206069946289, -2.816982269286996 ], [ 29.54530143737793, -2.816953897476196 ], [ 29.54539680480957, -2.816963911056405 ], [ 29.545469284057788, -2.817028760909864 ], [ 29.545562744140682, -2.817048788070622 ], [ 29.54565620422369, -2.817080497741699 ], [ 29.545738220214844, -2.817118883132821 ], [ 29.545827865600756, -2.817120552062988 ], [ 29.545923233032397, -2.817140579223405 ], [ 29.546010971069279, -2.817185640335083 ], [ 29.546096801757983, -2.817232131957894 ], [ 29.546161651611499, -2.817298889160156 ], [ 29.546249389648381, -2.817345619201603 ], [ 29.546325683593807, -2.8173987865448 ], [ 29.546415328979663, -2.817425489425545 ], [ 29.546506881713924, -2.817408800124895 ], [ 29.546585083008097, -2.81735897064209 ], [ 29.546670913696232, -2.8173987865448 ], [ 29.546762466430721, -2.8173987865448 ], [ 29.546861648559513, -2.817383766174203 ], [ 29.546947479248217, -2.817433834075928 ], [ 29.547021865845011, -2.817488908767587 ], [ 29.547107696533146, -2.817533969878923 ], [ 29.547203063964787, -2.817540407180672 ], [ 29.547304153442383, -2.817560434341317 ], [ 29.547367095947322, -2.817637205123901 ], [ 29.547389984130916, -2.81773042678833 ], [ 29.547433853149357, -2.817818880081063 ], [ 29.547496795654467, -2.817892074584847 ], [ 29.54754829406761, -2.817968845367432 ], [ 29.547634124756144, -2.818005561828443 ], [ 29.547725677490234, -2.817977190017587 ], [ 29.547817230224894, -2.817985534667798 ], [ 29.547901153564624, -2.817947149276733 ], [ 29.547992706298885, -2.817958831787109 ], [ 29.548078536987589, -2.817932128906136 ], [ 29.548168182373274, -2.817922115325757 ], [ 29.548267364502124, -2.817897081375122 ], [ 29.548349380493448, -2.817858934402238 ], [ 29.548429489136026, -2.817807197570801 ], [ 29.548517227172908, -2.817772150039673 ], [ 29.548606872558651, -2.817755460739022 ], [ 29.548879623413256, -2.817665100097429 ], [ 29.54890632629423, -2.817657232284546 ], [ 29.548997879028491, -2.817653894424268 ], [ 29.549089431762752, -2.817650556564331 ], [ 29.549180984497241, -2.817640542983781 ], [ 29.549276351928881, -2.81760215759266 ], [ 29.549398422241495, -2.817588806152344 ], [ 29.54948806762701, -2.81758713722229 ], [ 29.549541473388956, -2.81761884689314 ], [ 29.549613952636776, -2.817608833312988 ], [ 29.549711227417049, -2.817708969116097 ], [ 29.549779891968058, -2.817707300186044 ], [ 29.54987907409668, -2.817758798599129 ], [ 29.549972534179915, -2.817817211150896 ], [ 29.550016403198185, -2.81783223152155 ], [ 29.550064307278546, -2.817876511279678 ], [ 29.550119400024585, -2.81795859336836 ], [ 29.550148010253963, -2.817988872528076 ], [ 29.550405502319506, -2.818143367767163 ], [ 29.550539016723633, -2.818168401718026 ], [ 29.550592422485579, -2.81820011138899 ], [ 29.550672531127987, -2.818231582641545 ], [ 29.550832748413086, -2.81824326515175 ], [ 29.551139831543026, -2.818169832229614 ], [ 29.552289962768668, -2.817640542983781 ], [ 29.552780151367188, -2.817306280135995 ], [ 29.553035736084155, -2.817217350005876 ], [ 29.553270339966048, -2.817161560058366 ], [ 29.553447723388672, -2.81710577011097 ], [ 29.553581237793026, -2.81707239151001 ], [ 29.553871154785099, -2.81699442863453 ], [ 29.554161071777401, -2.816838502883911 ], [ 29.554405212402628, -2.816682577133065 ], [ 29.554550170898665, -2.816571235656625 ], [ 29.555028915405273, -2.816493272781315 ], [ 29.555431365966854, -2.81644868850708 ], [ 29.555875778198526, -2.816471099853516 ], [ 29.556200027465934, -2.816415309906006 ], [ 29.556344985962198, -2.816359519958496 ], [ 29.556430816650504, -2.816238403320312 ], [ 29.556638717651651, -2.816054582595712 ], [ 29.556814193725643, -2.815921068191471 ], [ 29.556932449341105, -2.815778970718384 ], [ 29.556999206543026, -2.815637111663648 ], [ 29.55706596374506, -2.815545082092285 ], [ 29.557256698608342, -2.815545082092285 ], [ 29.55742454528837, -2.815511703491097 ], [ 29.557649612426985, -2.815344572067261 ], [ 29.5578746795656, -2.815236091613656 ], [ 29.558067321777287, -2.815085649490186 ], [ 29.558158874511776, -2.814943552017155 ], [ 29.558292388916072, -2.81480169296259 ], [ 29.558509826660156, -2.814692974090462 ], [ 29.558610916137923, -2.814542770385629 ], [ 29.558685302734546, -2.814400672912598 ], [ 29.558803558349609, -2.81436729431141 ], [ 29.558986663818359, -2.814417362212964 ], [ 29.559087753296126, -2.814400672912598 ], [ 29.559211730956974, -2.81436729431141 ], [ 29.559370040893725, -2.814375638961621 ], [ 29.559537887573356, -2.81427526473999 ], [ 29.559629440307674, -2.814175128936654 ], [ 29.559762954711971, -2.814049720764046 ], [ 29.559923171997127, -2.814058065414429 ], [ 29.560098648071346, -2.814125061035043 ], [ 29.560232162475813, -2.814125061035043 ], [ 29.560440063476619, -2.814125061035043 ], [ 29.560649871826115, -2.814125061035043 ], [ 29.560850143432901, -2.813949584960938 ], [ 29.561092376708984, -2.813790798187028 ], [ 29.561174392700138, -2.813632011413461 ], [ 29.561443328857592, -2.813581943511963 ], [ 29.561752319335938, -2.81354022026062 ], [ 29.561943054199219, -2.813490152359009 ], [ 29.562110900879077, -2.813423395156747 ], [ 29.562211990356502, -2.813339710235596 ], [ 29.562286376953296, -2.813172578811646 ], [ 29.562402725219783, -2.813064098358041 ], [ 29.562578201294002, -2.812896966934147 ], [ 29.562721252441463, -2.812813520431462 ], [ 29.562921524048022, -2.812721490859929 ], [ 29.56312179565424, -2.812663078307992 ], [ 29.563297271728629, -2.812546253204346 ], [ 29.563447952270621, -2.812404155731087 ], [ 29.563623428345011, -2.812287092208749 ], [ 29.563814163208292, -2.812287092208749 ], [ 29.564023971557674, -2.812320470809937 ], [ 29.564199447631893, -2.812370777129956 ], [ 29.56433296203636, -2.81235408782959 ], [ 29.564500808715877, -2.812337398528939 ], [ 29.564592361450309, -2.812337398528939 ], [ 29.564691543579158, -2.812362432479745 ], [ 29.564758300781421, -2.812379121780282 ], [ 29.564800262451456, -2.812362432479745 ], [ 29.564859390258789, -2.812245368957406 ], [ 29.565042495727539, -2.812069892883301 ], [ 29.565185546875, -2.811986446380615 ], [ 29.565319061279354, -2.811894655227434 ], [ 29.565452575683878, -2.811769247055054 ], [ 29.565620422363509, -2.811794281005803 ], [ 29.565793991089151, -2.81190299987793 ], [ 29.565961837768612, -2.811961412429696 ], [ 29.566062927246207, -2.811953067779541 ], [ 29.566270828247355, -2.811911344528198 ], [ 29.566453933716105, -2.811911344528198 ], [ 29.566555023193303, -2.811919689178353 ], [ 29.566671371459961, -2.811836004257145 ], [ 29.566764831543196, -2.811844348907357 ], [ 29.56684684753418, -2.811877727508488 ], [ 29.566930770874308, -2.811819314956495 ], [ 29.567047119140796, -2.811810970306396 ], [ 29.567281723022688, -2.811894655227434 ], [ 29.567449569702205, -2.812003135681039 ], [ 29.56761550903343, -2.81205320358265 ], [ 29.56769943237299, -2.812003135681039 ], [ 29.567850112914982, -2.811928033828622 ], [ 29.568075180053995, -2.811869382858276 ], [ 29.568201065063761, -2.811844348907357 ], [ 29.568317413330249, -2.81175255775446 ], [ 29.568401336669979, -2.811652183532715 ], [ 29.568450927734432, -2.811618804931584 ], [ 29.568569183349837, -2.811669111251774 ], [ 29.568651199340991, -2.811702489852905 ], [ 29.568769454956055, -2.811652183532715 ], [ 29.568960189819336, -2.811677455901986 ], [ 29.569002151489428, -2.811702489852905 ], [ 29.569103240966797, -2.811660528182927 ], [ 29.569244384765852, -2.811652183532715 ], [ 29.569444656372127, -2.811827659606934 ], [ 29.569528579712198, -2.811911344528198 ], [ 29.569620132446289, -2.811886310577279 ], [ 29.569721221924055, -2.811810970306396 ], [ 29.569822311401651, -2.811861038207837 ], [ 29.569955825805835, -2.811719179153329 ], [ 29.570096969604492, -2.811585426330339 ], [ 29.570247650146484, -2.811451911926213 ], [ 29.57038879394554, -2.811293125152588 ], [ 29.570589065551815, -2.81131815910328 ], [ 29.570672988891886, -2.811451911926213 ], [ 29.57079124450695, -2.811434984206983 ], [ 29.570949554443303, -2.811384916305428 ], [ 29.571073532104549, -2.811384916305428 ], [ 29.571224212646541, -2.81139326095564 ], [ 29.571350097656307, -2.811384916305428 ], [ 29.5714759826663, -2.811343193054086 ], [ 29.571641921997184, -2.811351537704297 ], [ 29.571760177612248, -2.811368227005005 ], [ 29.571834564209041, -2.811451911926213 ], [ 29.571950912475529, -2.811384916305428 ], [ 29.572111129761026, -2.811301469802743 ], [ 29.572301864624308, -2.81131815910328 ], [ 29.572452545166129, -2.811418294906616 ], [ 29.572711944580078, -2.811744213104248 ], [ 29.572820663452376, -2.811810970306396 ], [ 29.573112487793253, -2.811836004257145 ], [ 29.573431015014933, -2.811919689178353 ], [ 29.57357215881342, -2.81190299987793 ], [ 29.573726654052962, -2.811836719512826 ], [ 29.573863983154297, -2.811777591705152 ], [ 29.574056625366381, -2.811677455901986 ], [ 29.574415206909293, -2.811510324478093 ], [ 29.574691772461108, -2.811334848403931 ], [ 29.574872970581055, -2.811217784881592 ], [ 29.574975967407283, -2.811100959777718 ], [ 29.575059890747355, -2.810950517654305 ], [ 29.57502555847185, -2.810633182525464 ], [ 29.575050354003849, -2.810432672500554 ], [ 29.575176239013842, -2.810315608978271 ], [ 29.575242996216105, -2.810157060623055 ], [ 29.575401306152628, -2.810065031051636 ], [ 29.575569152832315, -2.810048341750928 ], [ 29.575727462768839, -2.8099231719969 ], [ 29.575937271118221, -2.809856176376115 ], [ 29.576152801513672, -2.809781074523926 ], [ 29.576286315918026, -2.80968070030201 ], [ 29.57640457153326, -2.809580564498901 ], [ 29.576704025268668, -2.809505462646428 ], [ 29.576930999755916, -2.809430122375431 ], [ 29.577198028564737, -2.809371709823552 ], [ 29.577289581298828, -2.809288263320866 ], [ 29.57744026184082, -2.808837175369263 ], [ 29.577472686767749, -2.808527946472111 ], [ 29.577524185180948, -2.808319091796648 ], [ 29.577590942382812, -2.808185577392521 ], [ 29.577749252319393, -2.808160543441716 ], [ 29.577943801879996, -2.808060884475708 ], [ 29.578033447265682, -2.808010101318246 ], [ 29.57814979553217, -2.807893037795793 ], [ 29.578300476074389, -2.807809591293108 ], [ 29.578483581542912, -2.807801246642896 ], [ 29.578643798828409, -2.807692527770769 ], [ 29.578784942627124, -2.80759239196766 ], [ 29.578901290893612, -2.807559013366586 ], [ 29.579044342041072, -2.807575702667236 ], [ 29.579160690307901, -2.807584047317505 ], [ 29.579277038574389, -2.807525634765398 ], [ 29.579486846924112, -2.807450294494458 ], [ 29.579652786254996, -2.807433605193978 ], [ 29.579778671264819, -2.807350158691293 ], [ 29.579828262329386, -2.807099580764714 ], [ 29.579887390136776, -2.806890726089364 ], [ 29.579904556274585, -2.806740283965894 ], [ 29.580003738403605, -2.806623458862077 ], [ 29.580146789551065, -2.806581497192269 ], [ 29.580297470093058, -2.806539773940926 ], [ 29.580455780029581, -2.806372642516976 ], [ 29.5806312561038, -2.806330919265633 ], [ 29.580730438232422, -2.806155443191301 ], [ 29.580848693847713, -2.805996894836369 ], [ 29.581098556518498, -2.805996894836369 ], [ 29.581474304199503, -2.805913209915047 ], [ 29.581649780273494, -2.805821418762207 ], [ 29.58175086975109, -2.8056960105896 ], [ 29.581758499145621, -2.805520772933733 ], [ 29.58183479309082, -2.805370330810547 ], [ 29.581933975220011, -2.805303573608285 ], [ 29.582143783569393, -2.805345296859628 ], [ 29.582326889038143, -2.805361986160051 ], [ 29.582401275634936, -2.805228233337289 ], [ 29.582452774048079, -2.805027723312264 ], [ 29.582509994506893, -2.804894208908024 ], [ 29.582542419433594, -2.804760217666626 ], [ 29.582641601562784, -2.804756164550611 ], [ 29.582880020141886, -2.80469179153431 ], [ 29.583173751831339, -2.80461835861189 ], [ 29.58341217041044, -2.804498910903817 ], [ 29.583597183227766, -2.804609298705998 ], [ 29.583715438843058, -2.804646015167066 ], [ 29.583770751953409, -2.804912328719979 ], [ 29.583927154541186, -2.805031776428109 ], [ 29.584093093872241, -2.805068492889404 ], [ 29.584165573120288, -2.80497670173628 ], [ 29.584312438965071, -2.804847955703735 ], [ 29.584497451782227, -2.804820537567082 ], [ 29.58479118347168, -2.804930686950456 ], [ 29.584918975830078, -2.804747104644662 ], [ 29.585176467895792, -2.804517269134408 ], [ 29.58542442321783, -2.804379463195744 ], [ 29.585681915283203, -2.804250955581551 ], [ 29.585903167724666, -2.804131507873421 ], [ 29.586187362670955, -2.804048776626587 ], [ 29.586545944214095, -2.804057836532479 ], [ 29.586839675903548, -2.804012060165348 ], [ 29.58713340759283, -2.803864955901986 ], [ 29.587253570556697, -2.80362606048584 ], [ 29.587364196777571, -2.803231000900155 ], [ 29.587436676025447, -2.803056478500253 ], [ 29.587610244751033, -2.803008079528809 ], [ 29.587667465210018, -2.802992343902588 ], [ 29.588043212890796, -2.802863597869759 ], [ 29.588466644287394, -2.802817583083879 ], [ 29.588888168335245, -2.802790164947453 ], [ 29.589256286621151, -2.802799224853516 ], [ 29.589485168457315, -2.80288195610035 ], [ 29.589641571044865, -2.803157567977848 ], [ 29.589725494384822, -2.803414821624756 ], [ 29.589927673339787, -2.803561925887834 ], [ 29.589853286743221, -2.80373644828785 ], [ 29.589742660522461, -2.804076433181763 ], [ 29.589677810669002, -2.804737806320077 ], [ 29.589706420898722, -2.805279731750375 ], [ 29.589935302734546, -2.805527925491219 ], [ 29.589973449707031, -2.805739164352303 ], [ 29.589769363403434, -2.806100368499585 ], [ 29.589702606201172, -2.806328535079899 ], [ 29.589624404907397, -2.806621074676343 ], [ 29.589586257934513, -2.806841611862012 ], [ 29.589687347412109, -2.806997776031494 ], [ 29.589872360229435, -2.807153940200578 ], [ 29.590120315552042, -2.807457208633366 ], [ 29.59027290344261, -2.807529926299992 ], [ 29.590312957763899, -2.807548999786263 ], [ 29.59040451049799, -2.807503223419019 ], [ 29.590505599975586, -2.80728268623335 ], [ 29.590717315673885, -2.807484865188542 ], [ 29.590864181518725, -2.807705163955461 ], [ 29.591020584106502, -2.807870626449414 ], [ 29.591138839721737, -2.808026790618896 ], [ 29.591341018676928, -2.808063507079908 ], [ 29.591552734375227, -2.807999372482186 ], [ 29.591920852661303, -2.807990074157601 ], [ 29.592224121093921, -2.807842969894239 ], [ 29.592554092407454, -2.807650089263745 ], [ 29.592802047729492, -2.807402133941537 ], [ 29.59310531616228, -2.807236671447697 ], [ 29.593307495117472, -2.806896686553841 ], [ 29.59355545043968, -2.80674052238453 ], [ 29.593692779541016, -2.806630373001099 ], [ 29.593914031982479, -2.806804895401001 ], [ 29.594005584716911, -2.806942701339608 ], [ 29.593933105468693, -2.807089805602857 ], [ 29.593685150146655, -2.807190895080453 ], [ 29.593629837036303, -2.807365417480241 ], [ 29.593793869018782, -2.807558298110848 ], [ 29.594034194946289, -2.807548999786263 ], [ 29.594327926635742, -2.807677745819035 ], [ 29.594602584839151, -2.807842969894239 ], [ 29.59493446350092, -2.807861566543409 ], [ 29.595129013061751, -2.80777978897072 ], [ 29.595218658447266, -2.807742118835449 ], [ 29.595384597778377, -2.807539939880371 ], [ 29.595623016357479, -2.80735611915577 ], [ 29.595796585083235, -2.807392835617009 ], [ 29.595972061157283, -2.80758595466591 ], [ 29.596145629882869, -2.807668447494507 ], [ 29.59637641906761, -2.807668447494507 ], [ 29.596761703491381, -2.807696104049569 ], [ 29.597129821777628, -2.807769536971932 ], [ 29.597303390503043, -2.807705163955461 ], [ 29.597303390503043, -2.80758595466591 ], [ 29.597230911255053, -2.80744814872719 ], [ 29.597295761108512, -2.807310342788526 ], [ 29.597442626953182, -2.807016134262028 ], [ 29.597570419311523, -2.806648731231519 ], [ 29.597929000854663, -2.806373119354021 ], [ 29.598251342773494, -2.806235313415471 ], [ 29.598646163940373, -2.806327104568368 ], [ 29.599067687988395, -2.80666708946228 ], [ 29.599655151367131, -2.807089805602857 ], [ 29.600023269653605, -2.807291746139526 ], [ 29.600317001343058, -2.807429552078077 ], [ 29.600805282592773, -2.807613372802678 ], [ 29.601144790649641, -2.807650089263745 ], [ 29.60153961181652, -2.807659387588501 ], [ 29.602090835571516, -2.807383775710946 ], [ 29.602779388427848, -2.806970357894784 ], [ 29.603219985961971, -2.80683255195612 ], [ 29.603956222534464, -2.806850910186768 ], [ 29.604452133178768, -2.806896686553841 ], [ 29.604873657226619, -2.806915283203011 ], [ 29.605075836181754, -2.80683255195612 ], [ 29.60532379150419, -2.806804895401001 ], [ 29.605508804321346, -2.80666708946228 ], [ 29.605636596679744, -2.806510925292969 ], [ 29.60571479797386, -2.806508064269906 ], [ 29.60589408874506, -2.806501865386792 ], [ 29.606132507324162, -2.806878328323364 ], [ 29.606380462646769, -2.807328701019287 ], [ 29.60666656494169, -2.80752158164978 ], [ 29.606712341308537, -2.80787992477417 ], [ 29.606904983520792, -2.808063507079908 ], [ 29.607124328613452, -2.808081865310669 ], [ 29.607364654541129, -2.807898283004704 ], [ 29.607694625854549, -2.807742118835449 ], [ 29.607988357544002, -2.807613372802678 ], [ 29.6084117889406, -2.807668447494507 ], [ 29.60859489440935, -2.807778835296517 ], [ 29.60871505737299, -2.80821967124939 ], [ 29.608879089355526, -2.8087158203125 ], [ 29.609008789062671, -2.809248685836792 ], [ 29.609119415283374, -2.809698820114022 ], [ 29.609201431274698, -2.809937715530396 ], [ 29.609697341919002, -2.810277700424137 ], [ 29.610277175903377, -2.810397148132324 ], [ 29.610597610473803, -2.810479879379045 ], [ 29.61075401306158, -2.8102316856382 ], [ 29.611001968383789, -2.810075521469116 ], [ 29.611324310303019, -2.810075521469116 ], [ 29.611543655395678, -2.810296058654785 ], [ 29.611654281616381, -2.810682058334237 ], [ 29.611810684204158, -2.810893297195207 ], [ 29.612297058105469, -2.811187267303467 ], [ 29.612619400024698, -2.811196327209359 ], [ 29.612867355346907, -2.811058521270695 ], [ 29.613363265991381, -2.810810565948259 ], [ 29.613748550415096, -2.810608386993295 ], [ 29.6138343811038, -2.810520172119141 ], [ 29.613964080810774, -2.810386419296265 ], [ 29.613996505737362, -2.810351133346558 ], [ 29.614227294921932, -2.810121536254826 ], [ 29.614501953125284, -2.809928655624333 ], [ 29.614732742309855, -2.809974431991463 ], [ 29.614944458007983, -2.810002088546639 ], [ 29.615238189697436, -2.809956073760986 ], [ 29.61565017700201, -2.809965372085571 ], [ 29.61594581604021, -2.810112237930298 ], [ 29.616174697876033, -2.810158252716064 ], [ 29.616350173950195, -2.810084819793531 ], [ 29.616468429565487, -2.809891939162981 ], [ 29.616504669189737, -2.809607028961068 ], [ 29.61666297912609, -2.809377431869507 ], [ 29.616706848144588, -2.809313058852979 ], [ 29.616853713989371, -2.809267044067326 ], [ 29.617074966430835, -2.809239625930672 ], [ 29.617479324340991, -2.80907416343689 ], [ 29.617792129516886, -2.808844566345101 ], [ 29.617994308471737, -2.808670043945085 ], [ 29.618095397949503, -2.808348417282104 ], [ 29.618251800537053, -2.80810022354126 ], [ 29.618434906005803, -2.80797171592701 ], [ 29.618692398071516, -2.807898283004704 ], [ 29.618810653686808, -2.807769536971932 ], [ 29.618757247924862, -2.8074755668639 ], [ 29.618757247924862, -2.807062149047681 ], [ 29.618829727172852, -2.80659365653969 ], [ 29.618940353393612, -2.80642819404585 ], [ 29.619260787964038, -2.806455850601139 ], [ 29.619407653808821, -2.806703805923235 ], [ 29.619472503662166, -2.80683255195612 ], [ 29.619426727295092, -2.807172536849976 ], [ 29.619472503662166, -2.807420492172071 ], [ 29.619693756103743, -2.8074755668639 ], [ 29.619812011719034, -2.80735611915577 ], [ 29.619905471801871, -2.80711722373951 ], [ 29.620042800903377, -2.806859970092773 ], [ 29.620309829712085, -2.806676387786808 ], [ 29.620557785034464, -2.806483268737566 ], [ 29.620658874511889, -2.806299686431885 ], [ 29.620740890503214, -2.805684089660645 ], [ 29.620906829834098, -2.805335044860726 ], [ 29.621263504028491, -2.805224657058716 ], [ 29.62174224853544, -2.805417776107618 ], [ 29.622219085693644, -2.805555582046395 ], [ 29.622817993164119, -2.805693387985116 ], [ 29.622970581054688, -2.805788755416756 ], [ 29.623376846313647, -2.806042432784977 ], [ 29.623725891113452, -2.806318044662476 ], [ 29.624103546142862, -2.80640983581543 ], [ 29.6241970062257, -2.806392192840462 ], [ 29.624296188354549, -2.806373119354021 ], [ 29.624397277832315, -2.806198596954175 ], [ 29.624452590942667, -2.806033134460336 ], [ 29.624618530273551, -2.805785179137956 ], [ 29.624782562255859, -2.805739164352303 ], [ 29.624948501586971, -2.805739164352303 ], [ 29.62523269653326, -2.805748462676888 ], [ 29.625444412231388, -2.805665731430054 ], [ 29.62582969665533, -2.805399179458448 ], [ 29.626298904419002, -2.805224657058716 ], [ 29.626693725586222, -2.804985761642286 ], [ 29.6270885467531, -2.804719448089486 ], [ 29.627374649048022, -2.804443836212158 ], [ 29.627603530883789, -2.804158926010075 ], [ 29.627925872803019, -2.804012060165348 ], [ 29.628292083740291, -2.80392932891823 ], [ 29.628477096557674, -2.803800821304321 ], [ 29.628641128540323, -2.803708791732561 ], [ 29.629119873046932, -2.803773164749146 ], [ 29.629514694214151, -2.803901672363054 ], [ 29.629798889160327, -2.803874254226685 ], [ 29.629928588867472, -2.803617000579663 ], [ 29.630010604858455, -2.803442478179932 ], [ 29.630167007446573, -2.803203582763501 ], [ 29.630434036255053, -2.803056478500253 ], [ 29.63066291809082, -2.802817583083879 ], [ 29.630744934081974, -2.802615642547437 ], [ 29.630790710449219, -2.802468538284188 ], [ 29.631011962890682, -2.802055120468026 ], [ 29.631269454955998, -2.801825523376465 ], [ 29.631484985351676, -2.801715135574284 ], [ 29.631628036499137, -2.801641702651864 ], [ 29.631856918335131, -2.801485538482439 ], [ 29.632041931152628, -2.801274299621468 ], [ 29.632123947143612, -2.800952672958203 ], [ 29.632297515869197, -2.80074143409729 ], [ 29.632400512695597, -2.800728559493791 ], [ 29.632593154907283, -2.800704717635881 ], [ 29.632720947265682, -2.800603628158569 ], [ 29.632894515991438, -2.800493240356388 ], [ 29.633050918579386, -2.800429105758667 ], [ 29.633190155029297, -2.800254344940186 ], [ 29.633291244506893, -2.800024747848397 ], [ 29.633298873901424, -2.799785852432137 ], [ 29.633373260498047, -2.799409151077157 ], [ 29.63359451293951, -2.799087762832471 ], [ 29.633804321289233, -2.798885583877563 ], [ 29.633888244628963, -2.798609972 ], [ 29.634006500244197, -2.798196554183846 ], [ 29.634025573730639, -2.7979576587677 ], [ 29.634025573730639, -2.797682046890202 ], [ 29.633979797363224, -2.797378778457414 ], [ 29.63385009765625, -2.796855211257935 ], [ 29.633749008178654, -2.79647850990284 ], [ 29.633787155151538, -2.796111106872559 ], [ 29.63398933410673, -2.795853853225708 ], [ 29.63408088684082, -2.795813083648682 ], [ 29.634237289428938, -2.79574346542347 ], [ 29.634687423706168, -2.795706748962175 ], [ 29.635063171386776, -2.795651674270459 ], [ 29.635457992553654, -2.795559644699097 ], [ 29.63555908203125, -2.794696092605477 ], [ 29.635744094848576, -2.794154167175066 ], [ 29.636074066162166, -2.79381418228138 ], [ 29.636358261108683, -2.793630361557007 ], [ 29.636800765991154, -2.793235301971322 ], [ 29.636938095093058, -2.793024063110352 ], [ 29.636800765991154, -2.792720794677678 ], [ 29.636800765991154, -2.792491197585832 ], [ 29.636827468872127, -2.792224884033203 ], [ 29.636856079101733, -2.791848182678223 ], [ 29.636947631836165, -2.791508197784367 ], [ 29.637111663818473, -2.791333675384521 ], [ 29.637351989746151, -2.791269302367937 ], [ 29.637571334839038, -2.79131531715376 ], [ 29.637838363647518, -2.791168212890625 ], [ 29.63792991638195, -2.790975332260132 ], [ 29.638004302978743, -2.790616989135629 ], [ 29.638086318969727, -2.790332317352295 ], [ 29.638334274292163, -2.790185213088989 ], [ 29.638412475586108, -2.790075778961182 ], [ 29.638637542724723, -2.789762735366651 ], [ 29.638866424560717, -2.789358377456665 ], [ 29.639041900634709, -2.78915619850136 ], [ 29.639303207397631, -2.789112806320077 ], [ 29.639558792114201, -2.789229869842416 ], [ 29.640008926391602, -2.789284944534245 ], [ 29.640413284301815, -2.789183855056763 ], [ 29.64076232910179, -2.789018392562639 ], [ 29.641073226928768, -2.788981676101571 ], [ 29.641229629516886, -2.789036750793457 ], [ 29.641633987427042, -2.789064407348576 ], [ 29.641872406006144, -2.789137840270996 ], [ 29.642158508301065, -2.789165496826172 ], [ 29.642377853393555, -2.789165496826172 ], [ 29.642736434936694, -2.789055109023991 ], [ 29.642984390258903, -2.789064407348576 ], [ 29.643270492553825, -2.789073467254468 ], [ 29.64359092712408, -2.789082765579224 ], [ 29.643692016601676, -2.78899097442627 ], [ 29.643711090087947, -2.788880586623975 ], [ 29.643581390381144, -2.788660049438306 ], [ 29.643564224243107, -2.788430452346631 ], [ 29.643665313720703, -2.788246631622258 ], [ 29.643867492676065, -2.78803539276123 ], [ 29.644115447998104, -2.788127183914071 ], [ 29.644308090210018, -2.788127183914071 ], [ 29.64439964294462, -2.78800797462452 ], [ 29.644620895385685, -2.787814855575562 ], [ 29.64484977722185, -2.787695407867432 ], [ 29.645126342773494, -2.787557601928597 ], [ 29.645456314087028, -2.787475109100342 ], [ 29.645730972290039, -2.787713766097795 ], [ 29.646265029907397, -2.78784251213068 ], [ 29.64655876159685, -2.787814855575562 ], [ 29.646747589111385, -2.787905931472608 ], [ 29.646825790405501, -2.787943601608276 ], [ 29.647027969360522, -2.788081407546997 ], [ 29.647247314453352, -2.788081407546997 ], [ 29.647338867187443, -2.787851572036573 ], [ 29.647504806518725, -2.787621974945012 ], [ 29.647697448730582, -2.787649631500074 ], [ 29.647899627685604, -2.787686347961369 ], [ 29.647935867309684, -2.787511825561353 ], [ 29.648157119751147, -2.787309646606445 ], [ 29.648386001586914, -2.787144184112435 ], [ 29.648635864258097, -2.787034034729004 ], [ 29.648771286011026, -2.787034034729004 ], [ 29.648855209350756, -2.787034034729004 ], [ 29.64890098571783, -2.787364721298104 ], [ 29.6491127014163, -2.787658691406079 ], [ 29.649305343628157, -2.787824153899919 ], [ 29.649490356445312, -2.787851572036573 ], [ 29.649690628051928, -2.787769079208374 ], [ 29.649930953979776, -2.78784251213068 ], [ 29.6501598358156, -2.788090467453003 ], [ 29.650371551513729, -2.788283586502018 ], [ 29.65063858032255, -2.788191556930428 ], [ 29.650968551635742, -2.788191556930428 ], [ 29.65130805969261, -2.788219213485604 ], [ 29.651676177978516, -2.788393735885506 ], [ 29.652181625366268, -2.788586616516 ], [ 29.652511596679858, -2.788595914840471 ], [ 29.65283393859886, -2.788549900054932 ], [ 29.653219223022631, -2.788320302963086 ], [ 29.653564453125057, -2.788132429122754 ], [ 29.653635025024698, -2.78809380531294 ], [ 29.653804779052791, -2.787980318069344 ], [ 29.654127120971964, -2.787833213806096 ], [ 29.654356002807788, -2.787787437438851 ], [ 29.65464210510271, -2.787870168685743 ], [ 29.654972076416243, -2.788044691085588 ], [ 29.655441284179744, -2.788145780563241 ], [ 29.655725479126261, -2.78813648223877 ], [ 29.656965255737589, -2.787906885147038 ], [ 29.657627105712947, -2.787906885147038 ], [ 29.658012390136662, -2.787925243377572 ], [ 29.658409118652514, -2.787925243377572 ], [ 29.6585826873781, -2.787870168685743 ], [ 29.658803939819393, -2.787824153899919 ], [ 29.659061431884709, -2.787759780883675 ], [ 29.659336090087947, -2.787741422653198 ], [ 29.659822463989428, -2.787713766097795 ], [ 29.660200119018839, -2.787704706191903 ], [ 29.660614013671932, -2.787879228591748 ], [ 29.66092491149908, -2.788017034530412 ], [ 29.661237716674975, -2.788127183914071 ], [ 29.661615371704158, -2.788357019424438 ], [ 29.66181755065935, -2.78875207901001 ], [ 29.662065505981388, -2.788944959640503 ], [ 29.662469863891772, -2.789092063903638 ], [ 29.662900924682901, -2.789119482040405 ], [ 29.663377761841105, -2.789294004440137 ], [ 29.663736343384073, -2.789422750472909 ], [ 29.663875579834155, -2.789578914642334 ], [ 29.664123535156193, -2.790010690688973 ], [ 29.664518356323242, -2.790616989135629 ], [ 29.664775848388786, -2.791002988815308 ], [ 29.665142059326456, -2.791434764862061 ], [ 29.665353775024585, -2.791719436645451 ], [ 29.665416717529297, -2.791759967803955 ], [ 29.665536880493335, -2.791838884353524 ], [ 29.665702819824219, -2.791857242584115 ], [ 29.665914535522518, -2.791857242584115 ], [ 29.666070938110295, -2.791747093200684 ], [ 29.666391372680721, -2.791590929031258 ], [ 29.66671371459978, -2.791627645492554 ], [ 29.666915893554744, -2.791673660278207 ], [ 29.667137145996378, -2.791838884353524 ], [ 29.667438507080192, -2.791838884353524 ], [ 29.66774177551298, -2.79182052612282 ], [ 29.667982101440487, -2.79177451133728 ], [ 29.668119430542163, -2.791646003723031 ], [ 29.668367385864201, -2.791434764862061 ], [ 29.668451309204158, -2.791408777236938 ], [ 29.668605804443303, -2.791361093521118 ], [ 29.66905593872076, -2.79141640663147 ], [ 29.669378280639933, -2.791627645492554 ], [ 29.669792175293253, -2.791903257369768 ], [ 29.670158386230526, -2.792316675185987 ], [ 29.67047119140625, -2.792684078216325 ], [ 29.671270370483683, -2.793722391128426 ], [ 29.671638488769588, -2.794043779372942 ], [ 29.67191314697294, -2.794209241866895 ], [ 29.672225952148494, -2.794273614883423 ], [ 29.672630310058651, -2.794227600097656 ], [ 29.672786712646598, -2.794227600097656 ], [ 29.673116683960018, -2.794255256652718 ], [ 29.673566818237589, -2.794393062591496 ], [ 29.673696517944393, -2.794585943222046 ], [ 29.673814773559798, -2.79476976394642 ], [ 29.674007415771484, -2.794925928115617 ], [ 29.674320220947209, -2.794962644576913 ], [ 29.674568176269815, -2.794916629791146 ], [ 29.674816131592024, -2.795017719268742 ], [ 29.674907684326342, -2.795164823531991 ], [ 29.674907684326342, -2.795578241348153 ], [ 29.674955368042163, -2.795917987823373 ], [ 29.675027847290153, -2.79617524147028 ], [ 29.675359725952319, -2.79617524147028 ], [ 29.67551422119169, -2.796055793762207 ], [ 29.675817489624251, -2.79617524147028 ], [ 29.675872802734432, -2.796266794204712 ], [ 29.675910949707315, -2.796331405639535 ], [ 29.675918579101847, -2.796873569488355 ], [ 29.675956726074389, -2.797342061996346 ], [ 29.67608451843256, -2.797608613967782 ], [ 29.676361083984546, -2.797902584075871 ], [ 29.676635742187557, -2.798031091690063 ], [ 29.676883697509822, -2.798067808151075 ], [ 29.677297592163086, -2.798178195953369 ], [ 29.677516937256144, -2.798297643661499 ], [ 29.677829742431697, -2.798628330230599 ], [ 29.677898406982706, -2.798669099807512 ], [ 29.678060531616211, -2.798766136169434 ], [ 29.678325653076115, -2.798867225646802 ], [ 29.678482055664062, -2.799041748046648 ], [ 29.678703308105526, -2.799363374709969 ], [ 29.678922653198526, -2.799703121185189 ], [ 29.679124832153377, -2.799730777740308 ], [ 29.679410934448299, -2.799813508987199 ], [ 29.679685592651651, -2.799951314925977 ], [ 29.67986106872587, -2.800061464309636 ], [ 29.680320739746207, -2.800171852111646 ], [ 29.680604934692553, -2.800254344940186 ], [ 29.680778503417969, -2.800291299819833 ], [ 29.681045532226847, -2.800208568572998 ], [ 29.681293487549055, -2.800125837325993 ], [ 29.681762695312557, -2.800107479095459 ], [ 29.68190956115717, -2.800043106078874 ], [ 29.682222366333065, -2.799969673156738 ], [ 29.682525634765682, -2.7999329566955 ], [ 29.682662963867358, -2.799850225448495 ], [ 29.682937622070369, -2.799831867217904 ], [ 29.683130264282283, -2.799859285354614 ], [ 29.683341979980753, -2.799730777740308 ], [ 29.683599472045955, -2.799694061279297 ], [ 29.68376541137701, -2.799831867217904 ], [ 29.68406867980957, -2.800134897232056 ], [ 29.684280395508097, -2.800171852111646 ], [ 29.684518814087198, -2.79988694190979 ], [ 29.684803009033317, -2.799776792526245 ], [ 29.685050964355753, -2.799859285354614 ], [ 29.685464859008846, -2.800208568572998 ], [ 29.686172485351619, -2.800768852233887 ], [ 29.686567306518668, -2.801191568374634 ], [ 29.686704635620174, -2.801531553268262 ], [ 29.686861038207951, -2.801926612853777 ], [ 29.687082290649585, -2.802183866500854 ], [ 29.68748664855957, -2.802385807037354 ], [ 29.687732696533203, -2.802558422088396 ], [ 29.68776130676298, -2.802578687667847 ], [ 29.688110351562784, -2.802762508392163 ], [ 29.68833160400402, -2.802900314330827 ], [ 29.688634872436808, -2.80328631401062 ], [ 29.688827514648665, -2.803570985794011 ], [ 29.688938140869197, -2.803846597671509 ], [ 29.688909530639819, -2.804186582565308 ], [ 29.689075469970703, -2.804710149764787 ], [ 29.689241409301815, -2.805105209350472 ], [ 29.689313888549805, -2.805601358413639 ], [ 29.689451217651538, -2.806180238723641 ], [ 29.689571380615348, -2.806520223617554 ], [ 29.690021514892578, -2.806749820709115 ], [ 29.69040679931669, -2.806823253631535 ], [ 29.690608978271541, -2.806694746017342 ], [ 29.690801620483569, -2.806520223617554 ], [ 29.691032409668139, -2.806501865386792 ], [ 29.691316604614258, -2.806639671325513 ], [ 29.691492080688477, -2.806768178939706 ], [ 29.691877365112589, -2.806887626647949 ], [ 29.692161560058537, -2.807153940200578 ], [ 29.692308425903548, -2.80735611915577 ], [ 29.692438125610522, -2.807732820510864 ], [ 29.692695617676065, -2.808118820190373 ], [ 29.692878723144815, -2.808330059051514 ], [ 29.693191528320369, -2.808394432067871 ], [ 29.693504333496264, -2.808476924896127 ], [ 29.693935394287394, -2.808706760406437 ], [ 29.694311141968001, -2.808807849883806 ], [ 29.694662094116268, -2.808752536773568 ], [ 29.694890975952376, -2.808578014373666 ], [ 29.694910049438647, -2.808366775512468 ], [ 29.694910049438647, -2.80821967124939 ], [ 29.694744110107592, -2.808155536651611 ], [ 29.694561004638842, -2.808146238326799 ], [ 29.694257736206055, -2.808026790618896 ], [ 29.694173812866495, -2.807787895202409 ], [ 29.694183349609432, -2.807411193847656 ], [ 29.694404602051065, -2.806988716125375 ], [ 29.694597244262923, -2.806859970092773 ], [ 29.694982528686694, -2.806933641433716 ], [ 29.695194244384822, -2.806979417800733 ], [ 29.695478439331112, -2.806878328323364 ], [ 29.695764541626033, -2.806777477264291 ], [ 29.695974349975586, -2.80683255195612 ], [ 29.696277618408374, -2.807199954986402 ], [ 29.696453094482365, -2.807548999786263 ], [ 29.696617126464901, -2.807742118835449 ], [ 29.696838378906477, -2.807898283004704 ], [ 29.697177886963175, -2.808063507079908 ], [ 29.697666168212947, -2.808293342590332 ], [ 29.698234558105753, -2.808633089065552 ], [ 29.698602676391829, -2.808780193328744 ], [ 29.698795318603516, -2.809037446975481 ], [ 29.69887733459467, -2.809184312820321 ], [ 29.699062347412394, -2.80933141708374 ], [ 29.69943809509283, -2.809276342391911 ], [ 29.699861526489428, -2.809294700622559 ], [ 29.700210571289233, -2.809423208236524 ], [ 29.70055007934576, -2.809625387191659 ], [ 29.700752258300952, -2.810002088546639 ], [ 29.700771331787166, -2.810082674026262 ], [ 29.700788497924862, -2.810155630111524 ], [ 29.700906753540096, -2.810097694396916 ], [ 29.701045989990405, -2.810079574584847 ], [ 29.701227188110352, -2.810079574584847 ], [ 29.701322555541992, -2.81003737449646 ], [ 29.701429367065714, -2.809937238693124 ], [ 29.701396942138786, -2.810137748718091 ], [ 29.7013587951663, -2.81032133102417 ], [ 29.701663970947266, -2.810830116271973 ], [ 29.701820373535213, -2.810835838317701 ], [ 29.70229530334484, -2.81089186668396 ], [ 29.70269775390625, -2.810909748077393 ], [ 29.703355789184627, -2.810943126678296 ], [ 29.704069137573526, -2.811097383498975 ], [ 29.7043590545656, -2.811146974563485 ], [ 29.70450592041044, -2.811344146728288 ], [ 29.70453071594244, -2.811521291732618 ], [ 29.704555511474666, -2.811736106872559 ], [ 29.704656600952433, -2.811837196349927 ], [ 29.704864501953182, -2.81196665763855 ], [ 29.705131530761662, -2.812134504318067 ], [ 29.705417633056584, -2.812277555465528 ], [ 29.705451965332315, -2.812295675277596 ], [ 29.705467224121378, -2.812545299529972 ], [ 29.705390930175838, -2.812798023223763 ], [ 29.705276489258097, -2.813063383102417 ], [ 29.704961776733455, -2.81327843666071 ], [ 29.704759597778605, -2.813467979431152 ], [ 29.704645156860522, -2.813733577728215 ], [ 29.70453071594244, -2.813973665237427 ], [ 29.70444297790533, -2.814454078674316 ], [ 29.704418182373331, -2.815098762512093 ], [ 29.704730987548885, -2.815423727035522 ], [ 29.705064773559627, -2.815793037414551 ], [ 29.705316543579386, -2.816029787063599 ], [ 29.705678939819506, -2.81637787818903 ], [ 29.705982208251896, -2.816660404205209 ], [ 29.706186294555664, -2.816811084747201 ], [ 29.70632362365717, -2.816912651061841 ], [ 29.706548690796183, -2.817043304443359 ], [ 29.706756591797102, -2.817348957061768 ], [ 29.706819534301815, -2.81752610206604 ], [ 29.707000732422159, -2.817874431609937 ], [ 29.707162857055721, -2.818126916885262 ], [ 29.707450866699389, -2.818448781967049 ], [ 29.70771789550804, -2.818831205368042 ], [ 29.707792282104663, -2.819156885147095 ], [ 29.707969665527457, -2.819472789764404 ], [ 29.708171844482479, -2.819713115692082 ], [ 29.708484649658374, -2.819704294204541 ], [ 29.708868026733683, -2.819523334503003 ], [ 29.709018707275504, -2.819359064102173 ], [ 29.709220886230526, -2.819093704223633 ], [ 29.709447860717887, -2.818764925002824 ], [ 29.709701538085881, -2.818537473678475 ], [ 29.710004806518839, -2.818385601043474 ], [ 29.710289001465014, -2.81846284866333 ], [ 29.710474014282511, -2.818586826324463 ], [ 29.710683822631893, -2.818727493285962 ], [ 29.711030960083292, -2.81882905960083 ], [ 29.711318969726619, -2.818676471710205 ], [ 29.711547851562557, -2.818448781967049 ], [ 29.711761474609659, -2.818120241165047 ], [ 29.712078094482536, -2.817955732345411 ], [ 29.712432861328125, -2.817917823791447 ], [ 29.712608337402514, -2.817917823791447 ], [ 29.712949752807617, -2.817740917205697 ], [ 29.713317871093864, -2.817589282989502 ], [ 29.713638305664119, -2.817607641219979 ], [ 29.713960647583178, -2.817487239837533 ], [ 29.714172363281307, -2.817283391952515 ], [ 29.714321136474894, -2.817079544067212 ], [ 29.714458465576229, -2.816658973693848 ], [ 29.714706420898608, -2.816271066665479 ], [ 29.714927673339901, -2.81604242324812 ], [ 29.715248107910327, -2.815991640090772 ], [ 29.715471267700138, -2.815976619720345 ], [ 29.715759277344034, -2.816028594970589 ], [ 29.715896606445369, -2.816198587417603 ], [ 29.716148376465128, -2.816249132156258 ], [ 29.716365814209041, -2.816204786300432 ], [ 29.716453552246151, -2.81623458862282 ], [ 29.716497421264933, -2.816249132156258 ], [ 29.716751098632926, -2.816376447677499 ], [ 29.717132568359489, -2.816752672195435 ], [ 29.717330932617131, -2.817088365554639 ], [ 29.717632293701342, -2.817390441894531 ], [ 29.71793174743658, -2.817692756652832 ], [ 29.718265533447322, -2.817994832992554 ], [ 29.718433380126953, -2.818196296691724 ], [ 29.718627929687784, -2.818367481231689 ], [ 29.718700408935604, -2.818431138992082 ], [ 29.718931198120174, -2.818433523178101 ], [ 29.719247817993448, -2.818289518356153 ], [ 29.719219207763729, -2.817828655242806 ], [ 29.719680786132812, -2.816993236541748 ], [ 29.720083236694393, -2.816431522369328 ], [ 29.720371246337947, -2.816028118133431 ], [ 29.720775604248274, -2.815696716308423 ], [ 29.721380233764705, -2.815581560134774 ], [ 29.721797943115348, -2.815754413604623 ], [ 29.722522735595987, -2.815931558608895 ], [ 29.722734451294116, -2.816186666488647 ], [ 29.722993850708065, -2.816474676132202 ], [ 29.722604751586971, -2.81746840476967 ], [ 29.722646713257006, -2.817914962768555 ], [ 29.722791671753214, -2.818087816238403 ], [ 29.72312355041521, -2.818382024765015 ], [ 29.723440170288086, -2.818361520767212 ], [ 29.723640441894702, -2.818231821060067 ], [ 29.723814010620288, -2.817598104476758 ], [ 29.724317550659464, -2.816791534423714 ], [ 29.724779129028605, -2.816388130187818 ], [ 29.725152969360636, -2.816143274307251 ], [ 29.725399017334269, -2.81543755531311 ], [ 29.725902557373104, -2.815106153488159 ], [ 29.726394653320369, -2.815227746963387 ], [ 29.726795196533374, -2.815496206283399 ], [ 29.72711181640625, -2.815668106079102 ], [ 29.727386474609659, -2.815624713897705 ], [ 29.727718353271598, -2.815192699432373 ], [ 29.728164672851847, -2.815160989761125 ], [ 29.728395462036417, -2.814990997314339 ], [ 29.7284584045413, -2.814803838729858 ], [ 29.728595733642805, -2.81439995765686 ], [ 29.728839874267862, -2.813685417175293 ], [ 29.729545593261662, -2.813491106033212 ], [ 29.729957580566577, -2.813401222229004 ], [ 29.730070114135685, -2.812794923782349 ], [ 29.730548858642862, -2.812146902084351 ], [ 29.73078536987299, -2.811909675598088 ], [ 29.73088455200218, -2.811809778213501 ], [ 29.731578826904467, -2.811594724655151 ], [ 29.731889724731616, -2.811487913131714 ], [ 29.732324600219727, -2.810957431793213 ], [ 29.733249664306754, -2.810908317565861 ], [ 29.733860015869311, -2.810862779617139 ], [ 29.734407424926758, -2.811000347137451 ], [ 29.734807968139933, -2.811436891555672 ], [ 29.735130310058594, -2.811724901199284 ], [ 29.735433578491381, -2.811607122421265 ], [ 29.735708236694563, -2.811571359634399 ], [ 29.73605918884283, -2.811386823654175 ], [ 29.736728668213061, -2.811521291732618 ], [ 29.738113403320426, -2.811303615569955 ], [ 29.738483428955135, -2.811152458190804 ], [ 29.738576889038143, -2.811114549636613 ], [ 29.739393234253043, -2.810781002044621 ], [ 29.741113662719783, -2.810275316238403 ], [ 29.74276542663597, -2.809516906738281 ], [ 29.743759155273665, -2.808175802230835 ], [ 29.744180679321346, -2.807881832122803 ], [ 29.74421501159685, -2.807862520217839 ], [ 29.74510765075712, -2.807342529296761 ], [ 29.746236801147745, -2.807393074035645 ], [ 29.747686386108455, -2.808134794235116 ], [ 29.749103546142749, -2.809466361999398 ], [ 29.749996185303019, -2.810208082199097 ], [ 29.750888824462947, -2.810747385024968 ], [ 29.751867294311523, -2.811253070831128 ], [ 29.752643585205135, -2.811421632766496 ], [ 29.752794265747127, -2.811316251754761 ], [ 29.753198623657511, -2.811033964156991 ], [ 29.753974914550952, -2.810191154479867 ], [ 29.754766464233455, -2.809146165847608 ], [ 29.755338668823299, -2.808556079864331 ], [ 29.75758171081543, -2.804207324981576 ], [ 29.758060455322209, -2.803249597549325 ], [ 29.758575439453296, -2.802218437194711 ], [ 29.758823394775334, -2.801660776138306 ], [ 29.759006500244084, -2.80124568939209 ], [ 29.759292602539006, -2.800598621368295 ], [ 29.759351730346907, -2.800465345382577 ], [ 29.759429931640909, -2.800073862075806 ], [ 29.759458541870288, -2.799926280975342 ], [ 29.759788513183821, -2.798274278640577 ], [ 29.760295867920206, -2.797178506851196 ], [ 29.762199401855639, -2.795661687850838 ], [ 29.762857437133846, -2.795105457305738 ], [ 29.763126373291243, -2.794363737106323 ], [ 29.763261795044173, -2.793655872344971 ], [ 29.763380050659237, -2.792728662490731 ], [ 29.76342964172369, -2.792374849319231 ], [ 29.763446807861328, -2.792088270187378 ], [ 29.763380050659237, -2.791784763335954 ], [ 29.763345718383732, -2.791414022445565 ], [ 29.763362884521769, -2.791257619857788 ], [ 29.763406753540039, -2.790874242782422 ], [ 29.763452529907454, -2.790767192840576 ], [ 29.763534545898608, -2.790126323699781 ], [ 29.763559341430835, -2.789431333541756 ], [ 29.763248443603686, -2.788784027099609 ], [ 29.762918472290323, -2.787813425063973 ], [ 29.762929916381836, -2.787510395049821 ], [ 29.763151168823299, -2.786914587020874 ], [ 29.763296127319506, -2.785801172256299 ], [ 29.763463973999194, -2.785548448562508 ], [ 29.764183044433651, -2.784877300262281 ], [ 29.764722824096964, -2.784222364425489 ], [ 29.764852523803768, -2.783393859863111 ], [ 29.764898300170955, -2.782993316650334 ], [ 29.764945983886776, -2.782579421997013 ], [ 29.765098571777401, -2.781916379928475 ], [ 29.765514373779467, -2.781442642211687 ], [ 29.765821456909237, -2.780433654785099 ], [ 29.765974044799805, -2.779967069625854 ], [ 29.766059875488338, -2.779687643051034 ], [ 29.766189575195483, -2.779344797134399 ], [ 29.766347885132006, -2.77898001670826 ], [ 29.766973495483455, -2.778582334518205 ], [ 29.767744064331282, -2.778332233428898 ], [ 29.768280029297046, -2.777862310409546 ], [ 29.768602371216048, -2.777275085449219 ], [ 29.76871681213396, -2.77644157409668 ], [ 29.768678665161246, -2.775513410568067 ], [ 29.768468856811523, -2.774544477462769 ], [ 29.768318176269531, -2.774092435836678 ], [ 29.767902374267635, -2.773543119430542 ], [ 29.767656326294173, -2.77310752868641 ], [ 29.767562866210938, -2.772374629974138 ], [ 29.767675399780444, -2.77138352394087 ], [ 29.767656326294173, -2.770758390426522 ], [ 29.767768859863338, -2.770303726196175 ], [ 29.76819038391119, -2.769914865493774 ], [ 29.768354415893839, -2.769697666168156 ], [ 29.768583297729606, -2.769394397735368 ], [ 29.768981933594034, -2.768617630004883 ], [ 29.768793106079329, -2.767613649368116 ], [ 29.768924713134709, -2.766874790191537 ], [ 29.769796371459961, -2.766098260879289 ], [ 29.77023124694847, -2.765491962432748 ], [ 29.771598815918026, -2.764719009399244 ], [ 29.771678924560604, -2.764672994613591 ], [ 29.771711349487305, -2.764694213867188 ], [ 29.772092819213867, -2.764407873153687 ], [ 29.772560119629134, -2.764294147491455 ], [ 29.772954940796183, -2.764312028884888 ], [ 29.773506164550838, -2.764791250228711 ], [ 29.773889541625977, -2.764791250228711 ], [ 29.774204254150447, -2.764557123184204 ], [ 29.774372100830305, -2.764186143875008 ], [ 29.77473258972185, -2.76404881477356 ], [ 29.775136947631836, -2.764264106750375 ], [ 29.775379180908487, -2.764772891998177 ], [ 29.775375366210938, -2.764812707901001 ], [ 29.77562522888212, -2.765111923217717 ], [ 29.775875091552791, -2.765193462371712 ], [ 29.776554107665959, -2.765043735504094 ], [ 29.77721023559576, -2.765599966049194 ], [ 29.77756500244169, -2.765984058380013 ], [ 29.778049468994425, -2.766267299651872 ], [ 29.778602600097827, -2.766040563583374 ], [ 29.778961181640796, -2.76560997962946 ], [ 29.779708862304631, -2.765559434890577 ], [ 29.780275344848917, -2.765771865844556 ], [ 29.780618667602766, -2.765599966049194 ], [ 29.781053543091105, -2.765286445617676 ], [ 29.781751632690373, -2.765387535095215 ], [ 29.782833099365348, -2.765286445617676 ], [ 29.783641815185717, -2.765155076980591 ], [ 29.784439086914347, -2.764752149581909 ], [ 29.784503936767635, -2.76472020149231 ], [ 29.784664154052791, -2.764639377593824 ], [ 29.785232543945256, -2.764921903610116 ], [ 29.785276412963924, -2.765014648437386 ], [ 29.785907745361271, -2.765781879424935 ], [ 29.78641319274908, -2.766115665435677 ], [ 29.786832809448299, -2.766199588775407 ], [ 29.787069320678995, -2.766247034072762 ], [ 29.787454605102596, -2.765872955322152 ], [ 29.787776947021769, -2.765326976775953 ], [ 29.788232803344783, -2.765263795852434 ], [ 29.788843154907283, -2.765178918838501 ], [ 29.78905105590826, -2.76466965675354 ], [ 29.789163589477539, -2.763830423355046 ], [ 29.790082931518612, -2.762910127639771 ], [ 29.790306091308821, -2.762830257415601 ], [ 29.790376663208292, -2.762515783309823 ], [ 29.790498733520508, -2.762050628661996 ], [ 29.790508270263842, -2.76187872886652 ], [ 29.790447235107706, -2.761595726013013 ], [ 29.790447235107706, -2.761363029479867 ], [ 29.790498733520508, -2.761130571365243 ], [ 29.79076004028326, -2.761181116104126 ], [ 29.790962219238224, -2.761231660842839 ], [ 29.791255950927905, -2.761211395263672 ], [ 29.791408538818644, -2.761039495468026 ], [ 29.791326522827319, -2.760442972183114 ], [ 29.790933609008846, -2.760230541229134 ], [ 29.790882110595874, -2.760008096694776 ], [ 29.791225433349723, -2.75970458984375 ], [ 29.791488647461222, -2.759502410888672 ], [ 29.791690826416016, -2.759199142455998 ], [ 29.791843414306811, -2.758875608444043 ], [ 29.792034149170092, -2.758521556854134 ], [ 29.792388916015682, -2.758198022842294 ], [ 29.792631149291935, -2.757833957671892 ], [ 29.792713165283487, -2.757560968399048 ], [ 29.792793273925838, -2.75728797912592 ], [ 29.792945861816463, -2.75705528259266 ], [ 29.793106079101562, -2.756893634795972 ], [ 29.793531417846964, -2.756964445113965 ], [ 29.793926239013842, -2.756954193115178 ], [ 29.794198989868448, -2.756893634795972 ], [ 29.79442214965826, -2.75674200057972 ], [ 29.794553756714038, -2.756580114364624 ], [ 29.794603347778605, -2.756398200988599 ], [ 29.794784545898608, -2.756054401397591 ], [ 29.795047760009879, -2.756003856658936 ], [ 29.79547309875494, -2.755953311920052 ], [ 29.795969009399357, -2.755851984023934 ], [ 29.796453475952319, -2.755862236022949 ], [ 29.796796798706339, -2.755882501602116 ], [ 29.797212600708235, -2.755781412124634 ], [ 29.797576904297159, -2.755720615386849 ], [ 29.797798156738565, -2.75571060180647 ], [ 29.798171997070597, -2.755690336227303 ], [ 29.798566818237475, -2.755670070648193 ], [ 29.79895210266119, -2.755568981170427 ], [ 29.799304962158203, -2.755488157272225 ], [ 29.799709320068416, -2.755346536636353 ], [ 29.800205230712834, -2.755154371261483 ], [ 29.800600051879883, -2.754992485046387 ], [ 29.800983428955249, -2.754911661147958 ], [ 29.801197052002124, -2.755053281783944 ], [ 29.801549911499308, -2.7552454471587 ], [ 29.801803588867472, -2.755255460739079 ], [ 29.802055358886889, -2.755427360534497 ], [ 29.802288055420036, -2.75576114654524 ], [ 29.802410125732649, -2.755973339080811 ], [ 29.802560806274641, -2.756074428558236 ], [ 29.802703857422102, -2.756185770034676 ], [ 29.802833557128906, -2.75643849372841 ], [ 29.802875518798771, -2.756600379943791 ], [ 29.802976608276367, -2.756782293319702 ], [ 29.803279876709155, -2.756873369216919 ], [ 29.803583145141715, -2.756954193115178 ], [ 29.803785324096737, -2.756903648376465 ], [ 29.803977966308594, -2.756843090057203 ], [ 29.804138183593921, -2.756903648376465 ], [ 29.804260253906534, -2.757106065749895 ], [ 29.804513931274698, -2.757297992706185 ], [ 29.804725646972827, -2.757429599761849 ], [ 29.804967880249308, -2.757581233978215 ], [ 29.805139541626147, -2.757682323455811 ], [ 29.805221557617472, -2.757813692092839 ], [ 29.805402755737248, -2.758198022842294 ], [ 29.805564880371321, -2.75828909873951 ], [ 29.805767059326342, -2.758248567581177 ], [ 29.805929183960245, -2.758238554000627 ], [ 29.806079864502237, -2.758339643478394 ], [ 29.806303024292276, -2.758511543273926 ], [ 29.80659675598173, -2.758653163909798 ], [ 29.806787490845011, -2.758774518966561 ], [ 29.807001113891886, -2.758966445922624 ], [ 29.807191848755167, -2.759168863296509 ], [ 29.807394027710018, -2.75935077667225 ], [ 29.807420730590991, -2.759371519088745 ], [ 29.807577133178768, -2.759492397308179 ], [ 29.807840347290039, -2.75953269004799 ], [ 29.808214187622241, -2.759502410888672 ], [ 29.808275222778548, -2.759745121002197 ], [ 29.808300018310604, -2.759813070297184 ], [ 29.808355331420955, -2.759967565536499 ], [ 29.808477401733569, -2.760190010070801 ], [ 29.808710098266886, -2.760271072387468 ], [ 29.808870315551815, -2.760341644286996 ], [ 29.809154510498161, -2.760645151138306 ], [ 29.809366226196289, -2.760725975036621 ], [ 29.809494018554858, -2.76079535484314 ], [ 29.809650421142635, -2.761059761047363 ], [ 29.809711456299112, -2.761332750320207 ], [ 29.809862136841105, -2.761696815490609 ], [ 29.809953689575195, -2.76200008392334 ], [ 29.809984207153377, -2.762404680252075 ], [ 29.809923171997241, -2.762657403945752 ], [ 29.809801101684798, -2.763061761855965 ], [ 29.809619903564453, -2.763334751128923 ], [ 29.809387207031307, -2.76351690292347 ], [ 29.809215545654467, -2.763698816299438 ], [ 29.809215545654467, -2.764022350311109 ], [ 29.809255599975756, -2.764245033264103 ], [ 29.809497833252237, -2.764487504959106 ], [ 29.809659957885742, -2.76474046707142 ], [ 29.809782028198356, -2.765033721923828 ], [ 29.809932708740178, -2.765245914459001 ], [ 29.810144424438477, -2.765448331832772 ], [ 29.810317993164119, -2.765589714050293 ], [ 29.810419082641886, -2.765781879424935 ], [ 29.810419082641886, -2.765994310378915 ], [ 29.810419082641886, -2.766226768493539 ], [ 29.810640335083121, -2.766580820083504 ], [ 29.810873031616268, -2.766874074935913 ], [ 29.810964584350756, -2.767025709152051 ], [ 29.810964584350756, -2.7672886848448 ], [ 29.810955047607422, -2.767541408538818 ], [ 29.810798645019474, -2.767990350723267 ], [ 29.810832977295206, -2.768612146377563 ], [ 29.810895919800089, -2.769184350967407 ], [ 29.811056137085018, -2.769583940505981 ], [ 29.811189651489542, -2.769764423370304 ], [ 29.811325073242472, -2.769858837127572 ], [ 29.811439514160213, -2.769937992095834 ], [ 29.81150054931669, -2.770109891891479 ], [ 29.811399459838924, -2.770301818847486 ], [ 29.811323165893498, -2.770469188690186 ], [ 29.811161041259822, -2.770964622497559 ], [ 29.811136245727766, -2.771040201187134 ], [ 29.811096191406477, -2.771353483200073 ], [ 29.811237335205362, -2.771555900573617 ], [ 29.811491012573356, -2.771687269210815 ], [ 29.811681747436637, -2.771707534789982 ], [ 29.811883926391658, -2.771848917007446 ], [ 29.812076568603686, -2.772142171859514 ], [ 29.812309265136832, -2.772324323654061 ], [ 29.81244087219244, -2.772406101226693 ], [ 29.812622070312727, -2.772567033767587 ], [ 29.812791824340991, -2.772919654846191 ], [ 29.813035964965877, -2.773090124130249 ], [ 29.813325881957951, -2.773236274719125 ], [ 29.813692092895621, -2.77328896522522 ], [ 29.814037322998104, -2.773327589034977 ], [ 29.814462661743107, -2.773143291473275 ], [ 29.814826965332202, -2.773042201995622 ], [ 29.814920425415096, -2.773174047470093 ], [ 29.814897537231445, -2.773365736007577 ], [ 29.814796447753849, -2.77368950843794 ], [ 29.814603805542163, -2.774025917053223 ], [ 29.814508438110522, -2.774147510528564 ], [ 29.814523696899414, -2.774518489837646 ], [ 29.814695358276651, -2.774710655212289 ], [ 29.814949035644815, -2.774771451950073 ], [ 29.815240859985522, -2.774650096893311 ], [ 29.815534591674975, -2.774478197097665 ], [ 29.81591987609869, -2.774316310882568 ], [ 29.81618690490717, -2.77440857887251 ], [ 29.816404342651424, -2.774508476257097 ], [ 29.816707611084041, -2.77448821067793 ], [ 29.816970825195369, -2.774407386779785 ], [ 29.81731033325201, -2.774555683135873 ], [ 29.817365646362589, -2.774740934371721 ], [ 29.8172740936281, -2.775034189224129 ], [ 29.817264556884822, -2.775186061859131 ], [ 29.817335128784407, -2.775377988815251 ], [ 29.817577362060717, -2.775469064712524 ], [ 29.818012237548828, -2.775610685348397 ], [ 29.818174362182731, -2.775721788406258 ], [ 29.818201065063704, -2.775791406631299 ], [ 29.818275451660327, -2.775974750518571 ], [ 29.818367004394815, -2.776186943054029 ], [ 29.818498611450366, -2.776389360427743 ], [ 29.818902969360352, -2.77653074264515 ], [ 29.819225311279581, -2.776419639587289 ], [ 29.819498062133846, -2.776510715484505 ], [ 29.819772720337198, -2.776763439178467 ], [ 29.819993972778263, -2.776945352554208 ], [ 29.82056045532255, -2.777056694030705 ], [ 29.821117401123104, -2.777107238769304 ], [ 29.821702957153434, -2.777167797088623 ], [ 29.822450637817667, -2.777157783508073 ], [ 29.823219299316577, -2.776894807815324 ], [ 29.823591232299805, -2.776729822158813 ], [ 29.823766708374023, -2.776652097701913 ], [ 29.824260711670092, -2.776763439178467 ], [ 29.824707031250114, -2.776905059814396 ], [ 29.825029373169002, -2.777096986770516 ], [ 29.825433731079158, -2.777329683303833 ], [ 29.825819015502873, -2.777420759200879 ], [ 29.826202392578409, -2.777612686157227 ], [ 29.826410293579158, -2.777702569961491 ], [ 29.82664871215826, -2.777804851531982 ], [ 29.826900482177848, -2.777936458587646 ], [ 29.827184677124194, -2.778118371963387 ], [ 29.827344894409123, -2.778320550918465 ], [ 29.827426910400675, -2.778573513030778 ], [ 29.827507019043026, -2.778846502304077 ], [ 29.827638626098803, -2.779089212417546 ], [ 29.827810287475643, -2.779099225997811 ], [ 29.828002929687671, -2.778952598571607 ], [ 29.828195571899357, -2.778725147247314 ], [ 29.828275680542106, -2.778462171554565 ], [ 29.828447341918945, -2.778158903121948 ], [ 29.828630447387695, -2.778084516525155 ], [ 29.82877159118658, -2.778027296066057 ], [ 29.829175949096737, -2.777845382690316 ], [ 29.829488754272461, -2.777744293212834 ], [ 29.829893112182674, -2.777815103530884 ], [ 29.830308914184741, -2.777885913848763 ], [ 29.830423355102596, -2.777883291244393 ], [ 29.830753326416186, -2.777875661849862 ], [ 29.831237792968921, -2.777784585952645 ], [ 29.831451416015625, -2.777289152145329 ], [ 29.831632614135799, -2.777006149291992 ], [ 29.831857681274585, -2.77697014808632 ], [ 29.831886291504134, -2.776965618133374 ], [ 29.832138061523551, -2.776965618133374 ], [ 29.832290649414347, -2.776915073394775 ], [ 29.832441329956339, -2.776813983917236 ], [ 29.832553863525618, -2.776581287384033 ], [ 29.832664489746151, -2.776369094848633 ], [ 29.832735061645792, -2.77626800537098 ], [ 29.832805633545036, -2.776156663894596 ], [ 29.832866668701342, -2.776035308837891 ], [ 29.832857131958065, -2.775863409042358 ], [ 29.832902908325252, -2.775758981704712 ], [ 29.832967758178768, -2.775610685348397 ], [ 29.832998275756893, -2.77551960945118 ], [ 29.832946777343921, -2.775398254394418 ], [ 29.832857131958065, -2.775258541107064 ], [ 29.832836151123217, -2.775020360946598 ], [ 29.832857131958065, -2.77479147911049 ], [ 29.832906723022631, -2.774599552154427 ], [ 29.833047866821346, -2.774549007415771 ], [ 29.833139419555778, -2.774650096893311 ], [ 29.833271026611328, -2.774832010269051 ], [ 29.833393096923771, -2.77496337890625 ], [ 29.833486557007006, -2.774979829788151 ], [ 29.833595275879134, -2.774912834167367 ], [ 29.833606719970874, -2.77477765083313 ], [ 29.833564758300838, -2.774619579315072 ], [ 29.833543777465763, -2.774407386779785 ], [ 29.83365631103544, -2.774296045303117 ], [ 29.833797454834155, -2.774387121200448 ], [ 29.833908081054858, -2.774528741836548 ], [ 29.833999633789119, -2.77472090721119 ], [ 29.83411026001005, -2.77479147911049 ], [ 29.834321975708178, -2.774740934371721 ], [ 29.834636688232479, -2.774569034576416 ], [ 29.834777832031534, -2.774467945098763 ], [ 29.835041046142635, -2.774498224258309 ], [ 29.835212707519474, -2.774639844894409 ], [ 29.835372924804972, -2.774886608123779 ], [ 29.835702896118164, -2.775001525878736 ], [ 29.835723876953409, -2.775027036666643 ], [ 29.835990905761889, -2.775175809860116 ], [ 29.836193084716854, -2.775448799133301 ], [ 29.836526870727596, -2.775681495666504 ], [ 29.836769104004077, -2.775742053985482 ], [ 29.837043762207088, -2.775650978088379 ], [ 29.837406158447209, -2.775256633758488 ], [ 29.837638854980753, -2.774842023849374 ], [ 29.837882995605412, -2.774498224258309 ], [ 29.838336944580192, -2.774124145507756 ], [ 29.838560104370401, -2.773820877075082 ], [ 29.838872909545955, -2.773507356643677 ], [ 29.839084625244425, -2.773406267166081 ], [ 29.839328765869311, -2.773264646530151 ], [ 29.839561462402628, -2.773123025894051 ], [ 29.839904785156307, -2.772668123245069 ], [ 29.84012603759794, -2.772516489028931 ], [ 29.840206146240519, -2.772491455077954 ], [ 29.840288162231502, -2.772465944290161 ], [ 29.840560913086108, -2.772294044494402 ], [ 29.84065246582054, -2.772162437438965 ], [ 29.840753555298136, -2.77190971374489 ], [ 29.840793609619425, -2.771687269210815 ], [ 29.840864181518668, -2.771454572677499 ], [ 29.841007232666129, -2.771242380142212 ], [ 29.84113883972168, -2.771191835403329 ], [ 29.841096878051815, -2.77096939086897 ], [ 29.841056823730526, -2.770848035812321 ], [ 29.841026306152401, -2.770716428756714 ], [ 29.841009140014705, -2.770645618438607 ], [ 29.841077804565373, -2.770547151565552 ], [ 29.84113883972168, -2.770501613616943 ], [ 29.841266632080078, -2.770478963851815 ], [ 29.841350555420206, -2.77036523818964 ], [ 29.841403961181584, -2.770296812057495 ], [ 29.841495513916072, -2.770190715789624 ], [ 29.841524124145792, -2.769993543624821 ], [ 29.841524124145792, -2.769864559173527 ], [ 29.841623306274471, -2.769811391830331 ], [ 29.841791152954102, -2.769773483276197 ], [ 29.841865539550895, -2.769735336303597 ], [ 29.841737747192326, -2.769553661346265 ], [ 29.841707229614542, -2.76941704750061 ], [ 29.84177589416521, -2.769295692443848 ], [ 29.841903686523608, -2.769333600997925 ], [ 29.842094421386889, -2.769280672073251 ], [ 29.842229843139819, -2.769159317016488 ], [ 29.84239768981945, -2.769136428832837 ], [ 29.842548370361271, -2.769197225570565 ], [ 29.842790603637752, -2.769295692443848 ], [ 29.843027114868448, -2.769110202789307 ], [ 29.843162536621378, -2.768984794616586 ], [ 29.843061447143612, -2.768562078475725 ], [ 29.843061447143612, -2.768482446670305 ], [ 29.843116760253963, -2.768431186676025 ], [ 29.84320259094244, -2.768391370773145 ], [ 29.843406677246037, -2.768385648727417 ], [ 29.84354400634794, -2.768368721008187 ], [ 29.843692779540959, -2.768414258956795 ], [ 29.843822479248104, -2.768442630767822 ], [ 29.843914031982592, -2.768447875976449 ], [ 29.844083786011026, -2.768431186676025 ], [ 29.84419059753418, -2.768389701843262 ], [ 29.844261169433651, -2.768324851989632 ], [ 29.844324111938704, -2.768158197402784 ], [ 29.844379425049055, -2.768033027648755 ], [ 29.844465255737589, -2.767947673797494 ], [ 29.844562530517805, -2.767976284027043 ], [ 29.844665527343977, -2.768152475356942 ], [ 29.844732284546069, -2.768243551254159 ], [ 29.84482383728033, -2.768311738967668 ], [ 29.84501075744646, -2.76834583282465 ], [ 29.845228195190714, -2.768374443054142 ], [ 29.845346450805778, -2.768419742584001 ], [ 29.845506668091105, -2.768465280532837 ], [ 29.845621109008789, -2.768465280532837 ], [ 29.845693588257006, -2.768454074859449 ], [ 29.845773696899585, -2.76840853691084 ], [ 29.845905303955305, -2.768266201019117 ], [ 29.845954895019531, -2.768169641494694 ], [ 29.846000671386946, -2.768072843551522 ], [ 29.846044540405444, -2.768025875091553 ], [ 29.846115112304858, -2.767993927001953 ], [ 29.846199035644588, -2.768006801605111 ], [ 29.84626579284685, -2.768054723739453 ], [ 29.846347808838004, -2.768131494522095 ], [ 29.846488952636889, -2.768144369125253 ], [ 29.846662521362305, -2.768141031265088 ], [ 29.846809387207315, -2.768147468566895 ], [ 29.846942901611271, -2.768176317214852 ], [ 29.847051620483398, -2.76817965507496 ], [ 29.847181320190373, -2.768182754516431 ], [ 29.847263336181925, -2.768221139907837 ], [ 29.84742927551298, -2.768288373947144 ], [ 29.847579956054972, -2.76834583282465 ], [ 29.84774398803728, -2.768352270126343 ], [ 29.847894668579102, -2.76825308799738 ], [ 29.848211288452205, -2.767958879470825 ], [ 29.848264694214151, -2.76791405677784 ], [ 29.848749160766886, -2.767904281615984 ], [ 29.848787307739371, -2.767888307571411 ], [ 29.848939895630167, -2.767872333526498 ], [ 29.849010467529581, -2.767853260040283 ], [ 29.849090576172159, -2.767821311950627 ], [ 29.849180221557674, -2.767763614654541 ], [ 29.849285125732422, -2.767696380615234 ], [ 29.849365234375171, -2.767645120620671 ], [ 29.84945297241228, -2.76760363578785 ], [ 29.849538803100643, -2.767565250396729 ], [ 29.849596023559741, -2.767545938491764 ], [ 29.849695205688761, -2.767545938491764 ], [ 29.849790573120401, -2.767504453658944 ], [ 29.84985542297386, -2.767469167709123 ], [ 29.849908828735636, -2.767414808273259 ], [ 29.85008621215826, -2.767235755920296 ], [ 29.850124359131144, -2.766938209533578 ], [ 29.850181579589901, -2.766890048980599 ], [ 29.850255966186694, -2.766858100890886 ], [ 29.850364685058651, -2.766902923583757 ], [ 29.850454330444506, -2.766973257064819 ], [ 29.850559234619084, -2.767062902450448 ], [ 29.850677490234546, -2.767143011093026 ], [ 29.850772857666186, -2.767197370529175 ], [ 29.850837707519645, -2.767229318618774 ], [ 29.850965499878214, -2.767222881317139 ], [ 29.851068496704215, -2.767213344573918 ], [ 29.851158142089901, -2.767146110534668 ], [ 29.851243972778605, -2.767014980316162 ], [ 29.851343154907227, -2.76695728302002 ], [ 29.851423263549805, -2.766938209533578 ], [ 29.85152816772478, -2.7669446468351 ], [ 29.851617813110636, -2.766976594924699 ], [ 29.851730346679744, -2.767002105712777 ], [ 29.851829528808764, -2.766979694366398 ], [ 29.851924896240405, -2.766960620880127 ], [ 29.852056503296126, -2.766967058181763 ], [ 29.852140426635685, -2.766970157623177 ], [ 29.852277755737589, -2.76692533493042 ], [ 29.852407455444393, -2.766870975494271 ], [ 29.852478027343977, -2.766851663589478 ], [ 29.852626800537394, -2.766839027404671 ], [ 29.852760314941349, -2.766826152801514 ], [ 29.852884292602596, -2.766807079315072 ], [ 29.85295486450218, -2.76677489280695 ], [ 29.853082656860408, -2.766733407974129 ], [ 29.853166580200309, -2.766679048538208 ], [ 29.853246688843058, -2.766624689102173 ], [ 29.853269577026481, -2.766573429107495 ], [ 29.853271484375284, -2.766477346420118 ], [ 29.853242874145508, -2.766387939452954 ], [ 29.853240966797102, -2.766307830810547 ], [ 29.853279113769815, -2.766099929809457 ], [ 29.853322982788256, -2.765987873077165 ], [ 29.85332107543951, -2.765811920165902 ], [ 29.85332107543951, -2.765757560729867 ], [ 29.853311538696346, -2.765626430511361 ], [ 29.853279113769815, -2.76547908782959 ], [ 29.853227615356616, -2.765383243560791 ], [ 29.853157043457202, -2.765312910079786 ], [ 29.853105545044173, -2.765234470367375 ], [ 29.853048324585245, -2.765117645263445 ], [ 29.853013992309741, -2.765008926391431 ], [ 29.853061676025561, -2.764916181564331 ], [ 29.853153228759993, -2.764880895614624 ], [ 29.853208541870174, -2.764848947525024 ], [ 29.853322982788256, -2.764791250228711 ], [ 29.853410720825366, -2.764768838882333 ], [ 29.853481292724609, -2.76470422744751 ], [ 29.853534698486555, -2.764641046523991 ], [ 29.853614807128963, -2.764554500579607 ], [ 29.853666305541935, -2.764484167098885 ], [ 29.853698730468864, -2.764397859573194 ], [ 29.853738784790153, -2.764305114746094 ], [ 29.853746414184684, -2.764228105544873 ], [ 29.853748321533487, -2.764141798019409 ], [ 29.853748321533487, -2.764052152633496 ], [ 29.853736877441577, -2.763903141021558 ], [ 29.853719711303711, -2.763825178146249 ], [ 29.853733062744197, -2.763706684112549 ], [ 29.853794097900504, -2.763597965240422 ], [ 29.853837966919002, -2.763537168502808 ], [ 29.853927612304858, -2.763514757156258 ], [ 29.854007720947436, -2.763492345809937 ], [ 29.854104995727823, -2.763469934463501 ], [ 29.854234695434627, -2.763402700424194 ], [ 29.854280471802042, -2.763345241546631 ], [ 29.854356765747241, -2.763247489929029 ], [ 29.854427337646484, -2.763210773467904 ], [ 29.854808807373047, -2.762746810912915 ], [ 29.854866027832202, -2.762721300125122 ], [ 29.85489463806158, -2.762766122817879 ], [ 29.855035781860636, -2.762887716293108 ], [ 29.855155944824446, -2.763034820556641 ], [ 29.855239868164006, -2.763086080551034 ], [ 29.855358123779467, -2.763124465942326 ], [ 29.855489730835188, -2.76321721076954 ], [ 29.855550765991325, -2.763300418853589 ], [ 29.855566024780217, -2.763399600982495 ], [ 29.855602264404354, -2.763521194457894 ], [ 29.855649948120174, -2.763665199279785 ], [ 29.855770111083984, -2.76380276679987 ], [ 29.855838775634822, -2.763879537582397 ], [ 29.855972290039347, -2.763994693756047 ], [ 29.85605812072771, -2.764039516448804 ], [ 29.85637283325201, -2.76374506950367 ], [ 29.856443405151595, -2.76373553276045 ], [ 29.856510162353686, -2.763786792755013 ], [ 29.856660842895678, -2.763917922973519 ], [ 29.856760025024698, -2.764010667800903 ], [ 29.856878280639933, -2.764074563979875 ], [ 29.857015609741438, -2.76408743858326 ], [ 29.857101440429972, -2.764055490493661 ], [ 29.857191085815487, -2.764013767242318 ], [ 29.857284545898722, -2.763968944549561 ], [ 29.857364654541072, -2.763949871063119 ], [ 29.857450485229776, -2.763997793197461 ], [ 29.857463836670092, -2.764084339141846 ], [ 29.857469558715877, -2.764167308807373 ], [ 29.857486724853516, -2.764288902282715 ], [ 29.857498168945597, -2.764375448226815 ], [ 29.85758399963396, -2.764410495757943 ], [ 29.85766792297369, -2.764362573623657 ], [ 29.857917785644702, -2.764020681381226 ], [ 29.858039855957315, -2.763943433761369 ], [ 29.858154296875, -2.763975381851083 ], [ 29.858261108398722, -2.764055490493661 ], [ 29.858329772949389, -2.764135360717773 ], [ 29.858362197876147, -2.76423788070673 ], [ 29.858407974243221, -2.764369010925236 ], [ 29.858488082885742, -2.764475584030151 ], [ 29.858587265014933, -2.764468193054142 ], [ 29.858646392822322, -2.764413833618164 ], [ 29.858701705932674, -2.764343500137159 ], [ 29.858757019043026, -2.764311313629037 ], [ 29.858856201171818, -2.764282703399658 ], [ 29.859008789062784, -2.764285802841073 ], [ 29.859132766723803, -2.764240980148315 ], [ 29.859272003173885, -2.764128923415967 ], [ 29.859333038330021, -2.763965368270874 ], [ 29.859354019165039, -2.763914585113412 ], [ 29.859430313110636, -2.763851165771257 ], [ 29.859485626220987, -2.763783454894906 ], [ 29.859556198120231, -2.763779163360482 ], [ 29.859701156616268, -2.763779163360482 ], [ 29.859851837158487, -2.763779163360482 ], [ 29.859979629516658, -2.763783454894906 ], [ 29.860046386718921, -2.763732671737671 ], [ 29.860191345214787, -2.763677597045842 ], [ 29.860267639160213, -2.763643741607552 ], [ 29.860652923584098, -2.763267278671265 ], [ 29.860698699951342, -2.763098001479989 ], [ 29.86066818237299, -2.762641191482317 ], [ 29.860944747924975, -2.762290239334106 ], [ 29.860990524292049, -2.761799335479736 ], [ 29.861413955688647, -2.761634349822941 ], [ 29.861547470092773, -2.761539936065503 ], [ 29.861747741699389, -2.761397600173723 ], [ 29.861787796020678, -2.761380910873299 ], [ 29.862039566040096, -2.761274814605713 ], [ 29.862251281738565, -2.76099157333357 ], [ 29.862852096557788, -2.760995626449471 ], [ 29.863300323486612, -2.761012554168701 ], [ 29.863456726074389, -2.761092901229688 ], [ 29.863525390625057, -2.761054992675724 ], [ 29.86358833313011, -2.760966062545663 ], [ 29.863630294799805, -2.760860443115064 ], [ 29.863651275634822, -2.760758876800423 ], [ 29.863758087158374, -2.760631799697819 ], [ 29.863891601562557, -2.760631799697819 ], [ 29.86402702331543, -2.760640382766724 ], [ 29.864175796508846, -2.760636091232129 ], [ 29.864307403564624, -2.760581254959106 ], [ 29.864543914794922, -2.760504961013623 ], [ 29.864616394043139, -2.760454177856388 ], [ 29.86476325988798, -2.760492324828874 ], [ 29.865106582641658, -2.760560035705453 ], [ 29.865367889404354, -2.760610818862688 ], [ 29.865550994873274, -2.760564327239877 ], [ 29.865818023681584, -2.760339975356942 ], [ 29.865915298462198, -2.760272264480477 ], [ 29.866130828857479, -2.760174989700147 ], [ 29.86624908447294, -2.760120153427124 ], [ 29.86633682251005, -2.76007771491993 ], [ 29.866405487060717, -2.760043859481641 ], [ 29.866579055786303, -2.760039567947331 ], [ 29.86681175231945, -2.760031223297119 ], [ 29.867027282715128, -2.759997367858887 ], [ 29.867170333862589, -2.760048151016122 ], [ 29.867534637451115, -2.760196208953857 ], [ 29.86771202087408, -2.760221481323242 ], [ 29.867937088012695, -2.760285139083692 ], [ 29.868017196655273, -2.760369539260807 ], [ 29.868076324463175, -2.760560035705453 ], [ 29.868148803711222, -2.760678529739209 ], [ 29.868202209472599, -2.760746002197266 ], [ 29.868381500244197, -2.760809659957715 ], [ 29.868562698364315, -2.760856151580754 ], [ 29.868680953979776, -2.760881423950195 ], [ 29.868892669677905, -2.760856151580754 ], [ 29.869028091430835, -2.76081371307373 ], [ 29.869125366211222, -2.76081371307373 ], [ 29.869285583496151, -2.76081371307373 ], [ 29.86982345581049, -2.7610888481139 ], [ 29.870326995849666, -2.761181831359863 ], [ 29.87059211730957, -2.761228322982674 ], [ 29.870740890503157, -2.761270761489811 ], [ 29.870901107788143, -2.761274814605713 ], [ 29.871080398559855, -2.761274814605713 ], [ 29.871240615844783, -2.761274814605713 ], [ 29.871366500854776, -2.761287689208871 ], [ 29.871480941772518, -2.761338233947754 ], [ 29.871515274048022, -2.761405944824219 ], [ 29.871501922607706, -2.761477947234994 ], [ 29.87140083312994, -2.761579513549748 ], [ 29.871223449707315, -2.761698007583618 ], [ 29.871177673340071, -2.761769771575928 ], [ 29.871240615844783, -2.761858701705762 ], [ 29.87131690979021, -2.762048959731942 ], [ 29.871574401855526, -2.762104034423771 ], [ 29.871768951416186, -2.762146234512215 ], [ 29.872005462646541, -2.762142181396371 ], [ 29.872192382812614, -2.762087106704712 ], [ 29.872297286987589, -2.762027740478459 ], [ 29.872526168823356, -2.761985540389787 ], [ 29.872615814209041, -2.761862993240356 ], [ 29.872669219970817, -2.761769771575928 ], [ 29.873004913330135, -2.761676788329964 ], [ 29.873575210571403, -2.761778354644605 ], [ 29.873973846435831, -2.761998176574707 ], [ 29.874210357665959, -2.762155771255379 ], [ 29.874505996704386, -2.762154817581177 ], [ 29.87468338012701, -2.762137889861947 ], [ 29.875190734863338, -2.7619433403014 ], [ 29.876028060913086, -2.761583805084058 ], [ 29.876367568969954, -2.761499166488647 ], [ 29.876502990722713, -2.76159644126875 ], [ 29.876840591430607, -2.761820554733276 ], [ 29.877128601074503, -2.762006759643441 ], [ 29.877243041992244, -2.762057542800846 ], [ 29.877347946167163, -2.762044668197518 ], [ 29.877395629882983, -2.761968612670898 ], [ 29.877424240112532, -2.761579513549748 ], [ 29.877496719360408, -2.761342525482178 ], [ 29.877534866333065, -2.761114120483398 ], [ 29.877563476562671, -2.760978698730412 ], [ 29.877614974975813, -2.760847568511906 ], [ 29.877920150757006, -2.760585308074894 ], [ 29.878494262695426, -2.759866237640381 ], [ 29.879184722900561, -2.759278297424316 ], [ 29.879278182983398, -2.759032964706307 ], [ 29.8792018890382, -2.758859395980778 ], [ 29.879121780395451, -2.758635282516366 ], [ 29.87901878356945, -2.758466005325261 ], [ 29.878980636596964, -2.758292675018311 ], [ 29.878942489624251, -2.758051395416146 ], [ 29.879188537597884, -2.757924556732178 ], [ 29.879489898681697, -2.757873773574829 ], [ 29.879987716674748, -2.757315397262346 ], [ 29.880195617676065, -2.756879806518555 ], [ 29.880538940429744, -2.756642818450814 ], [ 29.880792617798136, -2.756613254547119 ], [ 29.881101608276651, -2.756490468978825 ], [ 29.881147384643725, -2.756338357925301 ], [ 29.881147384643725, -2.756232500076294 ], [ 29.880990982055948, -2.756105661392155 ], [ 29.880678176880053, -2.755826473236084 ], [ 29.88056755065935, -2.755775690078735 ], [ 29.880470275878906, -2.755813837051278 ], [ 29.880310058593807, -2.755894184112549 ], [ 29.88023757934593, -2.755949020385572 ], [ 29.880073547363452, -2.755885601043531 ], [ 29.879882812500171, -2.755538702011108 ], [ 29.879505157470987, -2.755352735519295 ], [ 29.879413604736328, -2.755242586135694 ], [ 29.879369735718058, -2.754853487014771 ], [ 29.87921333312994, -2.754620790481567 ], [ 29.87885856628435, -2.754231691360474 ], [ 29.878778457641772, -2.754087924957048 ], [ 29.878774642944393, -2.753508329391479 ], [ 29.878723144531421, -2.753013372421094 ], [ 29.878791809082088, -2.752814531326067 ], [ 29.879070281982479, -2.752539634704419 ], [ 29.879159927368335, -2.752395868301392 ], [ 29.879281997680948, -2.752091169357072 ], [ 29.879793167114315, -2.752048969268685 ], [ 29.880157470703182, -2.752023458480721 ], [ 29.880580902099666, -2.751799345016479 ], [ 29.880977630615291, -2.752010822296086 ], [ 29.881282806396655, -2.752594709396135 ], [ 29.881404876709269, -2.752603054046574 ], [ 29.881738662720011, -2.752370357513314 ], [ 29.882127761841105, -2.752438068389779 ], [ 29.882324218749943, -2.752454996109009 ], [ 29.882699966430948, -2.75226879119873 ], [ 29.883085250854492, -2.752239227294808 ], [ 29.883529663085938, -2.752040386199724 ], [ 29.883821487426815, -2.751955747604256 ], [ 29.88414573669462, -2.751465082168465 ], [ 29.884286880493335, -2.751363754272347 ], [ 29.884443283081112, -2.751359462737867 ], [ 29.884654998779581, -2.751383066177254 ], [ 29.885051727295206, -2.751427173614331 ], [ 29.885152816772631, -2.751422882080021 ], [ 29.885280609130803, -2.751363754272347 ], [ 29.885385513305948, -2.751283168792725 ], [ 29.885482788086165, -2.751152038574219 ], [ 29.885566711425724, -2.75105524063099 ], [ 29.885742187500114, -2.751071691512948 ], [ 29.885969161987362, -2.751147985458374 ], [ 29.886194229126147, -2.751173257827531 ], [ 29.886438369750977, -2.751084566116333 ], [ 29.886871337890909, -2.750449895858651 ], [ 29.887111663818416, -2.750204563140642 ], [ 29.887479782104492, -2.750162363052368 ], [ 29.887580871582259, -2.750170707702637 ], [ 29.887847900390568, -2.750005722045898 ], [ 29.888198852539347, -2.750065088272038 ], [ 29.888650894165153, -2.750230073928833 ], [ 29.888935089111499, -2.750665664672738 ], [ 29.889024734497184, -2.751042127609026 ], [ 29.889289855957259, -2.751185894012451 ], [ 29.889497756958065, -2.751092910766545 ], [ 29.889793395996264, -2.75110554695118 ], [ 29.889921188354663, -2.751050710678101 ], [ 29.89001846313505, -2.75091099739052 ], [ 29.890064239502124, -2.750767230987492 ], [ 29.890148162842024, -2.750534534454232 ], [ 29.890300750732422, -2.750344276428109 ], [ 29.890335083007756, -2.750187635421639 ], [ 29.890441894531477, -2.750014305114632 ], [ 29.890598297119254, -2.749891519546395 ], [ 29.89078330993658, -2.749760389327889 ], [ 29.890863418579329, -2.74965047836298 ], [ 29.890901565552042, -2.749146938323975 ], [ 29.890949249267862, -2.749045610427856 ], [ 29.891485214233398, -2.748901605606022 ], [ 29.891748428344897, -2.748855113983097 ], [ 29.892171859741325, -2.748470306396428 ], [ 29.892314910888786, -2.748381376266309 ], [ 29.892419815063761, -2.748224973678361 ], [ 29.892370223999137, -2.74774694442749 ], [ 29.892404556274471, -2.747565031051522 ], [ 29.892526626586914, -2.747442245483398 ], [ 29.892658233642862, -2.747395753860303 ], [ 29.892856597900675, -2.747370481490861 ], [ 29.893106460571289, -2.747336626052856 ], [ 29.893262863159237, -2.747209548949968 ], [ 29.893444061279581, -2.746955871582031 ], [ 29.893516540527628, -2.74685001373291 ], [ 29.893529891967717, -2.746566534042358 ], [ 29.893474578857365, -2.74621558189375 ], [ 29.893419265747184, -2.745982885360604 ], [ 29.893363952636832, -2.745822191238233 ], [ 29.89317703247076, -2.745585203170549 ], [ 29.892961502075423, -2.745551347732544 ], [ 29.892593383789347, -2.745627641677686 ], [ 29.892387390137003, -2.745644569396973 ], [ 29.892280578613452, -2.745669841766357 ], [ 29.891981124878043, -2.745576858520451 ], [ 29.891748428344897, -2.745521783828622 ], [ 29.891637802124194, -2.745513439178467 ], [ 29.891193389892521, -2.745331525802499 ], [ 29.891063690185547, -2.74464201927168 ], [ 29.891126632690487, -2.744553089141846 ], [ 29.891290664673136, -2.744493961334229 ], [ 29.891426086426065, -2.744447231292611 ], [ 29.891578674316634, -2.744417667388745 ], [ 29.89172744751005, -2.74430775642395 ], [ 29.891738891601619, -2.744197845458814 ], [ 29.891696929931697, -2.743973493575993 ], [ 29.89167976379423, -2.743825435638257 ], [ 29.891654968261832, -2.743664741516 ], [ 29.891696929931697, -2.743592739105111 ], [ 29.891853332519474, -2.743542194366285 ], [ 29.892217636108569, -2.743520975112915 ], [ 29.892446517944336, -2.743520975112915 ], [ 29.89257621765131, -2.743550539016724 ], [ 29.892734527588061, -2.74343633651722 ], [ 29.892755508422908, -2.743309497833252 ], [ 29.892923355102539, -2.743161439895516 ], [ 29.893123626709155, -2.7430641651153 ], [ 29.893220901489371, -2.742907524108716 ], [ 29.893259048462085, -2.742696046829224 ], [ 29.893329620361499, -2.742539644241276 ], [ 29.89338493347168, -2.742429494857788 ], [ 29.893423080444393, -2.742298364639282 ], [ 29.893402099609546, -2.741448163986206 ], [ 29.893533706665266, -2.741240978240853 ], [ 29.893627166748331, -2.741113901138306 ], [ 29.893735885620288, -2.740995645522844 ], [ 29.893774032592773, -2.740872859954777 ], [ 29.893795013427791, -2.740335702896118 ], [ 29.893896102905387, -2.740018367767277 ], [ 29.893926620483569, -2.739747524261418 ], [ 29.893880844116495, -2.739502191543465 ], [ 29.893266677856616, -2.738909959792977 ], [ 29.893144607544002, -2.73873233795166 ], [ 29.893079757690487, -2.738529443740674 ], [ 29.893033981323299, -2.73844051361084 ], [ 29.892915725708008, -2.738343238830339 ], [ 29.892652511596737, -2.738123178481942 ], [ 29.892467498779581, -2.737954139709359 ], [ 29.892467498779581, -2.737607240676653 ], [ 29.892555236816463, -2.737332105636483 ], [ 29.892950057983342, -2.737078428268319 ], [ 29.89365577697771, -2.736735820770264 ], [ 29.893833160400675, -2.736464977264177 ], [ 29.893901824951342, -2.736232280731201 ], [ 29.893791198730639, -2.735847473144531 ], [ 29.89365577697771, -2.73558521270752 ], [ 29.893680572509936, -2.735365152358895 ], [ 29.894100189208984, -2.734794139862061 ], [ 29.894527435302791, -2.734506368637085 ], [ 29.894857406616154, -2.734396457672119 ], [ 29.895195007324276, -2.734426021575814 ], [ 29.895420074463061, -2.73455715179432 ], [ 29.895572662353459, -2.734536170959473 ], [ 29.895647048950252, -2.73447036743147 ], [ 29.896041870117301, -2.734121561050301 ], [ 29.896308898925781, -2.733791589736825 ], [ 29.896087646484546, -2.733233213424683 ], [ 29.896194458008097, -2.732975244522038 ], [ 29.896202087402628, -2.732835531234741 ], [ 29.896129608154411, -2.732725620269548 ], [ 29.895994186401481, -2.732632637023926 ], [ 29.895914077758732, -2.732543706893694 ], [ 29.895919799804688, -2.732378721237183 ], [ 29.89604568481451, -2.732146024703979 ], [ 29.896156311035384, -2.731926202773991 ], [ 29.896282196045206, -2.731701850890943 ], [ 29.896333694458178, -2.73149037361145 ], [ 29.896514892578182, -2.731388807296582 ], [ 29.8966712951663, -2.731380462646484 ], [ 29.896913528442383, -2.731321096420061 ], [ 29.897319793701342, -2.731041908264103 ], [ 29.89756011962902, -2.730931997299137 ], [ 29.897636413574219, -2.730711936950684 ], [ 29.897640228271769, -2.730646133422852 ], [ 29.897682189941634, -2.730064868926831 ], [ 29.897764205932788, -2.729891300201189 ], [ 29.897991180419979, -2.729895591735726 ], [ 29.898220062256144, -2.72991681098938 ], [ 29.898525238037166, -2.729992866516056 ], [ 29.898786544800032, -2.730145215988102 ], [ 29.899137496948299, -2.729840517043954 ], [ 29.899477005005167, -2.729806661605721 ], [ 29.899543762207031, -2.729705333709603 ], [ 29.899602890014933, -2.729235649108659 ], [ 29.899894714355639, -2.728871822357178 ], [ 29.900560379028377, -2.728305101394426 ], [ 29.900737762451342, -2.728008985519409 ], [ 29.900856018066577, -2.727492809295597 ], [ 29.901002883911417, -2.727239131927433 ], [ 29.901283264160213, -2.726943016052132 ], [ 29.901481628418026, -2.726735591888428 ], [ 29.901536941528377, -2.726574897766056 ], [ 29.901477813720817, -2.726223945617562 ], [ 29.901193618774698, -2.725817680358887 ], [ 29.901241302490519, -2.725665569305363 ], [ 29.901544570923079, -2.725584983825456 ], [ 29.90209007263195, -2.725267887115479 ], [ 29.902280807495231, -2.725073337554932 ], [ 29.902311325073413, -2.724992752075082 ], [ 29.90228462219244, -2.724882841110116 ], [ 29.902175903320483, -2.724756002426034 ], [ 29.902030944824219, -2.724582433700562 ], [ 29.901971817016886, -2.724447250366211 ], [ 29.90200233459484, -2.72388029098488 ], [ 29.90201377868658, -2.723516464233285 ], [ 29.902208328247013, -2.723423480987321 ], [ 29.902509689331225, -2.72339391708374 ], [ 29.902475357055721, -2.72292423248274 ], [ 29.902433395386026, -2.722154378890991 ], [ 29.902179718017635, -2.72170615196211 ], [ 29.902154922485636, -2.721452236175423 ], [ 29.902238845825366, -2.721346378326359 ], [ 29.902446746826115, -2.721219539642163 ], [ 29.902620315551928, -2.721287250518685 ], [ 29.902923583984318, -2.721359252929688 ], [ 29.903131484985636, -2.721359252929688 ], [ 29.903339385986612, -2.721266031265259 ], [ 29.903642654419173, -2.720843076705933 ], [ 29.903770446777401, -2.720661163329964 ], [ 29.904037475586222, -2.720267772674447 ], [ 29.904172897339151, -2.720005512237435 ], [ 29.90453147888212, -2.719599485397339 ], [ 29.904819488525447, -2.719311714172306 ], [ 29.905305862426758, -2.718990325927564 ], [ 29.905670166015682, -2.718964815139771 ], [ 29.906007766723746, -2.718964815139771 ], [ 29.906469345093058, -2.718723773956242 ], [ 29.906692504883097, -2.718419313430786 ], [ 29.906858444213981, -2.717848062515145 ], [ 29.907001495361442, -2.71760702133173 ], [ 29.907163619995174, -2.717158555984383 ], [ 29.907421112060717, -2.716811656951847 ], [ 29.907737731933594, -2.716443777084123 ], [ 29.908309936523438, -2.716050386428606 ], [ 29.908876419067326, -2.715762615203801 ], [ 29.909179687500284, -2.715593576431104 ], [ 29.909456253051701, -2.715584993362313 ], [ 29.909633636474894, -2.71548771858204 ], [ 29.90981483459484, -2.715246677398625 ], [ 29.910022735595987, -2.714874267578125 ], [ 29.910104751586971, -2.714762210845777 ], [ 29.910137176513672, -2.714717864990234 ], [ 29.910558700561523, -2.714358329772722 ], [ 29.910600662231388, -2.714282274246045 ], [ 29.910703659057788, -2.714091777801514 ], [ 29.910741806030273, -2.713876008987313 ], [ 29.910694122314453, -2.71344876289362 ], [ 29.91079139709467, -2.713110446929932 ], [ 29.911262512207315, -2.712370157241708 ], [ 29.911472320556641, -2.711930036544743 ], [ 29.911586761474723, -2.711435317993107 ], [ 29.911647796630859, -2.71097993850708 ], [ 29.911672592163256, -2.710788011550676 ], [ 29.912006378173999, -2.710348129272461 ], [ 29.912052154541072, -2.709633111953565 ], [ 29.91213798522972, -2.709349870681649 ], [ 29.912391662597713, -2.708639144897347 ], [ 29.912559509277571, -2.708232879638672 ], [ 29.912982940673828, -2.707822561263924 ], [ 29.913436889648608, -2.707505464553833 ], [ 29.913854598999251, -2.707365751266479 ], [ 29.914222717285156, -2.707340478897038 ], [ 29.914569854736555, -2.707014799118042 ], [ 29.914768218994197, -2.706748247146436 ], [ 29.914907455444506, -2.706511259078866 ], [ 29.914997100830362, -2.706240653991586 ], [ 29.915233612060717, -2.706079959869214 ], [ 29.915403366089151, -2.705927610397339 ], [ 29.915550231933764, -2.705749988555738 ], [ 29.91569900512701, -2.705500364303361 ], [ 29.915805816650561, -2.70535230636591 ], [ 29.916261672973917, -2.704798221588021 ], [ 29.916893005371094, -2.704197406768799 ], [ 29.917682647705192, -2.703681468963509 ], [ 29.917737960815543, -2.703567028045427 ], [ 29.917949676513672, -2.703097581863233 ], [ 29.918449401855526, -2.702661991119385 ], [ 29.918626785278491, -2.702162742614746 ], [ 29.918672561645508, -2.701769351959229 ], [ 29.918609619140625, -2.70094871520979 ], [ 29.918647766113338, -2.700491905212346 ], [ 29.9187145233156, -2.700221061706429 ], [ 29.918693542480753, -2.699924945831185 ], [ 29.918550491333292, -2.699637413024732 ], [ 29.918466567993164, -2.699489355087223 ], [ 29.91824150085472, -2.699200630187988 ], [ 29.918254852295036, -2.698537588119393 ], [ 29.918655395507869, -2.698321819305193 ], [ 29.918617248535156, -2.697852134704476 ], [ 29.918664932250977, -2.697526454925423 ], [ 29.918849945068303, -2.697077989578247 ], [ 29.918834686279411, -2.696784734725952 ], [ 29.918804168701456, -2.696219444274789 ], [ 29.918790817260799, -2.69593596458418 ], [ 29.919218063354776, -2.695513010025024 ], [ 29.91919326782255, -2.695155858993417 ], [ 29.919172286987362, -2.694844484329053 ], [ 29.91932487487793, -2.694531440734806 ], [ 29.919384002685831, -2.694028139114266 ], [ 29.919395446777401, -2.693833589553606 ], [ 29.91947174072294, -2.693676948547193 ], [ 29.91960716247587, -2.693537473678589 ], [ 29.919769287109375, -2.693321704864502 ], [ 29.91983795166044, -2.692982912063485 ], [ 29.919870376586971, -2.692818403244019 ], [ 29.919996261596964, -2.692458868026506 ], [ 29.920255661010913, -2.692052602767831 ], [ 29.920753479003963, -2.691650867462158 ], [ 29.921054840088118, -2.691202402114754 ], [ 29.921510696411303, -2.690618753433114 ], [ 29.92247581481962, -2.689298868179208 ], [ 29.923351287841854, -2.688469648361149 ], [ 29.923538208007983, -2.688199043273926 ], [ 29.923656463623217, -2.687898635864144 ], [ 29.923681259155444, -2.687644958495923 ], [ 29.923728942871264, -2.687424898147583 ], [ 29.92390632629423, -2.687116146087419 ], [ 29.924177169800089, -2.686426639556885 ], [ 29.924219131469783, -2.685851335525513 ], [ 29.924156188964844, -2.685665130615121 ], [ 29.924163818359432, -2.685123682021924 ], [ 29.924299240112305, -2.684387683868238 ], [ 29.92480659484869, -2.683884143829346 ], [ 29.924798965454158, -2.683732032775708 ], [ 29.924613952637003, -2.683548212051392 ], [ 29.924589157104776, -2.683522939682007 ], [ 29.924522399902344, -2.683456897735539 ], [ 29.924514770507983, -2.683232784271013 ], [ 29.924798965454158, -2.682949304580575 ], [ 29.924997329711971, -2.68280553817749 ], [ 29.925188064575252, -2.682835102081299 ], [ 29.925500869751147, -2.682809829711857 ], [ 29.92556381225603, -2.682720899581739 ], [ 29.925664901733455, -2.682437419891357 ], [ 29.925664901733455, -2.68204402923584 ], [ 29.925226211548136, -2.681464672088509 ], [ 29.925258636474666, -2.681088209152222 ], [ 29.925497055053768, -2.680381774902344 ], [ 29.925510406494254, -2.680355787277222 ], [ 29.925664901733455, -2.680089712142944 ], [ 29.925750732422159, -2.679764032363835 ], [ 29.925861358642862, -2.679150581359693 ], [ 29.925889968872241, -2.678994178771745 ], [ 29.926134109497127, -2.67864727973938 ], [ 29.926376342773381, -2.67834281921381 ], [ 29.926536560058878, -2.677818298339787 ], [ 29.926942825317667, -2.677424907684269 ], [ 29.927022933960018, -2.677018642425423 ], [ 29.92705345153837, -2.676836729049683 ], [ 29.927022933960018, -2.676680326461792 ], [ 29.92691802978544, -2.675999164581242 ], [ 29.927040100097713, -2.675923109054565 ], [ 29.927255630493164, -2.675804615020581 ], [ 29.927373886108455, -2.675660848617554 ], [ 29.927415847778491, -2.675419807434082 ], [ 29.927429199218807, -2.675072908401262 ], [ 29.927551269531421, -2.674645662307739 ], [ 29.927721023559855, -2.674184560775757 ], [ 29.92775917053217, -2.673981428146135 ], [ 29.927827835083008, -2.673693895339966 ], [ 29.927843093872127, -2.673486471176147 ], [ 29.927911758423136, -2.673258066177141 ], [ 29.928255081176985, -2.67278003692627 ], [ 29.928487777709961, -2.67234444618208 ], [ 29.928533554077376, -2.672166824340707 ], [ 29.928516387939737, -2.670563459396249 ], [ 29.928537368774585, -2.670038938522225 ], [ 29.928508758544979, -2.669412851333561 ], [ 29.928606033325252, -2.669091463088876 ], [ 29.928863525390568, -2.668431520461866 ], [ 29.928888320922965, -2.667369604110661 ], [ 29.928884506225643, -2.666785955429077 ], [ 29.928907394409237, -2.666730165481567 ], [ 29.929103851318644, -2.666235923767033 ], [ 29.929363250732592, -2.665838479995614 ], [ 29.929752349853686, -2.665580272674504 ], [ 29.930114746093977, -2.665445089340096 ], [ 29.930263519287394, -2.665267229079973 ], [ 29.930315017700252, -2.664928913116285 ], [ 29.930284500122241, -2.664527177810555 ], [ 29.93047142028837, -2.66425633430481 ], [ 29.930686950683821, -2.66362190246582 ], [ 29.930746078491381, -2.663456916808968 ], [ 29.930694580078182, -2.662538766860791 ], [ 29.930208206177042, -2.66208195686329 ], [ 29.929634094238452, -2.661946773528939 ], [ 29.929426193237475, -2.66191291809065 ], [ 29.929214477539347, -2.661836624145508 ], [ 29.928998947143498, -2.661688566207772 ], [ 29.928968429565714, -2.661574363708496 ], [ 29.928926467895678, -2.661464452743303 ], [ 29.928606033325252, -2.66004729270918 ], [ 29.928623199462891, -2.659848451614209 ], [ 29.928758621215991, -2.659746885299569 ], [ 29.929058074951399, -2.659560918807756 ], [ 29.929092407226733, -2.659488916396981 ], [ 29.929012298583984, -2.657999992370605 ], [ 29.928966522216967, -2.65782904624939 ], [ 29.928886413574389, -2.657517194747925 ], [ 29.928867340088118, -2.657445669174194 ], [ 29.929548263550089, -2.656773090362435 ], [ 29.929718017578182, -2.656692743301392 ], [ 29.929887771606616, -2.656439065933057 ], [ 29.930023193359546, -2.656197786331177 ], [ 29.930250167846907, -2.656070947646867 ], [ 29.930597305298136, -2.655905961990356 ], [ 29.930780410766886, -2.65575361251814 ], [ 29.930967330932617, -2.655623912811052 ], [ 29.931066513061808, -2.655555009841805 ], [ 29.931299209594954, -2.655343294143677 ], [ 29.931621551513615, -2.655326366424447 ], [ 29.931743621826229, -2.655199527740365 ], [ 29.931837081909464, -2.655009269714128 ], [ 29.931938171386889, -2.654560804367065 ], [ 29.932003021240178, -2.65441274642933 ], [ 29.932048797607592, -2.654311180114576 ], [ 29.932018280029467, -2.654205560684147 ], [ 29.931955337524357, -2.654091358184587 ], [ 29.931913375854492, -2.653905153274536 ], [ 29.93193435668951, -2.653638601303101 ], [ 29.932083129882926, -2.653317213058244 ], [ 29.93239974975603, -2.652708053588754 ], [ 29.932521820068644, -2.652361154556218 ], [ 29.932649612426815, -2.652251243591195 ], [ 29.932949066162223, -2.652111530303841 ], [ 29.933187484741325, -2.65206503868103 ], [ 29.933309555053938, -2.652005910873186 ], [ 29.933406829833984, -2.651883125305119 ], [ 29.933441162109318, -2.651625156402417 ], [ 29.933465957641715, -2.651455879211312 ], [ 29.933588027954329, -2.651282548904419 ], [ 29.933715820312557, -2.651134490966683 ], [ 29.933858871460018, -2.650960922241211 ], [ 29.933944702148494, -2.650834083557072 ], [ 29.934066772460938, -2.6503772735594 ], [ 29.934122085571289, -2.650034666061401 ], [ 29.934171676635913, -2.649844169616699 ], [ 29.934480667114428, -2.648913621902466 ], [ 29.934646606445312, -2.648554086684953 ], [ 29.934675216675089, -2.648012638091984 ], [ 29.934665679931754, -2.647481679916382 ], [ 29.934663772583178, -2.647390604019165 ], [ 29.934869766235352, -2.646971940994149 ], [ 29.935237884521598, -2.645466089248544 ], [ 29.935699462890909, -2.644328117370378 ], [ 29.935651779175089, -2.643140077590942 ], [ 29.935892105102596, -2.642618656158334 ], [ 29.936279296875114, -2.641896724700928 ], [ 29.9362926483156, -2.641294956207048 ], [ 29.935972213745345, -2.640613079070988 ], [ 29.935701370239315, -2.640014886855909 ], [ 29.935480117797908, -2.639443397521859 ], [ 29.935279846191463, -2.63907241821272 ], [ 29.934898376464901, -2.638420581817456 ], [ 29.93458747863798, -2.637949228286743 ], [ 29.934116363525561, -2.637548208236637 ], [ 29.933715820312557, -2.637157201766854 ], [ 29.933404922485579, -2.636819124221688 ], [ 29.933374404907283, -2.636786222457886 ], [ 29.933074951172046, -2.636655807495117 ], [ 29.932863235473917, -2.636605739593506 ], [ 29.932643890380859, -2.636535406112557 ], [ 29.932502746582202, -2.63647532463068 ], [ 29.932271957397631, -2.636314868926888 ], [ 29.93208122253435, -2.636134386062622 ], [ 29.931880950927734, -2.636003971099854 ], [ 29.931720733642635, -2.635973930358887 ], [ 29.931449890136946, -2.636104345321542 ], [ 29.931308746337891, -2.63620471954323 ], [ 29.931200027465763, -2.636214733123779 ], [ 29.93095779418951, -2.636194705963135 ], [ 29.930377960205135, -2.635983943939209 ], [ 29.929985046386832, -2.63587379455555 ], [ 29.929756164551065, -2.635542869567871 ], [ 29.929334640503214, -2.634780883788892 ], [ 29.929143905639933, -2.634660482406616 ], [ 29.929002761840877, -2.634429931640454 ], [ 29.928842544555721, -2.634289503097534 ], [ 29.92876243591337, -2.634209156036377 ], [ 29.928703308105639, -2.634048700332642 ], [ 29.92865180969244, -2.633868217468034 ], [ 29.9285316467288, -2.633607625961304 ], [ 29.92827224731451, -2.633106231689339 ], [ 29.928110122680948, -2.632745265960637 ], [ 29.928180694580192, -2.632233858108407 ], [ 29.928264617919979, -2.631795406341382 ], [ 29.928457260132006, -2.631074666976929 ], [ 29.928543090820312, -2.630644559860116 ], [ 29.928787231445369, -2.630162239074537 ], [ 29.928857803345011, -2.629874944686833 ], [ 29.928880691528605, -2.629778623580705 ], [ 29.928903579711857, -2.629453182220459 ], [ 29.928974151611499, -2.629220724105835 ], [ 29.929090499877987, -2.628988265991211 ], [ 29.929141998290959, -2.628924131393205 ], [ 29.929288864135799, -2.628883600234872 ], [ 29.929433822631836, -2.62886023521412 ], [ 29.929508209228629, -2.628802061080876 ], [ 29.929595947265909, -2.628674268722477 ], [ 29.929666519164982, -2.628523111343213 ], [ 29.929758071899471, -2.628383636474609 ], [ 29.929857254028263, -2.628249883651677 ], [ 29.929944992065543, -2.62814545631386 ], [ 29.930112838745401, -2.627790927886906 ], [ 29.930154800415266, -2.627657175064087 ], [ 29.930160522461222, -2.627529382705461 ], [ 29.930084228515682, -2.627430438995361 ], [ 29.929904937744084, -2.627215385437012 ], [ 29.929828643799055, -2.627070188522225 ], [ 29.929758071899471, -2.626831769943124 ], [ 29.929746627807731, -2.626616716384831 ], [ 29.929769515991154, -2.626430749893188 ], [ 29.929828643799055, -2.626250505447388 ], [ 29.929927825927905, -2.626018047332764 ], [ 29.929950714111499, -2.62572169303877 ], [ 29.930078506469897, -2.625134706497022 ], [ 29.930160522461222, -2.624942779541016 ], [ 29.930194854736385, -2.624779939651319 ], [ 29.930246353149357, -2.624570846557504 ], [ 29.930322647094783, -2.624309301376343 ], [ 29.93049621582054, -2.623989582061768 ], [ 29.930665969848803, -2.623797893524056 ], [ 29.930932998657283, -2.623617649078199 ], [ 29.931043624878214, -2.623489618301221 ], [ 29.931032180786303, -2.62328052520752 ], [ 29.930995941162394, -2.623129367828369 ], [ 29.930932998657283, -2.622984170913696 ], [ 29.930887222290096, -2.622867822646981 ], [ 29.930799484252987, -2.622734069823991 ], [ 29.930677413940714, -2.622641086578312 ], [ 29.930410385131893, -2.622507333755493 ], [ 29.930200576782511, -2.622333049774056 ], [ 29.93014144897478, -2.622071504592896 ], [ 29.930183410644645, -2.621926307678109 ], [ 29.930223464965934, -2.621769189834424 ], [ 29.930246353149357, -2.621647119522095 ], [ 29.930299758911133, -2.621449708938371 ], [ 29.930351257324503, -2.621275186538526 ], [ 29.930393218994368, -2.621205091476327 ], [ 29.930479049682901, -2.621060132980233 ], [ 29.9305553436281, -2.620955467224064 ], [ 29.930648803710994, -2.620792865753174 ], [ 29.930728912353516, -2.62065911293007 ], [ 29.930793762207202, -2.620496273040771 ], [ 29.930845260620174, -2.620380163192635 ], [ 29.931026458740519, -2.619944334030151 ], [ 29.931001663207951, -2.619798898696899 ], [ 29.930932998657283, -2.619676828384286 ], [ 29.930879592895508, -2.619566440582275 ], [ 29.930776596069336, -2.619397878646851 ], [ 29.930728912353516, -2.619328022003174 ], [ 29.930671691894588, -2.619031667709351 ], [ 29.9305553436281, -2.618700504302979 ], [ 29.930473327636776, -2.618555068969499 ], [ 29.930461883545036, -2.618450403213501 ], [ 29.930438995361612, -2.618305206298828 ], [ 29.930393218994368, -2.618148326873779 ], [ 29.930271148681754, -2.617898225784302 ], [ 29.930212020874023, -2.617741346359139 ], [ 29.930252075195312, -2.617107868194466 ], [ 29.930271148681754, -2.61690330505354 ], [ 29.930278778076286, -2.616828680038282 ], [ 29.930345535278548, -2.61654973030079 ], [ 29.930416107177791, -2.61634635925293 ], [ 29.930473327636776, -2.616195201873779 ], [ 29.930450439453125, -2.61598610877968 ], [ 29.930444717407397, -2.615805864334106 ], [ 29.930334091186467, -2.615550041198617 ], [ 29.930316925048999, -2.61532354354847 ], [ 29.930351257324503, -2.615079402923413 ], [ 29.930385589599666, -2.614811897277605 ], [ 29.930515289306811, -2.614399194717407 ], [ 29.930601119995174, -2.614161014556885 ], [ 29.930660247802848, -2.614004135131722 ], [ 29.930648803710994, -2.613765716552621 ], [ 29.930660247802848, -2.612800836562997 ], [ 29.930677413940714, -2.612512588500806 ], [ 29.930734634399641, -2.611533880233765 ], [ 29.93081092834467, -2.610836267471086 ], [ 29.930845260620174, -2.610574722289812 ], [ 29.930845260620174, -2.610441207885685 ], [ 29.930822372436751, -2.610231876373177 ], [ 29.930776596069336, -2.61005163192732 ], [ 29.930711746215877, -2.609737873077336 ], [ 29.930694580078182, -2.609604120254403 ], [ 29.930624008178768, -2.609342575073242 ], [ 29.930566787720011, -2.60924386978138 ], [ 29.93049621582054, -2.609133243560677 ], [ 29.930461883545036, -2.60905194282509 ], [ 29.930374145507926, -2.608941555022966 ], [ 29.930294036865178, -2.608848571777287 ], [ 29.930200576782511, -2.608680009841748 ], [ 29.930149078369141, -2.608546257019043 ], [ 29.930160522461222, -2.608337163925114 ], [ 29.930305480957259, -2.608145236968937 ], [ 29.93049621582054, -2.60796499252308 ], [ 29.930746078491381, -2.607802391052019 ], [ 29.930938720703239, -2.607633829116764 ], [ 29.931190490722827, -2.607395648956299 ], [ 29.931198120117188, -2.607308864593392 ], [ 29.931215286255053, -2.607241153716927 ], [ 29.931240081787053, -2.607087373733521 ], [ 29.931245803833008, -2.607058286666813 ], [ 29.931259155273665, -2.606843233108521 ], [ 29.93117713928234, -2.606639862060547 ], [ 29.931095123291186, -2.606453895568848 ], [ 29.931020736694563, -2.606302738189697 ], [ 29.930944442749194, -2.606087684631348 ], [ 29.930955886841105, -2.605901718139421 ], [ 29.931026458740519, -2.605727434158155 ], [ 29.931089401245231, -2.605489015579053 ], [ 29.931142807007006, -2.60528564453125 ], [ 29.931137084961051, -2.604797363281136 ], [ 29.931123733520565, -2.604721784591618 ], [ 29.931037902832088, -2.604599714279175 ], [ 29.930938720703239, -2.604442834853955 ], [ 29.930805206299112, -2.604326486587411 ], [ 29.930706024170092, -2.604146480560075 ], [ 29.930549621582315, -2.603873252868652 ], [ 29.930484771728459, -2.603751182556152 ], [ 29.930438995361612, -2.603617429733106 ], [ 29.930374145507926, -2.603355884551775 ], [ 29.930398941040323, -2.603193283080998 ], [ 29.930433273315487, -2.60298395156849 ], [ 29.930473327636776, -2.602745532989388 ], [ 29.930561065673885, -2.602548122405892 ], [ 29.930746078491381, -2.602338790893384 ], [ 29.930904388427905, -2.602141141891366 ], [ 29.931032180786303, -2.601978302001783 ], [ 29.931106567383097, -2.601763248443604 ], [ 29.931171417236385, -2.601577281951791 ], [ 29.931211471557845, -2.601315736770573 ], [ 29.931287765502873, -2.601048469543287 ], [ 29.931287765502873, -2.600845098495483 ], [ 29.931287765502873, -2.600740432739144 ], [ 29.931304931640909, -2.600205659866219 ], [ 29.931339263916072, -2.599810361862126 ], [ 29.931356430053711, -2.599782228469849 ], [ 29.931392669678019, -2.599717378616219 ], [ 29.931467056274471, -2.599572181701546 ], [ 29.931594848632812, -2.599421024322396 ], [ 29.931653976440543, -2.599275588989258 ], [ 29.931621551513615, -2.599174499511605 ], [ 29.931606292724723, -2.599130392074585 ], [ 29.931472778320597, -2.598927021026611 ], [ 29.931392669678019, -2.598758459091187 ], [ 29.931543350220011, -2.59846186637867 ], [ 29.931594848632812, -2.598334074020272 ], [ 29.931594848632812, -2.598188877105486 ], [ 29.9315834045413, -2.597973823547363 ], [ 29.931449890136946, -2.597316980361825 ], [ 29.931240081787053, -2.596747398376351 ], [ 29.93118858337408, -2.596572875976335 ], [ 29.931154251098917, -2.596386909484863 ], [ 29.93116569519043, -2.596171855926457 ], [ 29.931171417236385, -2.596055746078321 ], [ 29.931112289428881, -2.595887184143066 ], [ 29.931085586547908, -2.595834732055607 ], [ 29.931032180786303, -2.595736026763802 ], [ 29.930822372436751, -2.595445394515878 ], [ 29.930728912353516, -2.595282554626408 ], [ 29.930706024170092, -2.595143079757463 ], [ 29.930717468262003, -2.594869852065926 ], [ 29.930828094482706, -2.594527006149292 ], [ 29.930887222290096, -2.594346761703434 ], [ 29.930944442749194, -2.59411430358881 ], [ 29.930984497070483, -2.593893527984505 ], [ 29.931037902832088, -2.593701601028329 ], [ 29.931100845336971, -2.593527317047119 ], [ 29.93127632141119, -2.593283176422119 ], [ 29.931516647339038, -2.59302020072937 ], [ 29.931793212890682, -2.59271931648243 ], [ 29.931892395019645, -2.592498540878296 ], [ 29.931903839111385, -2.592359066009521 ], [ 29.931833267211914, -2.592277765274048 ], [ 29.931728363037337, -2.592068433761483 ], [ 29.931676864623967, -2.591946363449097 ], [ 29.931612014770678, -2.591841697692701 ], [ 29.931594848632812, -2.591696500778028 ], [ 29.931560516357479, -2.591295480728036 ], [ 29.93163108825712, -2.590481758117676 ], [ 29.931653976440543, -2.589668035507088 ], [ 29.931612014770678, -2.589202880859318 ], [ 29.931299209594954, -2.588749647140389 ], [ 29.931182861328296, -2.588470697402954 ], [ 29.931077957153377, -2.588191509246712 ], [ 29.931049346923771, -2.588099479675293 ], [ 29.930984497070483, -2.587895154952776 ], [ 29.930799484252987, -2.58749413490284 ], [ 29.930711746215877, -2.587273359298706 ], [ 29.930683135986499, -2.58716869354231 ], [ 29.930648803710994, -2.587104797363224 ], [ 29.930637359619425, -2.587052345275822 ], [ 29.930637359619425, -2.586819887161198 ], [ 29.930637359619425, -2.586738586425781 ], [ 29.930660247802848, -2.586552619933912 ], [ 29.93072319030756, -2.586337566375732 ], [ 29.930770874023381, -2.586174726486092 ], [ 29.930822372436751, -2.586000442504712 ], [ 29.930833816528491, -2.585831880569458 ], [ 29.930868148803995, -2.585675001144182 ], [ 29.93089866638195, -2.585471391677743 ], [ 29.930892944335994, -2.585256338119507 ], [ 29.930839538574276, -2.585122823714983 ], [ 29.930828094482706, -2.584977388381844 ], [ 29.930816650390625, -2.584750652313119 ], [ 29.930782318115462, -2.584506511688119 ], [ 29.930677413940714, -2.584274053573495 ], [ 29.930521011352596, -2.584041595458871 ], [ 29.930398941040323, -2.583919525146257 ], [ 29.930294036865178, -2.583791732788086 ], [ 29.930200576782511, -2.583681344985905 ], [ 29.930149078369141, -2.583588361739999 ], [ 29.930078506469897, -2.583495378494263 ], [ 29.930013656616211, -2.583408117294312 ], [ 29.929973602294922, -2.583349943160897 ], [ 29.929962158203409, -2.583239555358887 ], [ 29.929950714111499, -2.583047628402596 ], [ 29.929979324340877, -2.582890748977604 ], [ 29.929985046386832, -2.582704782485962 ], [ 29.929985046386832, -2.582478046417123 ], [ 29.929927825927905, -2.582274675369206 ], [ 29.929868698120345, -2.582088708877563 ], [ 29.929857254028263, -2.581960916519108 ], [ 29.929782867431641, -2.581827163696289 ], [ 29.929777145385913, -2.581763267516919 ], [ 29.929695129394588, -2.581350564956438 ], [ 29.929636001587198, -2.581176280975171 ], [ 29.929624557495117, -2.581036806106454 ], [ 29.929544448852539, -2.580908775329362 ], [ 29.929433822631836, -2.580850601196119 ], [ 29.929294586181925, -2.580862283706551 ], [ 29.929141998290959, -2.580908775329362 ], [ 29.929037094116381, -2.580984354019165 ], [ 29.928903579711857, -2.581036806106454 ], [ 29.928806304931811, -2.58105993270857 ], [ 29.928735733032397, -2.581007719039803 ], [ 29.928684234619368, -2.58088564872719 ], [ 29.928653717041072, -2.580734491348267 ], [ 29.928619384765909, -2.580618143081495 ], [ 29.928543090820312, -2.580321788787785 ], [ 29.928468704223917, -2.580176353454362 ], [ 29.928403854370401, -2.58010101318348 ], [ 29.928329467773608, -2.579996347427254 ], [ 29.928247451782454, -2.579833507537728 ], [ 29.928171157837085, -2.579705715179387 ], [ 29.92813682556158, -2.579542875289803 ], [ 29.928073883056697, -2.57935690879799 ], [ 29.928014755249308, -2.579252243041992 ], [ 29.927989959716911, -2.57919335365284 ], [ 29.927968978882063, -2.579141855239754 ], [ 29.927946090698299, -2.579043149947893 ], [ 29.927915573120117, -2.578950166702271 ], [ 29.927829742431811, -2.578845500945931 ], [ 29.927724838256836, -2.578775644302141 ], [ 29.927549362182674, -2.578735113143921 ], [ 29.927427291870401, -2.578735113143921 ], [ 29.927299499512003, -2.578717470168897 ], [ 29.927213668823299, -2.57866525650013 ], [ 29.927015304565657, -2.578525781631356 ], [ 29.926887512207088, -2.578444480895882 ], [ 29.926805496215763, -2.578386306762695 ], [ 29.926748275757006, -2.578333854675066 ], [ 29.926555633544979, -2.578176975250244 ], [ 29.92641639709484, -2.578025817871094 ], [ 29.926277160644588, -2.577956199645769 ], [ 29.926055908203125, -2.577950239181291 ], [ 29.925823211670149, -2.578011274337598 ], [ 29.925767898559798, -2.577947139739763 ], [ 29.925712585449276, -2.577820062637329 ], [ 29.925655364990519, -2.577572822570801 ], [ 29.925655364990519, -2.577361106872559 ], [ 29.925718307495401, -2.577149152755567 ], [ 29.925859451293888, -2.576894998550301 ], [ 29.925979614257926, -2.576591253280412 ], [ 29.926086425781307, -2.57637953758217 ], [ 29.926170349121207, -2.576231241226026 ], [ 29.926361083984489, -2.576153516769295 ], [ 29.926593780517635, -2.576090097427254 ], [ 29.926671981811808, -2.575927495956307 ], [ 29.926593780517635, -2.575751066207886 ], [ 29.926523208618221, -2.575581550597974 ], [ 29.926500320434627, -2.575531244277954 ], [ 29.926446914673022, -2.575419187545549 ], [ 29.926303863525561, -2.575221538543587 ], [ 29.926162719726847, -2.574981451034432 ], [ 29.926021575927791, -2.57475543022133 ], [ 29.925683975219897, -2.57433176040638 ], [ 29.925533294677905, -2.573890924453622 ], [ 29.925407409668082, -2.573564529418832 ], [ 29.925306320190487, -2.573313474655095 ], [ 29.925180435180721, -2.572899103164559 ], [ 29.925056457519702, -2.572510004043465 ], [ 29.924930572509879, -2.572246551513615 ], [ 29.924741744995174, -2.572183609008732 ], [ 29.924615859985408, -2.571731805801221 ], [ 29.924604415893668, -2.571242332458326 ], [ 29.924667358398381, -2.570689916610604 ], [ 29.924663543701229, -2.570412874221802 ], [ 29.924703598022518, -2.570325851440316 ], [ 29.924703598022518, -2.570275545120239 ], [ 29.924615859985408, -2.570175170898324 ], [ 29.924503326416072, -2.569987058639299 ], [ 29.924402236938533, -2.569748401641732 ], [ 29.924251556396484, -2.56950998306263 ], [ 29.924152374267862, -2.569233655929395 ], [ 29.924100875854492, -2.568819522857666 ], [ 29.924163818359432, -2.568555831909123 ], [ 29.924152374267862, -2.568367719650269 ], [ 29.924139022827205, -2.568154096603166 ], [ 29.924114227294979, -2.567978382110368 ], [ 29.924013137817383, -2.567878007888794 ], [ 29.923763275146769, -2.567714929580688 ], [ 29.923437118530558, -2.567488908767643 ], [ 29.923198699951456, -2.567375898361092 ], [ 29.922971725463924, -2.567237854003906 ], [ 29.922721862793253, -2.567137479781991 ], [ 29.922533035278548, -2.566936492919808 ], [ 29.922420501709269, -2.566698074340707 ], [ 29.922218322754077, -2.566396713256722 ], [ 29.921955108642578, -2.566057920455933 ], [ 29.921829223632983, -2.565907239913884 ], [ 29.921653747558764, -2.565631151199227 ], [ 29.921968460083065, -2.564852714538404 ], [ 29.922306060791186, -2.564425945281755 ], [ 29.922407150268612, -2.563396692276001 ], [ 29.922369003296069, -2.562392473220712 ], [ 29.922330856323185, -2.562166452407723 ], [ 29.922243118286303, -2.561965703964063 ], [ 29.92210578918457, -2.561789989471436 ], [ 29.921804428100586, -2.561551332473584 ], [ 29.921314239502067, -2.561400651931763 ], [ 29.921064376831112, -2.561325311660767 ], [ 29.920875549316577, -2.561224937438851 ], [ 29.920875549316577, -2.560810804366838 ], [ 29.920837402343864, -2.560584783553963 ], [ 29.92093849182146, -2.560183048248291 ], [ 29.92093849182146, -2.559906959533578 ], [ 29.920925140380973, -2.55959320068348 ], [ 29.920812606811694, -2.559354543685913 ], [ 29.920713424682845, -2.559103488922119 ], [ 29.920686721801871, -2.558927774429208 ], [ 29.92071533203125, -2.558856010436955 ], [ 29.920774459839151, -2.558701753616219 ], [ 29.920913696289062, -2.558463335037118 ], [ 29.920988082885685, -2.558262586593514 ], [ 29.920951843261946, -2.55807423591591 ], [ 29.920770645141602, -2.557613849639893 ], [ 29.920980453491325, -2.55731630325306 ], [ 29.921426773071573, -2.557078361511117 ], [ 29.921634674072322, -2.556810617446672 ], [ 29.922142028808878, -2.55617785453785 ], [ 29.922336578369141, -2.556062698364201 ], [ 29.922384262084961, -2.555884361266976 ], [ 29.922430038452376, -2.555651903152352 ], [ 29.922515869140909, -2.555380582809448 ], [ 29.922592163086108, -2.55511713027937 ], [ 29.922718048095703, -2.554799318313485 ], [ 29.922824859619425, -2.554636716842538 ], [ 29.923080444336222, -2.55455923080433 ], [ 29.923278808594034, -2.554497957229387 ], [ 29.923429489136026, -2.554419755935498 ], [ 29.923654556274471, -2.554171562194654 ], [ 29.923864364624194, -2.554024457931405 ], [ 29.924135208129826, -2.553861618041822 ], [ 29.92436790466337, -2.553706645965406 ], [ 29.924608230590877, -2.553435564041138 ], [ 29.924694061279354, -2.553350210189819 ], [ 29.924793243408374, -2.553179740905648 ], [ 29.924840927124194, -2.553071260452043 ], [ 29.924871444702148, -2.552683830261003 ], [ 29.924886703491268, -2.552559614181519 ], [ 29.924949645996151, -2.55228853225708 ], [ 29.925048828124943, -2.552118062972966 ], [ 29.925096511840763, -2.552009582519474 ], [ 29.925182342529467, -2.551885604858342 ], [ 29.925281524658487, -2.551668405532723 ], [ 29.925321578979776, -2.551482439041138 ], [ 29.925359725952262, -2.551311969756966 ], [ 29.925445556640796, -2.551149368286019 ], [ 29.925483703613281, -2.551090002059766 ], [ 29.925514221191463, -2.551040887832414 ], [ 29.925592422485408, -2.550901174545174 ], [ 29.925607681274698, -2.550715208053418 ], [ 29.925607681274698, -2.550591230392342 ], [ 29.925609588623104, -2.550532341003418 ], [ 29.92561531066923, -2.550413131713867 ], [ 29.92561531066923, -2.55025029182417 ], [ 29.925645828247184, -2.550064325332585 ], [ 29.925708770751896, -2.549870491027605 ], [ 29.925762176513672, -2.549669027328378 ], [ 29.925777435302734, -2.549582481384277 ], [ 29.925804138183537, -2.549510002136174 ], [ 29.925933837890682, -2.549160718917733 ], [ 29.92605400085472, -2.548979997634717 ], [ 29.926246643066406, -2.548666715621948 ], [ 29.926486968994311, -2.548317193984985 ], [ 29.926643371582088, -2.548112392425537 ], [ 29.926908493041935, -2.547847270965462 ], [ 29.927238464355526, -2.547522068023454 ], [ 29.927631378173999, -2.547318696975651 ], [ 29.927875518798828, -2.547189950942879 ], [ 29.92816162109375, -2.54698657989502 ], [ 29.928384780883789, -2.546878099441415 ], [ 29.928649902343864, -2.546756267547551 ], [ 29.929035186767635, -2.546593427657967 ], [ 29.929244995117131, -2.546396970748731 ], [ 29.929388046264592, -2.546268224716073 ], [ 29.929441452026367, -2.546146154403687 ], [ 29.929584503173828, -2.545807361602783 ], [ 29.929645538330135, -2.545217752456665 ], [ 29.92965126037609, -2.54496693611145 ], [ 29.929489135742188, -2.544634819030591 ], [ 29.929393768310547, -2.544458627700806 ], [ 29.929239273071573, -2.544248580932617 ], [ 29.929265975952205, -2.544072151183968 ], [ 29.929244995117131, -2.54378080368042 ], [ 29.929170608520565, -2.543611288070622 ], [ 29.929130554199276, -2.543408155441284 ], [ 29.929088592529581, -2.543008089065552 ], [ 29.929014205932788, -2.542682886123657 ], [ 29.928987503051815, -2.542432069778442 ], [ 29.928960800171183, -2.542283058166504 ], [ 29.928968429565714, -2.54215407371521 ], [ 29.929014205932788, -2.541903495788347 ], [ 29.929069519043139, -2.541523933410645 ], [ 29.929103851318644, -2.541347742080688 ], [ 29.929225921630916, -2.541144371032487 ], [ 29.929340362548771, -2.540859699249097 ], [ 29.929422378540323, -2.540649652480852 ], [ 29.929536819458008, -2.540459871292114 ], [ 29.929666519164982, -2.540263175964355 ], [ 29.929807662964038, -2.540073394775391 ], [ 29.930051803588924, -2.539870023727303 ], [ 29.930309295654467, -2.539754867553654 ], [ 29.930540084839038, -2.539639711379891 ], [ 29.93081092834467, -2.539538145065251 ], [ 29.931068420410384, -2.539382219314348 ], [ 29.931108474731673, -2.539260149002018 ], [ 29.931102752685547, -2.539090633392334 ], [ 29.931150436401367, -2.538934707641488 ], [ 29.931224822998161, -2.538799285888558 ], [ 29.931394577026595, -2.53865027427662 ], [ 29.931522369384822, -2.538534879684335 ], [ 29.931644439697436, -2.538378953933716 ], [ 29.931760787963924, -2.538135051727295 ], [ 29.931827545166186, -2.537863969802743 ], [ 29.931962966918888, -2.537660598754826 ], [ 29.932329177856559, -2.537253856658822 ], [ 29.932538986206282, -2.537104845046883 ], [ 29.932661056518725, -2.536948919296265 ], [ 29.932701110840014, -2.536813497543335 ], [ 29.932737350464095, -2.536695718765145 ], [ 29.93279075622587, -2.536528825759774 ], [ 29.932865142822322, -2.536230564117261 ], [ 29.933013916015909, -2.53597974777216 ], [ 29.933420181274471, -2.53545784950245 ], [ 29.933555603027401, -2.535234212875366 ], [ 29.933717727661303, -2.535010576248055 ], [ 29.933799743652457, -2.534854650497437 ], [ 29.93391036987299, -2.534690141677856 ], [ 29.934007644653605, -2.53456163406355 ], [ 29.934183120727596, -2.534368753433057 ], [ 29.93432807922369, -2.534127712249756 ], [ 29.934408187866211, -2.533886671066057 ], [ 29.934440612792969, -2.533790349960213 ], [ 29.934440612792969, -2.533613681793099 ], [ 29.93437576293951, -2.533501148223877 ], [ 29.934345245361328, -2.533356666564941 ], [ 29.934295654296932, -2.533228158950749 ], [ 29.934263229370345, -2.532987117767334 ], [ 29.934247970581112, -2.532794237136784 ], [ 29.934263229370345, -2.532505035400277 ], [ 29.934280395507869, -2.532264232635498 ], [ 29.934295654296932, -2.531975030898934 ], [ 29.934263229370345, -2.531685829162598 ], [ 29.934263229370345, -2.531461000442505 ], [ 29.93432807922369, -2.531171798705998 ], [ 29.93437576293951, -2.530962944030648 ], [ 29.934392929077148, -2.530673742294312 ], [ 29.934392929077148, -2.530352354049683 ], [ 29.934392929077148, -2.530111312866097 ], [ 29.934457778930835, -2.529950857162476 ], [ 29.934520721435717, -2.529806137084961 ], [ 29.934650421142862, -2.529565095901489 ], [ 29.934713363647575, -2.529420614242497 ], [ 29.934879302978686, -2.529324293136483 ], [ 29.935094833374137, -2.529083251952898 ], [ 29.935119628906534, -2.52897477149952 ], [ 29.935203552246094, -2.528830289840698 ], [ 29.935276031494311, -2.528709650039673 ], [ 29.935323715210131, -2.528565168380624 ], [ 29.935359954834212, -2.528336048126221 ], [ 29.935384750366268, -2.528083086013794 ], [ 29.935445785522745, -2.527890443801653 ], [ 29.935552597045898, -2.527649402618295 ], [ 29.935552597045898, -2.527466535568067 ], [ 29.935516357421989, -2.527323961257935 ], [ 29.935480117797908, -2.527167320251465 ], [ 29.935480117797908, -2.526926517486459 ], [ 29.935516357421989, -2.526589155197144 ], [ 29.935457229614258, -2.526432514190674 ], [ 29.935445785522745, -2.526215553283464 ], [ 29.935468673706168, -2.525902271270752 ], [ 29.935493469238565, -2.5255286693573 ], [ 29.935541152954386, -2.525203466415292 ], [ 29.935613632202205, -2.52492618560791 ], [ 29.935613632202205, -2.524721384048462 ], [ 29.935613632202205, -2.524408102035522 ], [ 29.935602188110522, -2.524155139923096 ], [ 29.935239791870401, -2.52317905426014 ], [ 29.935047149658317, -2.522745370864868 ], [ 29.93498611450201, -2.522576808929387 ], [ 29.93493843078619, -2.522420167922803 ], [ 29.934879302978686, -2.522275447845459 ], [ 29.934793472290323, -2.522155046463013 ], [ 29.934661865234432, -2.521986246109009 ], [ 29.934577941894474, -2.52174520492531 ], [ 29.934516906738338, -2.521624803543091 ], [ 29.934396743774698, -2.521347761154175 ], [ 29.93431282043457, -2.521178960799944 ], [ 29.934263229370345, -2.5210826396941 ], [ 29.93419265747076, -2.520894289016553 ], [ 29.934112548828352, -2.520653247833252 ], [ 29.934097290039119, -2.520460605621224 ], [ 29.93414497375494, -2.520251750946045 ], [ 29.934310913086165, -2.52007269859314 ], [ 29.934501647949446, -2.519911766052246 ], [ 29.934720993041935, -2.519897222518921 ], [ 29.934925079345703, -2.520014286041146 ], [ 29.935174942016886, -2.520102024078369 ], [ 29.935337066650447, -2.520057201385498 ], [ 29.935518264770565, -2.520065546035653 ], [ 29.935739517212198, -2.520015954971143 ], [ 29.935970306396769, -2.519958496093579 ], [ 29.936151504516545, -2.519867897033691 ], [ 29.936275482177791, -2.519785642623731 ], [ 29.936374664306754, -2.519686698913347 ], [ 29.936456680298079, -2.519546985626107 ], [ 29.936555862426928, -2.519316434860173 ], [ 29.936588287353459, -2.519209384918099 ], [ 29.936702728271541, -2.519077777862435 ], [ 29.936908721924112, -2.518880128860474 ], [ 29.937015533447266, -2.518707275390625 ], [ 29.937181472778377, -2.518526315689087 ], [ 29.9373207092288, -2.518427371978589 ], [ 29.937410354614485, -2.518320560455322 ], [ 29.937566757202262, -2.51818060874939 ], [ 29.937601089477766, -2.517999410629159 ], [ 29.937601089477766, -2.517917156219482 ], [ 29.937608718872127, -2.517810106277466 ], [ 29.937608718872127, -2.517678499221745 ], [ 29.937608718872127, -2.517538547515699 ], [ 29.937650680541992, -2.517398595809937 ], [ 29.937707901001147, -2.517275094985962 ], [ 29.937829971313761, -2.517102241516113 ], [ 29.937921524047852, -2.516904830932504 ], [ 29.938011169433537, -2.516707181930542 ], [ 29.93807792663597, -2.516509771346819 ], [ 29.938177108764819, -2.516221523284798 ], [ 29.938251495361612, -2.51607346534729 ], [ 29.938390731811694, -2.515785455703508 ], [ 29.938529968262003, -2.51559591293335 ], [ 29.938695907593058, -2.515522003173714 ], [ 29.93881797790533, -2.515324354171753 ], [ 29.938859939575366, -2.515200853347778 ], [ 29.938875198364258, -2.51502799987793 ], [ 29.938865661621151, -2.514965534210091 ], [ 29.938852310180835, -2.51486349105835 ], [ 29.938810348510799, -2.514764785766431 ], [ 29.938760757446346, -2.514616489410173 ], [ 29.93871116638195, -2.514517784118652 ], [ 29.938671112060661, -2.514410734176522 ], [ 29.938653945923022, -2.514279127120972 ], [ 29.938629150390796, -2.514106273651123 ], [ 29.938629150390796, -2.513826370239258 ], [ 29.938604354858398, -2.513694763183423 ], [ 29.938579559326229, -2.513546466827279 ], [ 29.938554763794173, -2.513349056243726 ], [ 29.93858718872076, -2.513176202773877 ], [ 29.938579559326229, -2.513027906417733 ], [ 29.938514709472713, -2.512920856475773 ], [ 29.938398361206055, -2.512781143188477 ], [ 29.938341140747127, -2.51264119148243 ], [ 29.938234329223746, -2.512517690658399 ], [ 29.938142776489315, -2.512377738952637 ], [ 29.938060760498331, -2.512262582778931 ], [ 29.938003540039176, -2.512106180190926 ], [ 29.937961578369311, -2.511924982070923 ], [ 29.938035964966105, -2.511858940124341 ], [ 29.938142776489315, -2.51166033744812 ], [ 29.938478469848803, -2.511368989944401 ], [ 29.938865661621151, -2.510901212692261 ], [ 29.938821792602482, -2.510468721389543 ], [ 29.938882827758789, -2.510009765624773 ], [ 29.939060211181584, -2.509418487548714 ], [ 29.939060211181584, -2.509153604507333 ], [ 29.939422607421932, -2.508200407028085 ], [ 29.939544677734318, -2.507476568221819 ], [ 29.93961524963396, -2.507282495498544 ], [ 29.939668655395565, -2.507167816162109 ], [ 29.939775466918888, -2.506991147994995 ], [ 29.939916610717944, -2.50681471824646 ], [ 29.939970016479549, -2.506620407104379 ], [ 29.940084457397631, -2.506311655044556 ], [ 29.940279006958065, -2.506046772003003 ], [ 29.940587997436808, -2.50566720962513 ], [ 29.940736770629826, -2.505490779876709 ], [ 29.940799713134936, -2.504916906356812 ], [ 29.940931320190657, -2.504413843154794 ], [ 29.941045761108569, -2.503451824188062 ], [ 29.941143035888786, -2.502939939498674 ], [ 29.941787719726847, -2.502057313918954 ], [ 29.942096710205192, -2.50163364410389 ], [ 29.942220687866211, -2.501483678817749 ], [ 29.942564010620288, -2.501192331314087 ], [ 29.942890167236499, -2.501024723052979 ], [ 29.943067550659464, -2.500856876373234 ], [ 29.943181991577148, -2.500671625137329 ], [ 29.943075180053995, -2.500486135482788 ], [ 29.942811965942496, -2.500106811523438 ], [ 29.942644119262638, -2.498915195465088 ], [ 29.942684173583928, -2.498606204986459 ], [ 29.942722320556811, -2.498403310775586 ], [ 29.942873001098803, -2.498244285583382 ], [ 29.943235397338924, -2.498164892196485 ], [ 29.943464279175089, -2.498157978057804 ], [ 29.943683624267749, -2.498087167739754 ], [ 29.943904876709041, -2.498103141784611 ], [ 29.944028854370401, -2.497974872588884 ], [ 29.944231033325195, -2.497908830642587 ], [ 29.944595336914119, -2.497564315795671 ], [ 29.944799423218058, -2.497390270233041 ], [ 29.944957733154411, -2.497266530990544 ], [ 29.945106506347827, -2.497132301330339 ], [ 29.945281982422046, -2.497149944305306 ], [ 29.945558547973633, -2.497299432754517 ], [ 29.945991516113565, -2.49734973907448 ], [ 29.946241378784237, -2.497355937957707 ], [ 29.946418762207202, -2.49725580215437 ], [ 29.946512222290039, -2.497126340865861 ], [ 29.946783065796069, -2.496949911117554 ], [ 29.946994781494368, -2.496832132339364 ], [ 29.947158813476676, -2.496749877929574 ], [ 29.947429656982706, -2.4967262744903 ], [ 29.947666168213061, -2.496620416641235 ], [ 29.948051452636776, -2.496647119521924 ], [ 29.948335647583292, -2.49652624130249 ], [ 29.948747634887638, -2.496502637862932 ], [ 29.949125289917049, -2.496537923812753 ], [ 29.949430465698413, -2.49660849571228 ], [ 29.949607849121378, -2.496561527252027 ], [ 29.950191497802734, -2.496470212936288 ], [ 29.95042800903343, -2.496320247650146 ], [ 29.950632095337028, -2.496326446533203 ], [ 29.950778961181697, -2.496214151382333 ], [ 29.950813293457202, -2.495994567871094 ], [ 29.95096588134777, -2.495719909667969 ], [ 29.951066970825366, -2.495340585708618 ], [ 29.951265335083178, -2.494748115539323 ], [ 29.951448440551928, -2.49427127838112 ], [ 29.951915740966854, -2.493614912033024 ], [ 29.952383041382063, -2.492881536483651 ], [ 29.952432632446289, -2.492777585983276 ], [ 29.952554702758732, -2.492533445358276 ], [ 29.952831268310717, -2.491918802261353 ], [ 29.953023910522575, -2.491629600524902 ], [ 29.953445434570426, -2.491509199142286 ], [ 29.953771591186808, -2.491509199142286 ], [ 29.954084396362362, -2.491497039794808 ], [ 29.954397201538256, -2.491435766219979 ], [ 29.954940795898722, -2.490846395492554 ], [ 29.955589294433764, -2.490231037139893 ], [ 29.955783843994197, -2.489557266235352 ], [ 29.956085205078409, -2.489533185958805 ], [ 29.956434249878214, -2.489738941192456 ], [ 29.956773757934741, -2.489939689636117 ], [ 29.957019805908374, -2.490104198455754 ], [ 29.957302093505916, -2.490143060684204 ], [ 29.959016799927042, -2.490009784698486 ], [ 29.959489822387695, -2.489804267883187 ], [ 29.959585189819336, -2.489698648452645 ], [ 29.959831237793026, -2.489424705505314 ], [ 29.960807800293026, -2.489099264144784 ], [ 29.961446762085131, -2.489164352416879 ], [ 29.961904525756893, -2.489412546157723 ], [ 29.96207237243658, -2.489511013030778 ], [ 29.962535858154467, -2.489525794982796 ], [ 29.962570190429972, -2.489526987075806 ], [ 29.963003158569336, -2.489526987075806 ], [ 29.963468551636026, -2.489430665969792 ], [ 29.963903427123967, -2.489318132400285 ], [ 29.964193344116268, -2.489173650741577 ], [ 29.964498519897631, -2.488787889480591 ], [ 29.964931488037166, -2.487856149673291 ], [ 29.96518898010271, -2.48721361160267 ], [ 29.965364456176928, -2.487068891525155 ], [ 29.965654373169002, -2.487068891525155 ], [ 29.965761184692553, -2.487068891525155 ], [ 29.965944290161303, -2.487068891525155 ], [ 29.96626472473173, -2.487020730972176 ], [ 29.966569900512752, -2.486892223357927 ], [ 29.966875076294116, -2.486795902252084 ], [ 29.967197418212947, -2.48641037940979 ], [ 29.967227935791072, -2.486088991164991 ], [ 29.967309951782227, -2.485880136489754 ], [ 29.967437744140625, -2.485655307769548 ], [ 29.967597961425952, -2.485430240630933 ], [ 29.96779060363798, -2.485044717788696 ], [ 29.967840194702205, -2.484530687332153 ], [ 29.967742919922159, -2.484112977981397 ], [ 29.967470169067553, -2.483775615692139 ], [ 29.967390060424805, -2.483566761016789 ], [ 29.967357635498047, -2.483390092849731 ], [ 29.967340469360408, -2.483261585235539 ], [ 29.967325210571346, -2.483052730560189 ], [ 29.967422485351733, -2.482859849929582 ], [ 29.967533111572266, -2.482602834701311 ], [ 29.967597961425952, -2.482442140579224 ], [ 29.967710494995231, -2.482233285903703 ], [ 29.96779060363798, -2.481960296630746 ], [ 29.967870712280558, -2.481703042984009 ], [ 29.967840194702205, -2.48106050491316 ], [ 29.967823028564737, -2.480578660964966 ], [ 29.967903137207315, -2.480192899703979 ], [ 29.967950820923136, -2.479968070983887 ], [ 29.967950820923136, -2.47975921630848 ], [ 29.967927932739485, -2.47967267036438 ], [ 29.967903137207315, -2.479582548141366 ], [ 29.967742919922159, -2.479357481002751 ], [ 29.967645645141772, -2.479100465774536 ], [ 29.967597961425952, -2.478923797607422 ], [ 29.967597961425952, -2.478698968887329 ], [ 29.967710494995231, -2.478554248809814 ], [ 29.967935562133846, -2.478441953658944 ], [ 29.96808052062994, -2.478329420089722 ], [ 29.968145370483569, -2.478104352950936 ], [ 29.968193054199389, -2.4777991771698 ], [ 29.968273162841967, -2.477558135986101 ], [ 29.968563079834041, -2.477285146713143 ], [ 29.96869087219261, -2.477108478546029 ], [ 29.968786239624251, -2.476803064346313 ], [ 29.968803405761776, -2.47657823562605 ], [ 29.968803405761776, -2.476433753967058 ], [ 29.968755722045955, -2.476208686828443 ], [ 29.96869087219261, -2.476047992706185 ], [ 29.968658447265682, -2.475790977477971 ], [ 29.968658447265682, -2.47550177574135 ], [ 29.96869087219261, -2.47529292106617 ], [ 29.968461990356502, -2.474935531615984 ], [ 29.968051910400334, -2.474610328674316 ], [ 29.967546463012923, -2.474345207214242 ], [ 29.967473983764933, -2.474308967590275 ], [ 29.967449188232706, -2.474176406860238 ], [ 29.967426300049112, -2.474031925201416 ], [ 29.967412948608455, -2.473839044570923 ], [ 29.967390060424805, -2.473670482635498 ], [ 29.967376708984489, -2.473489761352539 ], [ 29.967269897460994, -2.473152399062997 ], [ 29.967281341552848, -2.472923278808594 ], [ 29.967245101928768, -2.472754716873169 ], [ 29.967208862304858, -2.472622156143132 ], [ 29.967197418212947, -2.472477436065503 ], [ 29.967136383056811, -2.472393274307024 ], [ 29.967088699340991, -2.472308874130249 ], [ 29.967016220092773, -2.472176313400212 ], [ 29.966932296753214, -2.472055912017765 ], [ 29.966835021972827, -2.471947431564331 ], [ 29.96679878234869, -2.471850872039568 ], [ 29.96676254272478, -2.471706390380689 ], [ 29.96672630310087, -2.471573829650652 ], [ 29.96671485900896, -2.471405267715284 ], [ 29.966690063476562, -2.471284627914201 ], [ 29.966690063476562, -2.471200227737427 ], [ 29.966751098632869, -2.47110390663147 ], [ 29.966823577881087, -2.471020936965772 ], [ 29.9668617248538, -2.470815896987801 ], [ 29.96689796447771, -2.470680236816349 ], [ 29.966917037964151, -2.470490455627271 ], [ 29.966943740844783, -2.470300674438477 ], [ 29.967006683349666, -2.470183372497388 ], [ 29.967088699340991, -2.470038652420044 ], [ 29.967197418212947, -2.469903230666944 ], [ 29.967304229736499, -2.469767570495492 ], [ 29.967369079589957, -2.469595909118652 ], [ 29.967412948608455, -2.469442367553711 ], [ 29.967439651489201, -2.46928858757002 ], [ 29.967439651489201, -2.469144105911028 ], [ 29.967475891113338, -2.468999385833683 ], [ 29.967540740966797, -2.468863964080583 ], [ 29.967557907104663, -2.468692302703744 ], [ 29.967548370361328, -2.468547582626229 ], [ 29.967557907104663, -2.46828556060791 ], [ 29.967584609985636, -2.468104839324724 ], [ 29.967594146728743, -2.467915058135986 ], [ 29.967739105224609, -2.467761516571045 ], [ 29.967927932739485, -2.467643976211548 ], [ 29.968082427978686, -2.467508316039925 ], [ 29.968198776245174, -2.467381954192945 ], [ 29.968290328979435, -2.467002391815186 ], [ 29.968290328979435, -2.466758251190129 ], [ 29.968290328979435, -2.466487169265577 ], [ 29.968290328979435, -2.466360807418823 ], [ 29.968244552612589, -2.466180086135807 ], [ 29.968191146850643, -2.466044425964355 ], [ 29.968198776245174, -2.465872764587346 ], [ 29.968254089355696, -2.465701103210279 ], [ 29.968254089355696, -2.465456962585449 ], [ 29.968254089355696, -2.465249300002938 ], [ 29.968254089355696, -2.465023279189836 ], [ 29.968353271484546, -2.464878797531128 ], [ 29.96843528747587, -2.464743137359392 ], [ 29.968524932861385, -2.464598655700684 ], [ 29.968597412109375, -2.464444875717049 ], [ 29.968614578247241, -2.464246034622022 ], [ 29.96864318847679, -2.464056253433228 ], [ 29.968706130981502, -2.463830471038762 ], [ 29.968759536743278, -2.463604450225716 ], [ 29.968851089477596, -2.463441848754883 ], [ 29.969076156616381, -2.462709903716984 ], [ 29.969264984130859, -2.462483882903939 ], [ 29.96951866149908, -2.462339401244947 ], [ 29.969799041748217, -2.462203741073495 ], [ 29.969980239868164, -2.462131500244027 ], [ 29.970069885254077, -2.462032079696655 ], [ 29.970195770263842, -2.461652517318498 ], [ 29.970359802246321, -2.461417675018254 ], [ 29.970458984375171, -2.461236953735352 ], [ 29.970512390136776, -2.461128473281747 ], [ 29.970521926880053, -2.461047172546273 ], [ 29.970432281494197, -2.460956811904907 ], [ 29.97030448913597, -2.460893392562866 ], [ 29.97016906738304, -2.460757970809937 ], [ 29.97003364562994, -2.460640430450439 ], [ 29.969881057739542, -2.460504770278817 ], [ 29.969673156738224, -2.460324048995801 ], [ 29.969528198242358, -2.460188627242985 ], [ 29.969429016113565, -2.460026025771924 ], [ 29.969301223755167, -2.45987248420704 ], [ 29.969285964966105, -2.459760189056169 ], [ 29.969158172607706, -2.45955133438099 ], [ 29.968980789184741, -2.459294080734253 ], [ 29.968820571899414, -2.459101438522111 ], [ 29.968755722045955, -2.458972930908089 ], [ 29.968755722045955, -2.458683729171753 ], [ 29.96869087219261, -2.458507061004639 ], [ 29.968515396118221, -2.458410501479989 ], [ 29.968450546264933, -2.458346366882324 ], [ 29.968338012695256, -2.458217859268018 ], [ 29.968273162841967, -2.457960844039917 ], [ 29.968193054199389, -2.457783937454224 ], [ 29.96812820434576, -2.457543134689331 ], [ 29.96812820434576, -2.457302093505689 ], [ 29.968112945556641, -2.456884384155217 ], [ 29.968193054199389, -2.456498861312753 ], [ 29.968338012695256, -2.456161499023267 ], [ 29.968338012695256, -2.455888271331787 ], [ 29.968402862549112, -2.455566883086931 ], [ 29.968433380126896, -2.455293893814087 ], [ 29.968402862549112, -2.454972505569458 ], [ 29.968385696411076, -2.454586982726994 ], [ 29.968351364135742, -2.454342365264893 ], [ 29.968326568603572, -2.454257965087834 ], [ 29.968231201171932, -2.45410132408125 ], [ 29.968194961547795, -2.453920602798348 ], [ 29.968194961547795, -2.453643560409546 ], [ 29.968206405639876, -2.453318119048959 ], [ 29.968267440796183, -2.45305323600769 ], [ 29.968290328979435, -2.452812194824219 ], [ 29.968254089355696, -2.452655553817749 ], [ 29.967988967895621, -2.452643394469987 ], [ 29.96761512756359, -2.452583312988168 ], [ 29.967399597168139, -2.452547073364144 ], [ 29.967050552368107, -2.452426671981698 ], [ 29.966928482055664, -2.452257871627808 ], [ 29.966651916504077, -2.451824188232308 ], [ 29.966411590576229, -2.450896263122502 ], [ 29.966157913208008, -2.450703620910531 ], [ 29.96595382690424, -2.450510740280038 ], [ 29.965784072875977, -2.450293779373169 ], [ 29.965747833252067, -2.450113058089983 ], [ 29.965675354003849, -2.449968576431104 ], [ 29.965711593627987, -2.449739694595223 ], [ 29.965747833252067, -2.449534893035661 ], [ 29.965784072875977, -2.44925761222828 ], [ 29.965845108032283, -2.449113130569287 ], [ 29.965892791748104, -2.448944330215454 ], [ 29.965976715088061, -2.448763608932438 ], [ 29.966169357300089, -2.448450326919499 ], [ 29.966314315795955, -2.448341846466064 ], [ 29.966556549072436, -2.448257684707528 ], [ 29.966724395751896, -2.448112964630013 ], [ 29.966964721679972, -2.447932243346997 ], [ 29.967206954956055, -2.447655200958252 ], [ 29.967266082763956, -2.447293758392107 ], [ 29.967290878296183, -2.44712495803833 ], [ 29.967338562012003, -2.446956396102848 ], [ 29.967411041259822, -2.446787595748788 ], [ 29.967508316040096, -2.446438074111825 ], [ 29.967603683471737, -2.446197271346989 ], [ 29.967628479003906, -2.445992469787598 ], [ 29.967628479003906, -2.445799589157104 ], [ 29.96751976013195, -2.445582628250122 ], [ 29.967374801635913, -2.445401906967106 ], [ 29.967229843139705, -2.445305585861092 ], [ 29.967050552368107, -2.445100784301644 ], [ 29.966821670532511, -2.444751262664681 ], [ 29.966749191284293, -2.444546461105233 ], [ 29.966676712036076, -2.444257259368896 ], [ 29.966604232788256, -2.443992137908822 ], [ 29.966579437255859, -2.443715095519963 ], [ 29.96654319763212, -2.443474054336434 ], [ 29.96644783020048, -2.443184852600098 ], [ 29.966255187988452, -2.44295597076399 ], [ 29.966093063354549, -2.442662715911808 ], [ 29.965997695922908, -2.442486047744694 ], [ 29.965787887573526, -2.442325353622323 ], [ 29.965675354003849, -2.442229032516479 ], [ 29.965515136718921, -2.442132711410352 ], [ 29.965370178222713, -2.442004203796387 ], [ 29.965129852294979, -2.441939830779859 ], [ 29.965032577514762, -2.441811323165894 ], [ 29.964889526367301, -2.441634654998779 ], [ 29.964759826660327, -2.441441774368286 ], [ 29.964519500732479, -2.44121694564808 ], [ 29.964422225952433, -2.441008090972787 ], [ 29.964294433594034, -2.44071888923645 ], [ 29.964359283447322, -2.440505266189462 ], [ 29.964544296264648, -2.440248012542725 ], [ 29.964708328247355, -2.440082788467407 ], [ 29.964818954468058, -2.439935922622681 ], [ 29.965002059936808, -2.439697027206307 ], [ 29.965057373047159, -2.439568519592285 ], [ 29.96507644653326, -2.439421415328809 ], [ 29.96507644653326, -2.439311265945264 ], [ 29.9649658203125, -2.439145803451311 ], [ 29.964763641357706, -2.43896222114563 ], [ 29.964561462402514, -2.438778400421029 ], [ 29.96439552307146, -2.438631534576302 ], [ 29.964157104492358, -2.438503026962167 ], [ 29.96384620666521, -2.438503026962167 ], [ 29.963624954223576, -2.438503026962167 ], [ 29.96336746215826, -2.438337564468327 ], [ 29.963201522827148, -2.43800687789917 ], [ 29.963201522827148, -2.437860012054443 ], [ 29.96303749084484, -2.437474250793457 ], [ 29.963018417358398, -2.437253713607788 ], [ 29.962907791137695, -2.436923265456983 ], [ 29.962846755981559, -2.436635732650529 ], [ 29.962688446045206, -2.436372041702271 ], [ 29.962614059448413, -2.436170101165601 ], [ 29.962558746338061, -2.435949563979932 ], [ 29.962541580200195, -2.435747623443376 ], [ 29.962577819824503, -2.435563802719059 ], [ 29.962724685668945, -2.43526983261097 ], [ 29.962825775146712, -2.435128688812199 ], [ 29.962825775146712, -2.435027837753125 ], [ 29.962802886962947, -2.434896230697575 ], [ 29.962709426880053, -2.434655904769784 ], [ 29.962623596191349, -2.434469938277971 ], [ 29.962522506714151, -2.434198617934953 ], [ 29.962476730346737, -2.433919668197632 ], [ 29.962375640869311, -2.433633089065381 ], [ 29.962306976318644, -2.433446884155046 ], [ 29.962198257446516, -2.433175802230778 ], [ 29.962182998657283, -2.433067321777344 ], [ 29.962182998657283, -2.43290448188759 ], [ 29.962205886841048, -2.432617664336988 ], [ 29.962190628051815, -2.432408571243286 ], [ 29.962182998657283, -2.432145118713265 ], [ 29.96223640441923, -2.432013273239022 ], [ 29.962314605713004, -2.431904792785531 ], [ 29.962329864501896, -2.4317653179167 ], [ 29.962266921997184, -2.43160247802723 ], [ 29.962127685546932, -2.431478500366211 ], [ 29.962066650390796, -2.431362390518075 ], [ 29.962066650390796, -2.431238412856942 ], [ 29.962003707885685, -2.430897235870191 ], [ 29.961980819702262, -2.430626153945923 ], [ 29.96196556091337, -2.430370330810433 ], [ 29.961910247803019, -2.430246353149414 ], [ 29.961755752563647, -2.429765939712524 ], [ 29.961593627929744, -2.428587913513184 ], [ 29.961383819580021, -2.428502559661752 ], [ 29.961290359497355, -2.42839407920826 ], [ 29.96124458313011, -2.428169488906747 ], [ 29.961282730102823, -2.428030014037972 ], [ 29.961368560791129, -2.427890539169312 ], [ 29.961500167846737, -2.427820682525635 ], [ 29.961601257324276, -2.427743196487427 ], [ 29.961639404297159, -2.42768120765686 ], [ 29.961654663086051, -2.427564859390202 ], [ 29.961624145508097, -2.427332401275578 ], [ 29.961555480957088, -2.427169799804517 ], [ 29.961545944213924, -2.426937103271371 ], [ 29.961545944213924, -2.42679762840271 ], [ 29.961563110351619, -2.426642656326294 ], [ 29.961631774902628, -2.426549673080331 ], [ 29.96168708801298, -2.426402568817082 ], [ 29.96168708801298, -2.426294088363647 ], [ 29.961578369140852, -2.426193237304688 ], [ 29.961399078369311, -2.426014900207292 ], [ 29.961290359497355, -2.425813436508179 ], [ 29.961042404174748, -2.425441503524667 ], [ 29.961027145385856, -2.424519300460702 ], [ 29.961057662964038, -2.424402952194214 ], [ 29.961090087890568, -2.424286842346078 ], [ 29.961158752441406, -2.424139499664193 ], [ 29.961267471313533, -2.423992395401001 ], [ 29.9614391326906, -2.423922538757324 ], [ 29.961616516113565, -2.423907041549569 ], [ 29.96177864074707, -2.423852920532227 ], [ 29.96196556091337, -2.423775196075269 ], [ 29.962066650390796, -2.423589229583683 ], [ 29.962120056152401, -2.423287153243905 ], [ 29.961973190307901, -2.422969341278019 ], [ 29.961894989013956, -2.422821998596191 ], [ 29.96184158325201, -2.422674894332886 ], [ 29.96177864074707, -2.422550916671753 ], [ 29.96169471740734, -2.422450065612793 ], [ 29.961578369140852, -2.42232608795149 ], [ 29.961484909057617, -2.422194480895939 ], [ 29.961360931396598, -2.421961784362566 ], [ 29.961353302002237, -2.421814680099487 ], [ 29.961353302002237, -2.421659708023071 ], [ 29.961353302002237, -2.421520233154297 ], [ 29.961360931396598, -2.420876979827653 ], [ 29.961477279663086, -2.420783996581974 ], [ 29.961507797241268, -2.420660018920842 ], [ 29.96152305603033, -2.420543670654183 ], [ 29.961492538452148, -2.420404195785522 ], [ 29.961406707763842, -2.420249223709106 ], [ 29.961330413818644, -2.42009425163269 ], [ 29.961229324340877, -2.41993141174305 ], [ 29.961143493652344, -2.41979193687439 ], [ 29.961090087890568, -2.419660091400146 ], [ 29.961042404174748, -2.419520616531258 ], [ 29.961034774780387, -2.419458627700749 ], [ 29.961112976074389, -2.418962717056274 ], [ 29.961214065551815, -2.418234348297119 ], [ 29.961360931396598, -2.417405128478777 ], [ 29.96139144897478, -2.416800498962289 ], [ 29.961500167846737, -2.416219234466553 ], [ 29.96164703369152, -2.415769815444833 ], [ 29.961864471435774, -2.415444374084473 ], [ 29.961996078491154, -2.415266036987305 ], [ 29.962059020996264, -2.415134429931641 ], [ 29.962074279785327, -2.414917469024545 ], [ 29.962074279785327, -2.41473126411438 ], [ 29.962034225464038, -2.414467811584359 ], [ 29.96191787719755, -2.414188861846924 ], [ 29.961469650268725, -2.413142681121769 ], [ 29.961090087890568, -2.412685394287109 ], [ 29.960601806640682, -2.411918163299561 ], [ 29.960414886474723, -2.411127805709725 ], [ 29.960369110107706, -2.410221099853345 ], [ 29.960245132446289, -2.4096164703368 ], [ 29.959873199463061, -2.408585786819231 ], [ 29.959779739380167, -2.408330202102434 ], [ 29.959764480591105, -2.408190488815308 ], [ 29.959749221802042, -2.40802788734436 ], [ 29.959709167480753, -2.407865047454834 ], [ 29.959655761718807, -2.407679080962964 ], [ 29.959640502929744, -2.407555103302002 ], [ 29.959602355957202, -2.4070591926573 ], [ 29.959321975708065, -2.406183481216431 ], [ 29.959245681762866, -2.405912160873413 ], [ 29.959190368652287, -2.405733823776188 ], [ 29.959121704101619, -2.405547857284546 ], [ 29.959058761596907, -2.405361890792619 ], [ 29.958950042724609, -2.405191421508732 ], [ 29.958848953247013, -2.405020952224618 ], [ 29.958765029907454, -2.404912471771183 ], [ 29.958633422851733, -2.404796123504525 ], [ 29.958454132080135, -2.404579162597656 ], [ 29.958366394043253, -2.404438495635873 ], [ 29.958173751831168, -2.40417289733864 ], [ 29.958028793335131, -2.403988122939836 ], [ 29.957948684692383, -2.403891563415527 ], [ 29.957786560058651, -2.403650283813477 ], [ 29.957698822021769, -2.403473138809034 ], [ 29.957641601562614, -2.403304338455087 ], [ 29.957561492919865, -2.403046846389714 ], [ 29.957473754882756, -2.402813673019295 ], [ 29.957376480102539, -2.402572393417131 ], [ 29.957344055175781, -2.402419567108041 ], [ 29.957208633422908, -2.402170181274187 ], [ 29.957143783569563, -2.401993274688721 ], [ 29.957056045532454, -2.401824235916024 ], [ 29.95686149597185, -2.401591062545663 ], [ 29.956773757934741, -2.401446104049626 ], [ 29.956548690795955, -2.400971651077157 ], [ 29.956098556518725, -2.399813413619825 ], [ 29.95604133605957, -2.399660348892098 ], [ 29.95594596862793, -2.399459362029916 ], [ 29.955896377563533, -2.399242162704468 ], [ 29.955791473388956, -2.398984909057447 ], [ 29.955711364746378, -2.398751497268677 ], [ 29.955606460571232, -2.398566484451294 ], [ 29.955511093139592, -2.398357391357422 ], [ 29.955421447753906, -2.398172378539925 ], [ 29.955301284790096, -2.397955179214364 ], [ 29.955278396606445, -2.397722005843946 ], [ 29.955121994018668, -2.397138833999577 ], [ 29.954839706420955, -2.397380828857195 ], [ 29.955072402954272, -2.397089481353589 ], [ 29.955032348632983, -2.396909236907732 ], [ 29.954999923706055, -2.396688699722063 ], [ 29.954818725586108, -2.395933866500684 ], [ 29.954879760742244, -2.394764661788827 ], [ 29.954898834228459, -2.394377231597787 ], [ 29.954879760742244, -2.394160985946542 ], [ 29.954895019531307, -2.394098281860352 ], [ 29.954925537109432, -2.393983125686646 ], [ 29.954965591430721, -2.393341779708749 ], [ 29.954839706420955, -2.392139196395817 ], [ 29.954711914062727, -2.391564846038648 ], [ 29.954618453979492, -2.391016960144043 ], [ 29.954664230346907, -2.390328884124528 ], [ 29.954706192016602, -2.389923334121704 ], [ 29.954710006714151, -2.389885425567513 ], [ 29.954730987548999, -2.389674663543531 ], [ 29.95468711853033, -2.389587163925057 ], [ 29.954538345336971, -2.389286756515446 ], [ 29.954170227051065, -2.388745546340772 ], [ 29.953870773315487, -2.388030767440796 ], [ 29.953603744506779, -2.387669801711866 ], [ 29.953374862671183, -2.38756322860695 ], [ 29.953048706054972, -2.38727593421936 ], [ 29.952880859375114, -2.386691570281982 ], [ 29.952777862548942, -2.386472702026367 ], [ 29.952386856079272, -2.386026620864754 ], [ 29.952146530151367, -2.385552406310808 ], [ 29.952072143554972, -2.385044574737549 ], [ 29.952291488647631, -2.384521484375 ], [ 29.952373504638956, -2.384029150009155 ], [ 29.952186584472656, -2.383514881134033 ], [ 29.95213699340843, -2.383333921432495 ], [ 29.952127456665323, -2.383300065994263 ], [ 29.952058792114315, -2.383047103881836 ], [ 29.951601028442326, -2.382483005523682 ], [ 29.951217651367358, -2.382165431976318 ], [ 29.950864791870174, -2.381697654724007 ], [ 29.950595855712947, -2.380688905715942 ], [ 29.950542449951342, -2.380134344100725 ], [ 29.950233459472827, -2.379207134246826 ], [ 29.950222015380916, -2.379172563552743 ], [ 29.949241638183878, -2.378382682800293 ], [ 29.949096679687671, -2.3782763481139 ], [ 29.948150634765796, -2.377577304839861 ], [ 29.947870254516658, -2.377435445785409 ], [ 29.947803497314737, -2.377081394195557 ], [ 29.947824478149585, -2.376279830932617 ], [ 29.947484970092887, -2.375631093978654 ], [ 29.947229385376147, -2.375317811965829 ], [ 29.946601867675724, -2.374830007553044 ], [ 29.946372985840128, -2.374658823013078 ], [ 29.946073532104549, -2.374435901641732 ], [ 29.945566177368164, -2.373975038528329 ], [ 29.944911956787166, -2.373714447021371 ], [ 29.944356918335018, -2.373433828353768 ], [ 29.944309234619197, -2.373356580734196 ], [ 29.94406890869169, -2.372966289520264 ], [ 29.943902969360408, -2.372264862060376 ], [ 29.943889617919922, -2.371777057647648 ], [ 29.943668365478686, -2.370895385742074 ], [ 29.943529129028377, -2.369993448257333 ], [ 29.943641662597713, -2.369746208190918 ], [ 29.943876266479435, -2.369532585144043 ], [ 29.944089889526538, -2.369091510772705 ], [ 29.944211959839151, -2.368624448776131 ], [ 29.944164276123331, -2.368256568908521 ], [ 29.944082260132006, -2.367702007293587 ], [ 29.943836212158146, -2.367241144180241 ], [ 29.943729400634822, -2.366766691207772 ], [ 29.943796157837085, -2.366225719451847 ], [ 29.944366455078125, -2.365461587905884 ], [ 29.94422912597679, -2.36481785774231 ], [ 29.944147109985465, -2.364427804946843 ], [ 29.944295883178881, -2.364231109619084 ], [ 29.944728851318644, -2.363631486892587 ], [ 29.946039199829386, -2.363192319869825 ], [ 29.946331024170092, -2.362533330917358 ], [ 29.946331024170092, -2.361654996871948 ], [ 29.947132110595703, -2.361069440841675 ], [ 29.947931289673136, -2.360849857330152 ], [ 29.948150634765796, -2.358836650848275 ], [ 29.948732376098746, -2.358543872833081 ], [ 29.949605941772404, -2.357738494872876 ], [ 29.950305938720817, -2.357386112212907 ], [ 29.950624465942667, -2.357226133346444 ], [ 29.951862335205249, -2.355762004852068 ], [ 29.952548980713175, -2.355284214019662 ], [ 29.952808380127124, -2.35510325431801 ], [ 29.953390121460245, -2.353639125823861 ], [ 29.954118728637866, -2.351955413818132 ], [ 29.95455551147478, -2.35078406333912 ], [ 29.955938339233569, -2.350418090820312 ], [ 29.956811904907227, -2.349832534789925 ], [ 29.957147598266772, -2.349087953567391 ], [ 29.957176208496151, -2.349027156829777 ], [ 29.957176208496151, -2.347746133804321 ], [ 29.957321166992358, -2.347014188766252 ], [ 29.957466125488224, -2.34584283828724 ], [ 29.957176208496151, -2.344817876815739 ], [ 29.956739425659237, -2.34401273727417 ], [ 29.956712722778605, -2.343822717666512 ], [ 29.95663070678728, -2.343805789947453 ], [ 29.956628799438477, -2.343776226043701 ], [ 29.95661544799799, -2.343481540679932 ], [ 29.956592559814567, -2.342987775802499 ], [ 29.956560134887638, -2.342462301254272 ], [ 29.956277847290096, -2.342043876647722 ], [ 29.956125259399698, -2.341220378875732 ], [ 29.955402374267635, -2.339976072311288 ], [ 29.955314636230753, -2.339824438095093 ], [ 29.955301284790096, -2.339042663574105 ], [ 29.955284118652571, -2.338156223296949 ], [ 29.955175399780444, -2.337451457977068 ], [ 29.955608367920206, -2.336976766586076 ], [ 29.956083297729435, -2.336460351943799 ], [ 29.956352233886889, -2.335916519164812 ], [ 29.956209182739428, -2.335287809371721 ], [ 29.956193923950366, -2.334966897964478 ], [ 29.955860137939624, -2.334338665008545 ], [ 29.955760955810774, -2.333557128906136 ], [ 29.955844879150334, -2.332314729690438 ], [ 29.955663681030558, -2.33128190040577 ], [ 29.95557975769043, -2.330807209014779 ], [ 29.955673217773665, -2.330448627471924 ], [ 29.955844879150334, -2.329788208007812 ], [ 29.956125259399698, -2.329327583312988 ], [ 29.957283020019474, -2.328811168670654 ], [ 29.958148956298999, -2.328210830688477 ], [ 29.958921432495401, -2.327433824539185 ], [ 29.95921707153326, -2.326900959014779 ], [ 29.959877014160213, -2.326840162277051 ], [ 29.960634231567383, -2.327234745025521 ], [ 29.961500167846737, -2.32768702507019 ], [ 29.962009429931641, -2.328076839446908 ], [ 29.962087631225643, -2.328089237213021 ], [ 29.962469100952205, -2.328149795532227 ], [ 29.962556838989315, -2.32823824882496 ], [ 29.962856292724894, -2.328539371490479 ], [ 29.963121414184627, -2.328618288040161 ], [ 29.963510513305721, -2.328734159469377 ], [ 29.963830947876147, -2.32898116111744 ], [ 29.963920593262003, -2.329050779342481 ], [ 29.964962005615519, -2.32944035530079 ], [ 29.96590614318842, -2.329927444458008 ], [ 29.966249465942667, -2.330120325088501 ], [ 29.966512680053768, -2.330268383026066 ], [ 29.967866897583008, -2.330877304077148 ], [ 29.968183517456112, -2.331036567687988 ], [ 29.968448638916186, -2.33116960525507 ], [ 29.969501495361555, -2.331547021865845 ], [ 29.970640182495117, -2.332131385803223 ], [ 29.970903396606616, -2.332223653793221 ], [ 29.97160720825201, -2.332470417022705 ], [ 29.971752166748104, -2.33252120017994 ], [ 29.973834991455078, -2.333348989486524 ], [ 29.974754333496151, -2.333714246749651 ], [ 29.974809646606502, -2.333704471587907 ], [ 29.975175857544173, -2.333843946456909 ], [ 29.975625991821403, -2.333982229232674 ], [ 29.975860595703182, -2.33406400680542 ], [ 29.976884841919173, -2.334420680999699 ], [ 29.977682113647631, -2.334735870361328 ], [ 29.97798156738304, -2.334854364395028 ], [ 29.979333877563533, -2.33525276184082 ], [ 29.980588912963924, -2.335584878921395 ], [ 29.981279373169173, -2.335824728012028 ], [ 29.981325149536417, -2.335840463638135 ], [ 29.981382369995174, -2.335860729217529 ], [ 29.981512069702148, -2.335905551910287 ], [ 29.981544494629077, -2.335916757583561 ], [ 29.983030319213867, -2.336348295211678 ], [ 29.983282089233626, -2.336462259292603 ], [ 29.983619689941577, -2.336614131927433 ], [ 29.983987808227823, -2.336780071258318 ], [ 29.984569549560774, -2.33713340759266 ], [ 29.984630584716911, -2.33717036247242 ], [ 29.98521995544462, -2.337528944015276 ], [ 29.985570907593001, -2.3377428054809 ], [ 29.985605239868164, -2.337908744811841 ], [ 29.986230850219954, -2.338439941406136 ], [ 29.986297607422046, -2.338476419448739 ], [ 29.987123489380053, -2.338937997817993 ], [ 29.987466812133732, -2.339137315750008 ], [ 29.987981796264819, -2.339435815811044 ], [ 29.98857498168968, -2.339834213256836 ], [ 29.989004135132063, -2.34000015258772 ], [ 29.989141464233398, -2.340103387832528 ], [ 29.98924446105957, -2.340182304382324 ], [ 29.989330291748274, -2.340245723724365 ], [ 29.989795684814396, -2.340597867965641 ], [ 29.99068641662609, -2.341328144073486 ], [ 29.991111755371151, -2.341470479965096 ], [ 29.991874694824276, -2.341726541518995 ], [ 29.992622375488281, -2.34210276603676 ], [ 29.992864608764933, -2.342224597930908 ], [ 29.993103027344034, -2.342288255691301 ], [ 29.993856430053654, -2.3424901962278 ], [ 29.994388580322436, -2.342677593231201 ], [ 29.994516372680607, -2.342722654342424 ], [ 29.995229721069506, -2.342988729476701 ], [ 29.995407104492301, -2.343054533004761 ], [ 29.995626449584961, -2.343120098114014 ], [ 29.995748519897575, -2.343156814575082 ], [ 29.996631622314737, -2.343421459197828 ], [ 29.997287750244141, -2.343718528747559 ], [ 29.997732162475586, -2.343827009200936 ], [ 29.99801254272478, -2.343895435333252 ], [ 29.998376846313647, -2.34398412704445 ], [ 29.999334335327433, -2.344349384307748 ], [ 29.999732971191634, -2.344436407089177 ], [ 30.000093460083178, -2.344515323638916 ], [ 30.000543594360579, -2.344583749770948 ], [ 30.000793457031421, -2.344621896743547 ], [ 30.001182556152514, -2.344681262969857 ], [ 30.001369476318416, -2.344788074493351 ], [ 30.00194168090826, -2.345112800597917 ], [ 30.002832412719954, -2.345312118530273 ], [ 30.003309249878157, -2.345258712768441 ], [ 30.004020690918139, -2.345179319381657 ], [ 30.004312515258789, -2.345143795013314 ], [ 30.005109786987248, -2.345046520232984 ], [ 30.005670547485408, -2.345008850097543 ], [ 30.006099700927791, -2.344980001449528 ], [ 30.006774902343807, -2.344864606857129 ], [ 30.007013320922908, -2.344823598861581 ], [ 30.007652282715014, -2.344714403152409 ], [ 30.008508682250977, -2.344648122787476 ], [ 30.009565353393612, -2.344515323638916 ], [ 30.009765625000171, -2.344489336013794 ], [ 30.009828567504883, -2.344480991363298 ], [ 30.010589599609432, -2.344382524490243 ], [ 30.011545181274414, -2.344216346740609 ], [ 30.012338638305721, -2.344183206558228 ], [ 30.012742996216048, -2.344166994094849 ], [ 30.013162612915323, -2.344150066375619 ], [ 30.013637542724553, -2.34416842460621 ], [ 30.013854980468807, -2.344176769256592 ], [ 30.014020919800089, -2.344179868698006 ], [ 30.014274597168253, -2.344169616699219 ], [ 30.014680862427042, -2.344153165817033 ], [ 30.014854431152628, -2.344156026840096 ], [ 30.015344619751147, -2.344172954559326 ], [ 30.0156383514406, -2.344183206558228 ], [ 30.015617370605753, -2.343971490859929 ], [ 30.01698112487793, -2.343966484069824 ], [ 30.017534255981502, -2.344026327133122 ], [ 30.01769828796381, -2.344039440154916 ], [ 30.018125534057617, -2.344074010848942 ], [ 30.018379211425781, -2.344117879867554 ], [ 30.019403457641658, -2.344228744506836 ], [ 30.020002365112475, -2.344439268111955 ], [ 30.020320892333928, -2.344507932662907 ], [ 30.020488739013786, -2.344544649124146 ], [ 30.020690917968807, -2.344612598419189 ], [ 30.021114349365405, -2.344755172729265 ], [ 30.021261215210245, -2.344804286956617 ], [ 30.021532058715877, -2.344946384429932 ], [ 30.02170562744169, -2.345036506652718 ], [ 30.021774291992358, -2.345060586929151 ], [ 30.022617340088061, -2.345410108566114 ], [ 30.022846221923828, -2.345484972000122 ], [ 30.023618698120288, -2.345791578292676 ], [ 30.024482727050781, -2.346094846725464 ], [ 30.024898529052678, -2.346241235733032 ], [ 30.025440216064737, -2.346513032913094 ], [ 30.025711059570597, -2.346650123596078 ], [ 30.026483535766829, -2.347038507461548 ], [ 30.026622772216967, -2.347112894058114 ], [ 30.026697158813761, -2.347152948379403 ], [ 30.027143478393782, -2.3473925590514 ], [ 30.027399063110408, -2.347528934478589 ], [ 30.028129577636776, -2.347897052764665 ], [ 30.028162002563533, -2.347911596298104 ], [ 30.028535842895508, -2.34808087348938 ], [ 30.028875350952205, -2.348269462585336 ], [ 30.029436111450366, -2.348581790923845 ], [ 30.029495239257869, -2.348613977432251 ], [ 30.03009223937994, -2.348888397216797 ], [ 30.030162811279354, -2.34893012046814 ], [ 30.030965805053938, -2.349399566650277 ], [ 30.032205581665266, -2.350176334381047 ], [ 30.032361984253043, -2.350271463394051 ], [ 30.033445358276595, -2.350932598114014 ], [ 30.034730911255167, -2.351828098296892 ], [ 30.035429000854435, -2.352285385131665 ], [ 30.035985946655387, -2.352649688720589 ], [ 30.036010742187784, -2.352665901183968 ], [ 30.036516189575366, -2.352993249892961 ], [ 30.036838531494197, -2.353201627731323 ], [ 30.036897659301928, -2.353252410888558 ], [ 30.036981582641658, -2.353324174880754 ], [ 30.037321090698356, -2.353655815124398 ], [ 30.037611007690487, -2.353937625884896 ], [ 30.03794097900402, -2.354148864745866 ], [ 30.038505554199503, -2.35450983047474 ], [ 30.03941917419445, -2.35540938377369 ], [ 30.040451049804858, -2.356220722198373 ], [ 30.041107177734432, -2.35673713684065 ], [ 30.042102813720874, -2.357631683349609 ], [ 30.042932510376261, -2.358341932296639 ], [ 30.04378890991228, -2.359272956848145 ], [ 30.044595718384016, -2.359981536865121 ], [ 30.044870376586857, -2.360222578048479 ], [ 30.045688629150334, -2.361190795898438 ], [ 30.046030044555835, -2.361684560775643 ], [ 30.046897888183878, -2.362941741943246 ], [ 30.046970367431925, -2.363067388534432 ], [ 30.047117233276367, -2.363317966461182 ], [ 30.047599792480696, -2.364139080047607 ], [ 30.047719955444393, -2.364343166351318 ], [ 30.047737121582031, -2.364372730255013 ], [ 30.047945022583178, -2.364726543426286 ], [ 30.048347473144588, -2.3654687404632 ], [ 30.048667907715014, -2.366059541702157 ], [ 30.049785614013729, -2.368001699447404 ], [ 30.050441741943473, -2.369062900543156 ], [ 30.050659179687727, -2.369412183761597 ], [ 30.051343917846737, -2.370391845702898 ], [ 30.051767349243335, -2.370996475219613 ], [ 30.052864074707202, -2.372591018676758 ], [ 30.053550720215128, -2.37351751327509 ], [ 30.053819656372184, -2.373878717422258 ], [ 30.05478477478033, -2.375258684158098 ], [ 30.056015014648494, -2.377006292343026 ], [ 30.056989669799748, -2.378743886947461 ], [ 30.057153701782283, -2.379156112670842 ], [ 30.057182312012003, -2.379205703735238 ], [ 30.057527542114258, -2.379799365997314 ], [ 30.057538986206168, -2.379829168319702 ], [ 30.057762145996378, -2.38041877746565 ], [ 30.057857513428019, -2.380672216415235 ], [ 30.057985305786417, -2.381006956100464 ], [ 30.05835151672369, -2.381708145141602 ], [ 30.059783935546932, -2.385472774505502 ], [ 30.060068130493221, -2.386735916137582 ], [ 30.060344696045206, -2.387963294982683 ], [ 30.060413360595874, -2.388242959976196 ], [ 30.060604095459155, -2.389011383056641 ], [ 30.060647964477823, -2.389189958572274 ], [ 30.060863494873274, -2.38998556137085 ], [ 30.061117172241268, -2.39092755317688 ], [ 30.06128311157255, -2.39127945899952 ], [ 30.061563491821346, -2.391867876052743 ], [ 30.061758041381779, -2.392210006713754 ], [ 30.062376022338867, -2.39329886436451 ], [ 30.063417434692553, -2.394250631332397 ], [ 30.063840866088981, -2.394566297531014 ], [ 30.064395904541186, -2.394978761672746 ], [ 30.06490516662592, -2.395318269729614 ], [ 30.065526962280558, -2.395731449127197 ], [ 30.066278457641772, -2.396221876144409 ], [ 30.06643104553217, -2.396337747573625 ], [ 30.067131042480582, -2.396871089935189 ], [ 30.067792892456112, -2.397192955016976 ], [ 30.068346023559741, -2.397569179534855 ], [ 30.068576957504945, -2.397758630901023 ], [ 30.068603515625057, -2.397780418395939 ], [ 30.068613991687073, -2.397770770798274 ], [ 30.068675206963292, -2.39779083731878 ], [ 30.068722637538315, -2.397786525448225 ], [ 30.069643020630167, -2.398541212081909 ], [ 30.071126937866381, -2.399420261382943 ], [ 30.071794509887866, -2.399853944778442 ], [ 30.072353363037394, -2.400216579437085 ], [ 30.072385787964151, -2.40023851394642 ], [ 30.072954177856616, -2.400631904601937 ], [ 30.073213577270735, -2.400863647460938 ], [ 30.073326110839901, -2.40096378326399 ], [ 30.07370567321783, -2.401302099227678 ], [ 30.075025558471907, -2.40275049209572 ], [ 30.076559066772518, -2.404024600982666 ], [ 30.076715469360465, -2.40415358543396 ], [ 30.078681945800838, -2.405942440032902 ], [ 30.079864501953409, -2.407102108001709 ], [ 30.081027984619141, -2.408801078796159 ], [ 30.081048965454158, -2.40883016586281 ], [ 30.081806182861385, -2.40960860252369 ], [ 30.081987380981673, -2.409796476363908 ], [ 30.083122253418253, -2.410971641540414 ], [ 30.083248138427848, -2.4111008644104 ], [ 30.084482192993221, -2.412389278411638 ], [ 30.084693908691349, -2.41253399848938 ], [ 30.085405349731502, -2.413228988647234 ], [ 30.08591651916521, -2.413786411285344 ], [ 30.08613586425804, -2.414026260375977 ], [ 30.086339950561637, -2.414222240447771 ], [ 30.087131500244141, -2.414987087249756 ], [ 30.088859558105753, -2.416581392288208 ], [ 30.089836120605412, -2.417399168014299 ], [ 30.090810775756836, -2.418277978897095 ], [ 30.092254638671932, -2.41944313049305 ], [ 30.092672348022631, -2.419758319854736 ], [ 30.093408584594783, -2.420314073562622 ], [ 30.093555450439396, -2.42042422294611 ], [ 30.094255447387809, -2.420997858047485 ], [ 30.094753265380859, -2.421405553817749 ], [ 30.095277786254883, -2.421817302703687 ], [ 30.095781326294059, -2.422212839126416 ], [ 30.096082687377873, -2.422528505325204 ], [ 30.09633064270048, -2.422787666320801 ], [ 30.096582412719897, -2.422975301742497 ], [ 30.096971511840991, -2.423265695571729 ], [ 30.09726715087902, -2.423396587371712 ], [ 30.097549438476619, -2.42352104187006 ], [ 30.09764480590826, -2.423542261123544 ], [ 30.098564147949503, -2.42374587059021 ], [ 30.09862136840843, -2.42375802993763 ], [ 30.09903526306158, -2.42384934425354 ], [ 30.099533081054972, -2.423935413360425 ], [ 30.09966087341337, -2.423940420150757 ], [ 30.100395202636719, -2.423970699310246 ], [ 30.101066589355753, -2.424051761627197 ], [ 30.101409912109432, -2.424093246459904 ], [ 30.101654052734489, -2.424072742462045 ], [ 30.101900100707951, -2.424112558364868 ], [ 30.102285385131893, -2.424174785614014 ], [ 30.10288429260271, -2.424311399459839 ], [ 30.103042602539233, -2.424347639083862 ], [ 30.103124618530387, -2.424367427825871 ], [ 30.104703903198413, -2.424746990203857 ], [ 30.105113983154524, -2.42492771148676 ], [ 30.105354309082031, -2.425033330917358 ], [ 30.105861663818416, -2.425258159637394 ], [ 30.106897354126147, -2.425769090652295 ], [ 30.107446670532397, -2.426095962524357 ], [ 30.107583999634073, -2.426162481307813 ], [ 30.108423233032397, -2.426566123962289 ], [ 30.109580993652401, -2.427220344543287 ], [ 30.110557556152401, -2.42779254913313 ], [ 30.111652374267862, -2.428643941879159 ], [ 30.111688613891602, -2.428672075271493 ], [ 30.113029479980696, -2.42931866645813 ], [ 30.113311767578296, -2.429454803466626 ], [ 30.113882064819336, -2.429812192916756 ], [ 30.114171981811808, -2.429992675781136 ], [ 30.114353179931584, -2.430171489715462 ], [ 30.11500740051298, -2.430817604064771 ], [ 30.115486145019588, -2.431172609329224 ], [ 30.11590766906744, -2.431484937667733 ], [ 30.116018295288143, -2.431567430496216 ], [ 30.116247177124308, -2.431737422943002 ], [ 30.116846084594727, -2.43224358558632 ], [ 30.117141723632983, -2.432493686676025 ], [ 30.118503570556925, -2.433434009551888 ], [ 30.119541168213061, -2.434047222137394 ], [ 30.119987487793139, -2.434272050857544 ], [ 30.120227813720987, -2.434389829635506 ], [ 30.120738983154354, -2.434639930725041 ], [ 30.12181663513195, -2.435293912887403 ], [ 30.122285842895792, -2.435464620590153 ], [ 30.122995376587141, -2.435723066329786 ], [ 30.123022079467944, -2.435744047164917 ], [ 30.12321853637701, -2.435907125473022 ], [ 30.123601913452148, -2.436062812805005 ], [ 30.124073028564396, -2.436254501342773 ], [ 30.12523078918457, -2.436724662780648 ], [ 30.126735687255973, -2.437133312225228 ], [ 30.127708435058821, -2.437325954437256 ], [ 30.128076553344897, -2.437398910522461 ], [ 30.128595352172965, -2.43745493888855 ], [ 30.129783630371151, -2.437582731246778 ], [ 30.1306285858156, -2.437654256820508 ], [ 30.131786346435604, -2.437695026397648 ], [ 30.132061004638956, -2.437700271606332 ], [ 30.132369995117131, -2.437706232070809 ], [ 30.132843017578182, -2.437715291976701 ], [ 30.133554458618278, -2.437735795974618 ], [ 30.133663177490234, -2.437739610671883 ], [ 30.134080886841105, -2.437753915786629 ], [ 30.134733200073299, -2.437776565551758 ], [ 30.135627746582202, -2.437863349914551 ], [ 30.135993957519474, -2.437899112701416 ], [ 30.137172698974666, -2.437612771987801 ], [ 30.138124465942496, -2.437424898147583 ], [ 30.138252258301065, -2.437386751174699 ], [ 30.138505935669059, -2.437259912490788 ], [ 30.138545989990519, -2.43723988533003 ], [ 30.139865875244425, -2.436580181121826 ], [ 30.140623092651424, -2.436231613159066 ], [ 30.140800476074389, -2.436150789260637 ], [ 30.141607284545955, -2.435715198516732 ], [ 30.142507553100643, -2.435230493545362 ], [ 30.142890930175952, -2.434982299804574 ], [ 30.14342117309576, -2.434637784957886 ], [ 30.144336700439624, -2.434106111526376 ], [ 30.14479255676298, -2.433845996856689 ], [ 30.145320892334041, -2.433543920516854 ], [ 30.145790100097656, -2.433237075805664 ], [ 30.14615440368658, -2.432971239089852 ], [ 30.146682739257756, -2.432766914367562 ], [ 30.148126602172852, -2.432357788085824 ], [ 30.148754119873104, -2.432227849960213 ], [ 30.148817062377987, -2.432214736938363 ], [ 30.149032592773438, -2.432179927825928 ], [ 30.149326324462947, -2.432132720947209 ], [ 30.149797439575366, -2.432121753692627 ], [ 30.150199890136776, -2.432112216949463 ], [ 30.151317596435831, -2.432030439376661 ], [ 30.151510238647688, -2.432022094726562 ], [ 30.151679992675952, -2.432014703750554 ], [ 30.152740478515909, -2.431968927383423 ], [ 30.153816223144588, -2.431866645812818 ], [ 30.153850555420092, -2.431860923766976 ], [ 30.154933929443644, -2.431682348251343 ], [ 30.15597152709978, -2.431437015533447 ], [ 30.157171249389648, -2.430987119674683 ], [ 30.157468795776651, -2.430841445922681 ], [ 30.158990859985352, -2.430033206939584 ], [ 30.159486770629996, -2.429678201675358 ], [ 30.159893035888956, -2.429290056228524 ], [ 30.159919738769588, -2.429271936416512 ], [ 30.160949707031534, -2.42857456207264 ], [ 30.161380767822493, -2.428261280059587 ], [ 30.162048339843977, -2.427777051925659 ], [ 30.162628173828182, -2.427454710006714 ], [ 30.163003921508789, -2.427245378494149 ], [ 30.1635169982913, -2.42697000503523 ], [ 30.163917541503963, -2.426754713058301 ], [ 30.164506912231616, -2.426652431488037 ], [ 30.16525840759283, -2.426550149917489 ], [ 30.165941238403605, -2.426538944244385 ], [ 30.166498184204158, -2.426529645919686 ], [ 30.166963577270678, -2.426550388336182 ], [ 30.167057037353516, -2.426554441451799 ], [ 30.167638778686694, -2.426540851592847 ], [ 30.167678833007983, -2.426539659500065 ], [ 30.167871475220011, -2.426517486572266 ], [ 30.168125152588004, -2.426488399505502 ], [ 30.168815612793139, -2.426590681075993 ], [ 30.169002532959212, -2.426596641540471 ], [ 30.170095443725529, -2.42663121223444 ], [ 30.170848846435717, -2.426774263381901 ], [ 30.171443939208984, -2.426933050155583 ], [ 30.171844482421989, -2.427039861679077 ], [ 30.172168731689624, -2.427158594131242 ], [ 30.172395706176985, -2.427209615707284 ], [ 30.172670364379826, -2.427342414855843 ], [ 30.17275619506853, -2.427373647689819 ], [ 30.172962188720703, -2.427448749542236 ], [ 30.174119949340877, -2.42802095413208 ], [ 30.174953460693644, -2.428388833999634 ], [ 30.175001144409464, -2.428415536880323 ], [ 30.176010131836222, -2.428981542587167 ], [ 30.17683601379423, -2.429396152496338 ], [ 30.177797317504996, -2.429762601852246 ], [ 30.178110122680891, -2.429864406585693 ], [ 30.178977966308594, -2.430146217346021 ], [ 30.179580688476619, -2.430266618728638 ], [ 30.179662704467944, -2.430251598358041 ], [ 30.180368423461971, -2.430156946182251 ], [ 30.181001663208292, -2.43009352684021 ], [ 30.181634902954045, -2.429903745651131 ], [ 30.181982040405273, -2.429713964462223 ], [ 30.182394027710018, -2.429460763931104 ], [ 30.182962417602482, -2.429334402084351 ], [ 30.183532714843921, -2.429176092147713 ], [ 30.183849334716854, -2.428828001022339 ], [ 30.184370040893839, -2.42830753326416 ], [ 30.185113906860352, -2.427562713623047 ], [ 30.186079025268839, -2.42577600479126 ], [ 30.186727523803881, -2.424304008483887 ], [ 30.187076568603516, -2.423608064651489 ], [ 30.18784332275419, -2.422934293746835 ], [ 30.188774108887003, -2.421142816543522 ], [ 30.188999176025447, -2.421142816543522 ], [ 30.190402984619425, -2.419955968856698 ], [ 30.192199707031307, -2.417469978332463 ], [ 30.192621231079158, -2.417086839675733 ], [ 30.192956924438533, -2.416368722915649 ], [ 30.193834304809513, -2.414634227752686 ], [ 30.194595336914233, -2.413311481475716 ], [ 30.195245742797908, -2.412124633789006 ], [ 30.195322036743448, -2.411988496780225 ], [ 30.19543647766119, -2.411818265914917 ], [ 30.195978164673022, -2.411013841628858 ], [ 30.196420669555891, -2.409874916076546 ], [ 30.196531295776424, -2.409586429595777 ], [ 30.196693420410327, -2.409034729003906 ], [ 30.196981430053654, -2.408054828643685 ], [ 30.196807861328409, -2.406836509704533 ], [ 30.197154998779467, -2.405687808990479 ], [ 30.197227478027287, -2.405139207839966 ], [ 30.197292327881144, -2.4046435356139 ], [ 30.197475433349894, -2.403910160064584 ], [ 30.197568893432788, -2.403529405593872 ], [ 30.197654724121094, -2.4031848907469 ], [ 30.197845458984375, -2.40241551399231 ], [ 30.198089599609602, -2.401570796966553 ], [ 30.19815826416027, -2.401336431503296 ], [ 30.198503494262752, -2.400431156158277 ], [ 30.198745727539006, -2.399716854095459 ], [ 30.199090957641829, -2.398690700530835 ], [ 30.19907379150419, -2.397987842559814 ], [ 30.199056625366495, -2.397333145141374 ], [ 30.199056625366495, -2.397019863128548 ], [ 30.198991775512638, -2.396825075149366 ], [ 30.198724746704158, -2.396019220352173 ], [ 30.198673248291186, -2.395795822143441 ], [ 30.19852447509794, -2.395174503326416 ], [ 30.198337554931641, -2.394510984420549 ], [ 30.198186874389648, -2.393978834152051 ], [ 30.198144912719954, -2.393615484237671 ], [ 30.19803428649908, -2.392651319503557 ], [ 30.198173522949162, -2.39167666435219 ], [ 30.198228836059513, -2.391493082046509 ], [ 30.198450088501147, -2.390771627426034 ], [ 30.198877334594783, -2.389461278915405 ], [ 30.199211120605526, -2.388439178466797 ], [ 30.200107574462947, -2.388310194015503 ], [ 30.201875686645678, -2.388055801391374 ], [ 30.20246505737299, -2.387881755828857 ], [ 30.203191757202376, -2.38770747184742 ], [ 30.203813552856445, -2.387603044509888 ], [ 30.204645156860408, -2.387185335159188 ], [ 30.205123901367244, -2.386923789977971 ], [ 30.205474853515625, -2.386732578277361 ], [ 30.206201553345011, -2.386384248733407 ], [ 30.206235885620174, -2.386369228363037 ], [ 30.207136154174975, -2.385966539382707 ], [ 30.207599639892692, -2.385803461074829 ], [ 30.207828521728686, -2.3857226371764 ], [ 30.208057403564453, -2.385577917098885 ], [ 30.208763122558651, -2.38513088226307 ], [ 30.209627151489542, -2.384504079818726 ], [ 30.210527420044002, -2.384225606918335 ], [ 30.211322784423885, -2.383772850036621 ], [ 30.212188720703182, -2.38325047492981 ], [ 30.213157653808821, -2.382832765579053 ], [ 30.213668823242358, -2.382391452789307 ], [ 30.213884353637866, -2.382205963134652 ], [ 30.21379470825201, -2.381565332412663 ], [ 30.213676452636719, -2.380709171295166 ], [ 30.213779449462891, -2.380047798156511 ], [ 30.214021682739542, -2.37917757034279 ], [ 30.214220046997355, -2.378541707992554 ], [ 30.214403152466105, -2.377959251403752 ], [ 30.21462440490717, -2.377328395843335 ], [ 30.214782714843921, -2.376879930495988 ], [ 30.214883804321289, -2.376289367675668 ], [ 30.21499061584484, -2.375661611556836 ], [ 30.215116500854663, -2.375087261199781 ], [ 30.215198516845987, -2.374721765518075 ], [ 30.215370178222827, -2.373399019241106 ], [ 30.215385437011889, -2.372791051864397 ], [ 30.215404510498331, -2.371971607208195 ], [ 30.21518516540533, -2.371103525161686 ], [ 30.21571540832548, -2.371136188506853 ], [ 30.216081619262752, -2.371071338653337 ], [ 30.216304779052962, -2.37103176116932 ], [ 30.217031478882006, -2.370927095413094 ], [ 30.217311859131144, -2.370856285095215 ], [ 30.217748641968058, -2.370746374130135 ], [ 30.218471527099723, -2.370832443237305 ], [ 30.219459533691634, -2.370633602142334 ], [ 30.22002220153837, -2.37044620513899 ], [ 30.220630645752124, -2.370404481887647 ], [ 30.220722198486612, -2.37039041519148 ], [ 30.220785140991495, -2.370380640029737 ], [ 30.221080780029524, -2.370334625244084 ], [ 30.221261978149698, -2.370310068130493 ], [ 30.221637725830135, -2.370259284972974 ], [ 30.222394943237475, -2.370160579681396 ], [ 30.223043441772518, -2.370187520980721 ], [ 30.223226547241438, -2.370195150375139 ], [ 30.224571228027401, -2.369879722595101 ], [ 30.225475311279354, -2.369637727737313 ], [ 30.225694656372013, -2.369478702545052 ], [ 30.226097106933651, -2.369185209274292 ], [ 30.226686477661303, -2.368759393691846 ], [ 30.226963043212947, -2.368558406829777 ], [ 30.228071212768498, -2.367827415466138 ], [ 30.228693008423136, -2.367479085922241 ], [ 30.228826522827262, -2.367421627044678 ], [ 30.229301452636889, -2.366616249084473 ], [ 30.229867935180778, -2.366643190383797 ], [ 30.230903625488509, -2.365909099578857 ], [ 30.23150825500494, -2.365391254424992 ], [ 30.232112884521541, -2.364743709564152 ], [ 30.232759475708178, -2.364096164703199 ], [ 30.233364105224553, -2.363534927368107 ], [ 30.234054565429858, -2.363189458847046 ], [ 30.234659194946232, -2.362973690032845 ], [ 30.235349655151538, -2.362585067748853 ], [ 30.235780715942496, -2.362066984176636 ], [ 30.236429214477539, -2.36172175407404 ], [ 30.237422943115234, -2.36172175407404 ], [ 30.23828506469755, -2.361419439315796 ], [ 30.239364624023551, -2.361117362975847 ], [ 30.240102767944506, -2.360636711120492 ], [ 30.240585327148438, -2.359980344772168 ], [ 30.241182327270678, -2.359595060348454 ], [ 30.241857528686523, -2.359273672103882 ], [ 30.242757797241154, -2.359040975570679 ], [ 30.24303054809576, -2.359095096588021 ], [ 30.244003295898438, -2.359465122222787 ], [ 30.244495391845703, -2.359821796417236 ], [ 30.24505805969261, -2.360259294509831 ], [ 30.245414733886776, -2.360536575317383 ], [ 30.246643066406421, -2.361913442611694 ], [ 30.247068405151595, -2.362514972686654 ], [ 30.247447967529581, -2.362882852554321 ], [ 30.248125076294002, -2.363538265228158 ], [ 30.247917175293253, -2.363705158233529 ], [ 30.248661041259936, -2.364401340484619 ], [ 30.249193191528491, -2.365246534347364 ], [ 30.249671936035099, -2.366004467010498 ], [ 30.249769210815714, -2.366060495376587 ], [ 30.250572204590128, -2.368537425994646 ], [ 30.250043869018725, -2.369073152541944 ], [ 30.249559402465991, -2.369565725326481 ], [ 30.249614715576342, -2.369765281677019 ], [ 30.250219345092944, -2.371095657348519 ], [ 30.250526428222713, -2.371332883834611 ], [ 30.25107765197771, -2.371759653091317 ], [ 30.251737594604663, -2.372272729873657 ], [ 30.253028869629134, -2.373048067092896 ], [ 30.253114700317667, -2.37307429313654 ], [ 30.254415512085131, -2.373464822769165 ], [ 30.255653381347656, -2.373879432678052 ], [ 30.256072998047102, -2.373893260955697 ], [ 30.25669097900419, -2.373914003372192 ], [ 30.257970809936808, -2.374053001403638 ], [ 30.258422851562784, -2.374053001403638 ], [ 30.259181976318359, -2.374052762985229 ], [ 30.260187149048136, -2.373982906341439 ], [ 30.26121711730957, -2.37398266792286 ], [ 30.261247634887752, -2.373984098434448 ], [ 30.262504577636719, -2.374052047729379 ], [ 30.26364707946783, -2.37415623664856 ], [ 30.265142440795898, -2.374278068542253 ], [ 30.265197753906307, -2.374282598495313 ], [ 30.265810012817383, -2.374332427978345 ], [ 30.266078948974666, -2.374400615692139 ], [ 30.266315460205362, -2.374460458755436 ], [ 30.267177581787109, -2.37467789649952 ], [ 30.267927169799918, -2.374750137329102 ], [ 30.268014907837028, -2.374758481979313 ], [ 30.268440246582088, -2.374799489974862 ], [ 30.27046012878435, -2.375149965286255 ], [ 30.271392822265909, -2.375283241271973 ], [ 30.27193832397478, -2.375361680984383 ], [ 30.274353027343807, -2.375686883926278 ], [ 30.27527236938505, -2.375810623168775 ], [ 30.275697708130053, -2.375876665115356 ], [ 30.276584625244368, -2.375851869583073 ], [ 30.277084350586222, -2.375837802886963 ], [ 30.277626037597884, -2.375893831252938 ], [ 30.278129577636889, -2.375946283340227 ], [ 30.279962539673079, -2.375912189483529 ], [ 30.280033111572322, -2.375910997390747 ], [ 30.28020095825218, -2.375890970230046 ], [ 30.280248641968001, -2.375885248184204 ], [ 30.282075881958065, -2.37566685676552 ], [ 30.283246994018555, -2.37556862831093 ], [ 30.283636093139648, -2.375516176223641 ], [ 30.285474777221793, -2.375268220901319 ], [ 30.286729812622013, -2.375211000442278 ], [ 30.287439346313761, -2.375178337097111 ], [ 30.288927078247298, -2.375038862228394 ], [ 30.289642333984602, -2.374857425689697 ], [ 30.290214538574446, -2.374712228775024 ], [ 30.290639877319279, -2.374812364578247 ], [ 30.291435241699332, -2.374707221984636 ], [ 30.292352676391658, -2.374585628509465 ], [ 30.293201446533487, -2.374445438384896 ], [ 30.293512344360579, -2.37439393997181 ], [ 30.295475006103572, -2.374078989028874 ], [ 30.296815872192496, -2.373811483383065 ], [ 30.297302246094034, -2.373714447021371 ], [ 30.297683715820597, -2.373625993728581 ], [ 30.298500061035099, -2.373437404632568 ], [ 30.299848556518555, -2.373252630233765 ], [ 30.300443649292049, -2.373171091079712 ], [ 30.300905227661133, -2.373036861419507 ], [ 30.302495956421069, -2.372574329376107 ], [ 30.303133010864201, -2.372460842132398 ], [ 30.304412841796818, -2.372128963470345 ], [ 30.305345535278377, -2.371830224990845 ], [ 30.306818008422852, -2.371654510498047 ], [ 30.307088851928711, -2.371447324752694 ], [ 30.307313919067496, -2.371274471282845 ], [ 30.308219909668082, -2.371155261993295 ], [ 30.308744430542106, -2.37108635902382 ], [ 30.310029983520678, -2.370711326599064 ], [ 30.310846328735408, -2.370490312576067 ], [ 30.311456680297908, -2.370325088500863 ], [ 30.312131881714151, -2.370157957076856 ], [ 30.312582015991381, -2.370046615600472 ], [ 30.312940597534293, -2.369992494582903 ], [ 30.313791275024528, -2.36986422538746 ], [ 30.314407348632869, -2.369709253311044 ], [ 30.315452575683878, -2.369446039199829 ], [ 30.316720962524414, -2.369172573089486 ], [ 30.31690597534174, -2.369132518768197 ], [ 30.317115783691634, -2.369077444076424 ], [ 30.318635940551758, -2.368679523467904 ], [ 30.319675445556697, -2.368371248245012 ], [ 30.321819305420206, -2.367947816848755 ], [ 30.322507858276538, -2.367756128311044 ], [ 30.323211669922102, -2.367559432983285 ], [ 30.323894500732479, -2.367443084716797 ], [ 30.324577331543253, -2.367326736450025 ], [ 30.325103759765682, -2.367184400558244 ], [ 30.325986862182617, -2.366945981979143 ], [ 30.326890945434798, -2.366878271102678 ], [ 30.327157974243107, -2.366801500320435 ], [ 30.327856063842944, -2.366599798202401 ], [ 30.32925987243658, -2.366136074065935 ], [ 30.329298019409464, -2.366128206253052 ], [ 30.33047103881853, -2.365892171859628 ], [ 30.332235336303881, -2.365404367446729 ], [ 30.333496093750057, -2.365299463272095 ], [ 30.334917068481502, -2.364924430847054 ], [ 30.33561897277832, -2.364725351333618 ], [ 30.336378097534464, -2.364509820937997 ], [ 30.338777542114371, -2.364010095596313 ], [ 30.339250564575252, -2.363862037658578 ], [ 30.340080261230412, -2.36360239982605 ], [ 30.340824127197322, -2.363389015197583 ], [ 30.340955734253214, -2.363352298736572 ], [ 30.341907501220874, -2.363087177276498 ], [ 30.343395233154581, -2.362773418426514 ], [ 30.344272613525447, -2.362611055374089 ], [ 30.345428466796818, -2.362397193908578 ], [ 30.34603309631359, -2.362230539321729 ], [ 30.347478866577092, -2.361832618713152 ], [ 30.347833633422908, -2.361750841140747 ], [ 30.348690032959041, -2.361553907394239 ], [ 30.349731445312727, -2.361291408538818 ], [ 30.350351333618391, -2.361135721206551 ], [ 30.352090835571573, -2.360676050186157 ], [ 30.35420036315918, -2.360141992568856 ], [ 30.355220794678019, -2.359993457794076 ], [ 30.355718612671069, -2.359920978546143 ], [ 30.356281280517635, -2.359755277633553 ], [ 30.357271194458292, -2.359462976455575 ], [ 30.358551025390909, -2.359079837798959 ], [ 30.360109329223917, -2.358626842498666 ], [ 30.361213684082315, -2.358404397964478 ], [ 30.361665725708121, -2.358313322067261 ], [ 30.362842559814737, -2.358069181442204 ], [ 30.363796234131144, -2.357921600341797 ], [ 30.364192962646598, -2.357860088348161 ], [ 30.366029739380167, -2.357410669326612 ], [ 30.366615295410327, -2.357267618179151 ], [ 30.36786079406744, -2.3570237159729 ], [ 30.369071960449162, -2.356849193572998 ], [ 30.369764328003214, -2.356688261032104 ], [ 30.370420455932617, -2.356535673141479 ], [ 30.372047424316634, -2.356221914291382 ], [ 30.372455596923999, -2.356183052062875 ], [ 30.373090744018555, -2.356122493743669 ], [ 30.373548507690714, -2.356066226959229 ], [ 30.373985290527628, -2.356012582778931 ], [ 30.374227523803711, -2.355594635009652 ], [ 30.374227523803711, -2.354237318038827 ], [ 30.374242782592773, -2.353553056716919 ], [ 30.374261856079215, -2.352740287780762 ], [ 30.374330520629883, -2.351487159729004 ], [ 30.374259948730639, -2.349503040313607 ], [ 30.373874664306697, -2.348727703094369 ], [ 30.37381744384794, -2.34861254692072 ], [ 30.373888015747013, -2.348512172698975 ], [ 30.373922348022518, -2.348462581634294 ], [ 30.374027252197322, -2.348232507705688 ], [ 30.37413215637207, -2.347995281219369 ], [ 30.374179840087891, -2.347598075866699 ], [ 30.374061584472827, -2.347409725189038 ], [ 30.373880386352653, -2.347347021102792 ], [ 30.373601913452092, -2.347284317016602 ], [ 30.373420715332315, -2.347172737121468 ], [ 30.373365402221964, -2.34692192077631 ], [ 30.373336791992188, -2.346636056899911 ], [ 30.373344421386776, -2.34633636474598 ], [ 30.373392105102596, -2.345904111862183 ], [ 30.373497009277514, -2.345457792281934 ], [ 30.373685836792049, -2.344900131225586 ], [ 30.37376976013212, -2.344363451003915 ], [ 30.373874664306697, -2.343875408172607 ], [ 30.374103546142862, -2.343533754348755 ], [ 30.37427139282255, -2.343296766281128 ], [ 30.374584197998104, -2.343024969100895 ], [ 30.375017166137809, -2.342543840408098 ], [ 30.375108718872127, -2.342272043228149 ], [ 30.375156402587947, -2.342069864272958 ], [ 30.375226974487362, -2.341853857040235 ], [ 30.375303268432731, -2.34170031547535 ], [ 30.375492095947436, -2.34169340133667 ], [ 30.375699996948185, -2.341714382171517 ], [ 30.375909805298079, -2.341777086257764 ], [ 30.376209259033317, -2.341902494430542 ], [ 30.376445770263842, -2.341846704483032 ], [ 30.376613616943303, -2.341707468032837 ], [ 30.376739501953296, -2.341449499130249 ], [ 30.376850128173828, -2.341128826141244 ], [ 30.376941680908487, -2.34087777137745 ], [ 30.37708854675293, -2.340410709380876 ], [ 30.377157211303768, -2.340076208114397 ], [ 30.377220153808878, -2.339755535125619 ], [ 30.377477645874023, -2.339086294174081 ], [ 30.377653121948413, -2.338619232177621 ], [ 30.377784729003963, -2.338263511657544 ], [ 30.377897262573299, -2.337949991226083 ], [ 30.377986907959155, -2.337594509124528 ], [ 30.378036499023381, -2.337266683578264 ], [ 30.378160476684627, -2.336960077285653 ], [ 30.378280639648438, -2.336778879165649 ], [ 30.378412246704386, -2.336513757705688 ], [ 30.3784828186038, -2.33614444732649 ], [ 30.378601074218864, -2.33584451675415 ], [ 30.37861442565918, -2.335530996322632 ], [ 30.378593444824332, -2.335224151611328 ], [ 30.378643035888729, -2.334868669509888 ], [ 30.378753662109659, -2.3346107006073 ], [ 30.378927230835075, -2.334415435790902 ], [ 30.379039764404581, -2.334178447723332 ], [ 30.379179000854663, -2.333878755569287 ], [ 30.379220962524528, -2.333606958389055 ], [ 30.379165649414176, -2.3333349227903 ], [ 30.378990173339787, -2.333160638809204 ], [ 30.378829956054858, -2.333160638809204 ], [ 30.37863731384283, -2.333237409591447 ], [ 30.378480911255053, -2.333138227462541 ], [ 30.378337860107592, -2.333032846450806 ], [ 30.378208160400447, -2.332852840423357 ], [ 30.378133773803995, -2.332679271697771 ], [ 30.378108978271769, -2.332468271255379 ], [ 30.378177642822436, -2.332189321517944 ], [ 30.378282546997013, -2.331686735153085 ], [ 30.37840652465826, -2.331432580947762 ], [ 30.378469467163143, -2.331202983856201 ], [ 30.378599166870288, -2.330998420715105 ], [ 30.378684997558651, -2.33088302612282 ], [ 30.378711700439396, -2.330849409103166 ], [ 30.378871917724894, -2.330775022506657 ], [ 30.379095077514933, -2.330731630325147 ], [ 30.379318237304972, -2.330756425857544 ], [ 30.379610061645451, -2.330768823623544 ], [ 30.379838943481616, -2.330762624740601 ], [ 30.380050659179915, -2.330731630325147 ], [ 30.380348205566577, -2.330626249313241 ], [ 30.38042259216337, -2.330464839935189 ], [ 30.38042259216337, -2.330204486846924 ], [ 30.380348205566577, -2.329931497573625 ], [ 30.380237579345646, -2.329658508300668 ], [ 30.380094528198185, -2.329385757446289 ], [ 30.380020141601619, -2.329001188278085 ], [ 30.380138397216854, -2.328504800796281 ], [ 30.380268096923999, -2.328374624252319 ], [ 30.380453109741325, -2.32817625999445 ], [ 30.380645751953182, -2.328014850616455 ], [ 30.380764007568644, -2.327791690826189 ], [ 30.380819320678995, -2.327444314956608 ], [ 30.380968093872241, -2.327264308929387 ], [ 30.380926132202205, -2.327028751373064 ], [ 30.380838394165096, -2.326854944229012 ], [ 30.380559921264705, -2.326557159423658 ], [ 30.380521774291992, -2.326371192932129 ], [ 30.380460739135856, -2.326153993606397 ], [ 30.380601882934741, -2.325850248336678 ], [ 30.380775451660156, -2.325744628906136 ], [ 30.380962371826456, -2.3256516456604 ], [ 30.381179809570369, -2.32555866241438 ], [ 30.381353378295955, -2.325465679168701 ], [ 30.382284164428768, -2.324553728103638 ], [ 30.382587432861328, -2.324311971664315 ], [ 30.382799148559855, -2.32414436340332 ], [ 30.383127212524471, -2.32406377792347 ], [ 30.383449554443644, -2.323964595794564 ], [ 30.383666992187557, -2.323902606964054 ], [ 30.384206771850813, -2.323691606521379 ], [ 30.384460449218807, -2.323580026626587 ], [ 30.384683609009016, -2.323431253433228 ], [ 30.384870529174975, -2.323300838470345 ], [ 30.385143280029581, -2.323052883148193 ], [ 30.385229110717887, -2.322817087173462 ], [ 30.385187149048022, -2.322513103485107 ], [ 30.385124206543139, -2.322258949279785 ], [ 30.385137557983455, -2.321936368942033 ], [ 30.385173797607536, -2.321700572967529 ], [ 30.385316848754996, -2.321210622787305 ], [ 30.38557052612299, -2.320863246917611 ], [ 30.385738372803019, -2.320640087127629 ], [ 30.385950088501147, -2.3205468654632 ], [ 30.386203765869141, -2.320565462112199 ], [ 30.386445999145792, -2.320602893829232 ], [ 30.386724472046183, -2.320633888244402 ], [ 30.387134552002124, -2.320621490478516 ], [ 30.387357711792163, -2.320565462112199 ], [ 30.387512207031307, -2.320435285568237 ], [ 30.387611389160327, -2.320218324661255 ], [ 30.387630462646769, -2.31997013092041 ], [ 30.38768577575712, -2.319659948348942 ], [ 30.387748718261832, -2.319368362426758 ], [ 30.387765884399698, -2.319151401519775 ], [ 30.387790679931697, -2.318890810012817 ], [ 30.387798309326229, -2.318655252456608 ], [ 30.387798309326229, -2.318214893340951 ], [ 30.387847900390682, -2.318003892898389 ], [ 30.387889862060717, -2.317594528198129 ], [ 30.387958526611385, -2.317402124404794 ], [ 30.388095855713061, -2.317265748977661 ], [ 30.388294219970703, -2.317191362380868 ], [ 30.388765335082951, -2.317036390304452 ], [ 30.389093399048136, -2.3168625831604 ], [ 30.389398574829102, -2.316515207290422 ], [ 30.390607833862475, -2.315299510955754 ], [ 30.391159057617472, -2.31466078758217 ], [ 30.391439437866268, -2.314232826232796 ], [ 30.391902923584155, -2.313631057739087 ], [ 30.392343521118448, -2.31335186958313 ], [ 30.392778396606388, -2.313215494155827 ], [ 30.393106460571573, -2.313116312026807 ], [ 30.393411636352539, -2.312954902648926 ], [ 30.393671035766886, -2.312849521636736 ], [ 30.394720077514933, -2.31271934509266 ], [ 30.395072937011719, -2.312750339507943 ], [ 30.395626068115519, -2.31279993057251 ], [ 30.395830154418888, -2.312861919402962 ], [ 30.396102905273722, -2.312942504882756 ], [ 30.396377563476733, -2.312957048416081 ], [ 30.396520614624194, -2.31296443939209 ], [ 30.396692276001204, -2.312973499297982 ], [ 30.397138595581112, -2.313023090362378 ], [ 30.397592544555664, -2.313054323196297 ], [ 30.397989273071289, -2.31307911872841 ], [ 30.398801803589038, -2.313023090362378 ], [ 30.399049758911246, -2.312985897063982 ], [ 30.399311065673771, -2.312854290008431 ], [ 30.399799346924055, -2.312607526779118 ], [ 30.400030136108626, -2.312328577041569 ], [ 30.400190353393612, -2.312160968780404 ], [ 30.400388717651424, -2.312049388885328 ], [ 30.400606155395678, -2.311900615692025 ], [ 30.400897979736328, -2.31173300743103 ], [ 30.401157379150675, -2.311658620834351 ], [ 30.401479721069506, -2.311646223068067 ], [ 30.401803970336914, -2.311677217483521 ], [ 30.402019500732592, -2.311782598495256 ], [ 30.402267456054631, -2.311857223510515 ], [ 30.402721405029411, -2.312092781066838 ], [ 30.402988433837891, -2.312179565429631 ], [ 30.403644561767862, -2.312316179275285 ], [ 30.403985977173136, -2.312322378158569 ], [ 30.404415130615519, -2.312328577041569 ], [ 30.4049720764163, -2.312148571014347 ], [ 30.405363082885799, -2.311931610107195 ], [ 30.405729293823299, -2.311726808547974 ], [ 30.406604766845703, -2.311317443847656 ], [ 30.407001495361328, -2.311187267303296 ], [ 30.407236099243448, -2.311007261276245 ], [ 30.407751083373967, -2.310573101043587 ], [ 30.407938003540096, -2.310405731200945 ], [ 30.408117294311637, -2.310238361358643 ], [ 30.408185958862305, -2.310052156448364 ], [ 30.408359527587947, -2.309890985488892 ], [ 30.40859413146984, -2.309822559356576 ], [ 30.408830642700366, -2.309834957122632 ], [ 30.409128189087198, -2.309952974319401 ], [ 30.409395217895678, -2.31019473075861 ], [ 30.409830093383846, -2.310449123382568 ], [ 30.410158157348803, -2.310585498809701 ], [ 30.410394668579158, -2.310709714889299 ], [ 30.410654067993448, -2.310846090316545 ], [ 30.410858154297046, -2.311001062392961 ], [ 30.411001205444506, -2.311119079589844 ], [ 30.411479949951456, -2.31162762641884 ], [ 30.411590576171989, -2.31182599067688 ], [ 30.411727905273494, -2.312098979949837 ] ] ] ] } }
]
}
