{
"type": "FeatureCollection",
"name": "National_Parks",
"crs": { "type": "name", "properties": { "name": "urn:ogc:def:crs:OGC:1.3:CRS84" } },
"features": [
{ "type": "Feature", "properties": { "SITE_ID": 9160, "SITE_PID": "9160", "SITE_TYPE": "PA", "NAME_ENG": "Ruvubu", "NAME": "Parc national du Ruvubu", "DESIG": "Parc National", "DESIG_ENG": "National Park", "DESIG_TYPE": "National", "IUCN_CAT": "II", "INT_CRIT": "Not Applicable", "REALM": "Terrestrial", "REP_M_AREA": 0.0, "GIS_M_AREA": 0.0, "REP_AREA": 508.0, "GIS_AREA": 533.17799052987004, "NO_TAKE": "Not Applicable", "NO_TK_AREA": 0.0, "STATUS": "Designated", "STATUS_YR": 1980, "GOV_TYPE": "Federal or national ministry or agency", "GOVSUBTYPE": "Not Applicable", "OWN_TYPE": "State", "OWNSUBTYPE": "Not Applicable", "MANG_AUTH": "OBPE", "MANG_PLAN": "Available 2014", "VERIF": "State Verified", "METADATAID": 1956, "PRNT_ISO3": "BDI", "ISO3": "BDI", "SUPP_INFO": "Not Applicable", "CONS_OBJ": "Not Applicable", "INLND_WTRS": "Not Reported", "OECM_ASMT": "Not Applicable" }, "geometry": { "type": "MultiPolygon", "coordinates": [ [ [ [ 30.139353372000016, -3.339505723 ], [ 30.136771607000014, -3.340668236999988 ], [ 30.133694354, -3.340534322999986 ], [ 30.133028363999983, -3.338408007 ], [ 30.131336639999972, -3.336515392000024 ], [ 30.128759614999979, -3.33849066800002 ], [ 30.128384322999977, -3.340791632999981 ], [ 30.129920379, -3.342376840999975 ], [ 30.128294917, -3.344796486 ], [ 30.126629990000026, -3.346154882 ], [ 30.124618925, -3.346139525000012 ], [ 30.123032142999989, -3.345552172 ], [ 30.120259006000026, -3.342717424 ], [ 30.12036482100001, -3.340582657000027 ], [ 30.118148553000026, -3.339121585999976 ], [ 30.1148968, -3.338239870999985 ], [ 30.112457834, -3.339578059000019 ], [ 30.10999857500002, -3.340927377000014 ], [ 30.107320363999975, -3.339440861000014 ], [ 30.105238813000028, -3.339088002999972 ], [ 30.105429660000027, -3.340710791 ], [ 30.107252777999975, -3.342602678999981 ], [ 30.106033674, -3.344676240000013 ], [ 30.104133220999984, -3.348550406000015 ], [ 30.1007469, -3.345712488 ], [ 30.097690097999987, -3.344469673999981 ], [ 30.096937593, -3.336907849999989 ], [ 30.095020991000013, -3.334253978999982 ], [ 30.097761650999985, -3.332689888 ], [ 30.100339463000012, -3.330865174999985 ], [ 30.103142196000022, -3.329388903999984 ], [ 30.105593649000014, -3.330659460999982 ], [ 30.110108626, -3.329144066000026 ], [ 30.120820025, -3.327901902 ], [ 30.135442859000023, -3.324408338000012 ], [ 30.15288198899998, -3.317565751000018 ], [ 30.162404166999977, -3.312612732 ], [ 30.175122820000013, -3.30799299 ], [ 30.18214967900002, -3.302193330000023 ], [ 30.190779038000016, -3.293648813 ], [ 30.20199558600001, -3.285344958999985 ], [ 30.215035398, -3.274802314 ], [ 30.224690768000016, -3.269027919 ], [ 30.22916189, -3.265029133999974 ], [ 30.231018230000018, -3.262862462999976 ], [ 30.232293976999983, -3.260860311999977 ], [ 30.232993032000024, -3.25968948000002 ], [ 30.234034122000025, -3.258410976999983 ], [ 30.237279022999985, -3.254924440000025 ], [ 30.242397004999987, -3.250311039999985 ], [ 30.245851026000025, -3.246347746000026 ], [ 30.24870683, -3.242177776 ], [ 30.249729237999986, -3.24110312800002 ], [ 30.25126442200002, -3.239568277999979 ], [ 30.253595046999976, -3.237260264999975 ], [ 30.265933260999986, -3.220206411999982 ], [ 30.266284376999977, -3.220145708000018 ], [ 30.266768775, -3.220255195999982 ], [ 30.267248768, -3.22036369 ], [ 30.267530885999975, -3.220479359000024 ], [ 30.267771391999986, -3.220553984 ], [ 30.267706518000011, -3.220039461999988 ], [ 30.267772766, -3.219267274 ], [ 30.2679655, -3.218727850999983 ], [ 30.268486685000028, -3.218228431999989 ], [ 30.268922391, -3.217505580000022 ], [ 30.269341538, -3.216994614999976 ], [ 30.269908793000013, -3.216191664 ], [ 30.27000270000002, -3.215803795999989 ], [ 30.270267704999981, -3.214956546999986 ], [ 30.270895898, -3.214213536999978 ], [ 30.271290016000023, -3.213647359 ], [ 30.272133815000018, -3.212985635 ], [ 30.272699648000014, -3.212457371000028 ], [ 30.273487171999989, -3.211722134000013 ], [ 30.27447405700002, -3.210800772000027 ], [ 30.275239764999981, -3.210085901000014 ], [ 30.275658037000028, -3.209233035000011 ], [ 30.27866715, -3.206886063000013 ], [ 30.281789753999988, -3.202983185 ], [ 30.284445426, -3.199203010000019 ], [ 30.28617142500002, -3.197304746999976 ], [ 30.288885306, -3.192544829999974 ], [ 30.290465589, -3.188637307000022 ], [ 30.291405603999976, -3.186312961 ], [ 30.29244570100002, -3.182730381999988 ], [ 30.294852159000015, -3.179285789 ], [ 30.297452213999975, -3.17484857 ], [ 30.29956973100002, -3.172285956 ], [ 30.303000763999989, -3.169995475 ], [ 30.305735508, -3.16813911600002 ], [ 30.307063039000013, -3.166131087 ], [ 30.309088998, -3.163607634000016 ], [ 30.31111506000002, -3.160822334999978 ], [ 30.312809636999987, -3.158191171 ], [ 30.31412185, -3.15577166700001 ], [ 30.314031466000017, -3.154134350999982 ], [ 30.31456462, -3.152344702 ], [ 30.316914026, -3.150592829 ], [ 30.317502224, -3.147466300000019 ], [ 30.319464907999986, -3.146751891 ], [ 30.322793315000013, -3.144903852000027 ], [ 30.324934896, -3.14371477200001 ], [ 30.328086548999977, -3.141964859999973 ], [ 30.329645761, -3.141099124999982 ], [ 30.331650129000025, -3.138988655999981 ], [ 30.335938189999979, -3.134473594999974 ], [ 30.343255121000027, -3.125902095000015 ], [ 30.348771066999973, -3.118243036000024 ], [ 30.350764621999986, -3.115332717 ], [ 30.35175561, -3.112447646000021 ], [ 30.35334806100002, -3.108355245999974 ], [ 30.355387357999973, -3.105635136999979 ], [ 30.357152763999977, -3.10266238600002 ], [ 30.358244720000016, -3.10045687600001 ], [ 30.359145940000019, -3.098912267 ], [ 30.365528923999989, -3.080242051000027 ], [ 30.370531003, -3.073102984 ], [ 30.374235806, -3.063118823000025 ], [ 30.376149183999985, -3.057025726 ], [ 30.382573160999982, -3.051436436000017 ], [ 30.391066793999983, -3.048560329 ], [ 30.399680604000025, -3.042964149999989 ], [ 30.406095365999988, -3.034525814 ], [ 30.406073473, -3.027532483000016 ], [ 30.40848427100002, -3.015739714 ], [ 30.411668465, -3.004074076999984 ], [ 30.414601208000022, -2.998154660000012 ], [ 30.416398765999986, -2.997688332999985 ], [ 30.417173871999978, -2.997458779999988 ], [ 30.418457862000025, -2.997078515 ], [ 30.419246, -2.996756721999986 ], [ 30.419410101999972, -2.995505621 ], [ 30.419572480999989, -2.99426766900001 ], [ 30.419676429, -2.993475191000016 ], [ 30.420484826, -2.99205101299998 ], [ 30.420920089, -2.991102102000013 ], [ 30.421430215999976, -2.9887152 ], [ 30.421647071, -2.987460121000026 ], [ 30.421977336999987, -2.986125019999974 ], [ 30.422156240999982, -2.98522660499998 ], [ 30.422560646000022, -2.984094345000017 ], [ 30.423220470999979, -2.982974932 ], [ 30.42362226, -2.981664849000026 ], [ 30.423707402, -2.98048171 ], [ 30.424216983, -2.978935913999976 ], [ 30.425586639000016, -2.976883279999981 ], [ 30.426821781, -2.975682537000012 ], [ 30.427467733000015, -2.97496406800002 ], [ 30.427078334999976, -2.971995273 ], [ 30.428457604000016, -2.971051736999982 ], [ 30.429290900000012, -2.970057175000022 ], [ 30.430170620000013, -2.969218361 ], [ 30.430865641000025, -2.968683487000021 ], [ 30.431352345999983, -2.967680323000025 ], [ 30.431734272000028, -2.966350550000016 ], [ 30.432021742000018, -2.964373665999972 ], [ 30.432096797999975, -2.96290366300002 ], [ 30.433051544000023, -2.959095645 ], [ 30.433194894, -2.957596791000014 ], [ 30.433234264000021, -2.956359382000016 ], [ 30.434238508000021, -2.955431632 ], [ 30.434439465000025, -2.954321350999976 ], [ 30.434893749000025, -2.953193441 ], [ 30.435046317, -2.952729252999973 ], [ 30.435352522000017, -2.952375555 ], [ 30.435635600000012, -2.951199745 ], [ 30.435708955, -2.950720812999975 ], [ 30.435856764999983, -2.95023833 ], [ 30.435833224000021, -2.949838305000014 ], [ 30.435516541000027, -2.948569737000014 ], [ 30.435716679999985, -2.947321521 ], [ 30.4361619, -2.944803171 ], [ 30.435531057999981, -2.944830552999974 ], [ 30.434846321, -2.945080863999976 ], [ 30.433802953, -2.945659600999988 ], [ 30.432680947, -2.946168339 ], [ 30.431433317000028, -2.946047556999986 ], [ 30.430295581999985, -2.945602478000012 ], [ 30.429710890000024, -2.945459959 ], [ 30.429144830999974, -2.945404708000012 ], [ 30.427981253999974, -2.945196758 ], [ 30.427826896999989, -2.94508519599998 ], [ 30.427631153, -2.944985085999974 ], [ 30.426959812, -2.944506247999982 ], [ 30.426723376999973, -2.944171367000024 ], [ 30.42621942, -2.943214789000024 ], [ 30.425492347999977, -2.942190386 ], [ 30.424957731, -2.94081840299998 ], [ 30.424237829999981, -2.939623342 ], [ 30.423309916, -2.938809097999979 ], [ 30.422688697000012, -2.937835007 ], [ 30.421727708, -2.936393701999975 ], [ 30.421109974999979, -2.935467214000028 ], [ 30.420029897, -2.934497169 ], [ 30.419395813, -2.934393195999974 ], [ 30.418565859000012, -2.934123623 ], [ 30.41778082899998, -2.933554615999981 ], [ 30.416963079000027, -2.932420635000028 ], [ 30.41680100100001, -2.931806493000011 ], [ 30.417614797, -2.930735670999979 ], [ 30.418393912999989, -2.930374256999983 ], [ 30.419143657, -2.928774345000022 ], [ 30.420274377, -2.927782815 ], [ 30.421310033999987, -2.926497256 ], [ 30.421975528000019, -2.925378336 ], [ 30.422857366000017, -2.924899015999983 ], [ 30.423300513000015, -2.923454898999978 ], [ 30.423800111999981, -2.922133261999988 ], [ 30.423931873000015, -2.920526083000027 ], [ 30.424435585000026, -2.918872024999985 ], [ 30.426170093999986, -2.917773361 ], [ 30.427304429, -2.91644964 ], [ 30.428140937000023, -2.915310085999977 ], [ 30.429367727999988, -2.914177116000019 ], [ 30.430590766000023, -2.913284099 ], [ 30.431905910000012, -2.912172227999974 ], [ 30.43283584400001, -2.911401144000024 ], [ 30.433337537, -2.910364206 ], [ 30.434476588, -2.909477862000017 ], [ 30.435355625, -2.908535259000018 ], [ 30.436421478999989, -2.907202046 ], [ 30.436756474, -2.905821039999978 ], [ 30.436900896, -2.904616033000025 ], [ 30.437933556000019, -2.903616118 ], [ 30.439157412999975, -2.904088746000014 ], [ 30.440178543, -2.904483083 ], [ 30.440725411000017, -2.905684899 ], [ 30.441871870999989, -2.90548042 ], [ 30.442626819999987, -2.905012444000022 ], [ 30.443297519999987, -2.906019101000027 ], [ 30.443860589, -2.907214896000028 ], [ 30.443852447999973, -2.908834062999972 ], [ 30.444958910000025, -2.909080008999979 ], [ 30.44658615100002, -2.909441712999978 ], [ 30.448273539000013, -2.909816782 ], [ 30.448754834, -2.90973436500002 ], [ 30.448854338, -2.910336498 ], [ 30.449248980999982, -2.910773603 ], [ 30.449470952000013, -2.911198836999972 ], [ 30.449339870000017, -2.911911202999988 ], [ 30.449499646, -2.912257828 ], [ 30.449363608, -2.912857971999983 ], [ 30.449480775999973, -2.913343181000016 ], [ 30.449871314, -2.91383898700002 ], [ 30.450317252, -2.914309011 ], [ 30.450518782000017, -2.914133170000014 ], [ 30.450894193000011, -2.913811200999987 ], [ 30.451814977000026, -2.913682317999985 ], [ 30.452692839, -2.912665780999987 ], [ 30.453325317, -2.911637532999976 ], [ 30.454664865999973, -2.911448398 ], [ 30.455982709000011, -2.911084677000019 ], [ 30.457074733000013, -2.910202197999979 ], [ 30.457719415999975, -2.910262283 ], [ 30.459027767, -2.911990382999988 ], [ 30.460362667000027, -2.913157545999979 ], [ 30.461336448, -2.914564537 ], [ 30.462270306999983, -2.915401416 ], [ 30.463059363000013, -2.915940078 ], [ 30.463568340999984, -2.917100866 ], [ 30.46380022, -2.917920384000013 ], [ 30.464021413000012, -2.918702137000025 ], [ 30.464349618000028, -2.919862086000023 ], [ 30.462773089, -2.920104846000015 ], [ 30.461545506, -2.920293871000013 ], [ 30.460747147, -2.920416804000013 ], [ 30.459199943999977, -2.920655043000011 ], [ 30.458172306999984, -2.921564729000011 ], [ 30.458568378999985, -2.922981338999989 ], [ 30.459404278000022, -2.923573283999986 ], [ 30.460877838999977, -2.924828536 ], [ 30.462561898999979, -2.924918123999987 ], [ 30.463342235000027, -2.924604843999987 ], [ 30.464059997999982, -2.924086188999979 ], [ 30.464597302000016, -2.923391403999972 ], [ 30.465258775999985, -2.922319758000015 ], [ 30.467323173000011, -2.923478842 ], [ 30.469647963, -2.92554359899998 ], [ 30.468234339999981, -2.926583989999983 ], [ 30.468238327, -2.927878969 ], [ 30.471455161999984, -2.926832962 ], [ 30.473393562000012, -2.928898898 ], [ 30.473789157999988, -2.93187612600002 ], [ 30.475851573, -2.932387678 ], [ 30.479723206000017, -2.934836029 ], [ 30.479341616999989, -2.936391195 ], [ 30.480376438, -2.937812426 ], [ 30.481029681999985, -2.940788817 ], [ 30.48323661, -2.946350263 ], [ 30.485557856000014, -2.947249435 ], [ 30.487296872, -2.947308706 ], [ 30.489079840999977, -2.947463324000012 ], [ 30.490497227999981, -2.947233341000015 ], [ 30.492582803, -2.946746600999973 ], [ 30.494791055, -2.947814617 ], [ 30.49776019799998, -2.949535954 ], [ 30.501225117999979, -2.952962499000023 ], [ 30.50482987700002, -2.952433094000014 ], [ 30.506713322, -2.950019700999974 ], [ 30.509461752, -2.950864473000024 ], [ 30.511256792999973, -2.948268910000024 ], [ 30.517164385, -2.942811471000027 ], [ 30.522314524000024, -2.941067315 ], [ 30.523973109999986, -2.940459004 ], [ 30.524303261999989, -2.939959514 ], [ 30.524896994000017, -2.938410066000017 ], [ 30.525358842, -2.937204791 ], [ 30.525566751999975, -2.936662214000023 ], [ 30.525900517000025, -2.935791199 ], [ 30.526358179, -2.935553256999981 ], [ 30.526856717999976, -2.935409118999985 ], [ 30.527277716000015, -2.935268865000012 ], [ 30.527791781000019, -2.934604717000013 ], [ 30.528179167000019, -2.934540465 ], [ 30.52889396, -2.933523308000019 ], [ 30.529460977999975, -2.931983753999987 ], [ 30.529979088, -2.931510705 ], [ 30.531043489000012, -2.930580110999983 ], [ 30.531608049, -2.930272179999974 ], [ 30.532608370999981, -2.930323104000024 ], [ 30.533780334000028, -2.93035568099998 ], [ 30.535455018999983, -2.930133319 ], [ 30.537299044, -2.929833637 ], [ 30.538888217000022, -2.92810704599998 ], [ 30.540633198000023, -2.925308880999978 ], [ 30.541785861, -2.923460528000021 ], [ 30.543731369, -2.921954857 ], [ 30.546110949000024, -2.923318759999972 ], [ 30.547822358000019, -2.924148222999975 ], [ 30.548908690000019, -2.924933778000025 ], [ 30.550657398, -2.925740999000027 ], [ 30.549290639, -2.928773375999981 ], [ 30.548492276, -2.931773350000014 ], [ 30.544925123999974, -2.933759623000014 ], [ 30.543546693999986, -2.935128643999974 ], [ 30.54321010000001, -2.93688129100002 ], [ 30.542625492000013, -2.93854896 ], [ 30.540910438000026, -2.939685541000017 ], [ 30.540962214, -2.940788667999982 ], [ 30.540094023999984, -2.942513486 ], [ 30.539916428000026, -2.943546115 ], [ 30.540443130000028, -2.944153474000018 ], [ 30.541015599, -2.945180568000012 ], [ 30.541781660000026, -2.946097797999983 ], [ 30.543049852000024, -2.947868496000012 ], [ 30.541971051000019, -2.950664083999982 ], [ 30.539579093999976, -2.953734971000017 ], [ 30.540382341, -2.956383659999972 ], [ 30.541043689, -2.958617694999987 ], [ 30.540307864999988, -2.959802583 ], [ 30.540187651, -2.961849229 ], [ 30.540260057000012, -2.964094951999982 ], [ 30.540320878999978, -2.966156537000018 ], [ 30.540550097999983, -2.969152781 ], [ 30.541330786, -2.970983489 ], [ 30.542203251999979, -2.972935586 ], [ 30.542804573000012, -2.975222853999981 ], [ 30.541817891, -2.978605398000013 ], [ 30.539978615999985, -2.981880779999983 ], [ 30.539314221999973, -2.988431928000011 ], [ 30.53742762600001, -2.993342357000017 ], [ 30.538271699, -3.001298924000025 ], [ 30.535801155, -3.006200766 ], [ 30.534458337, -3.010275374 ], [ 30.531411363000018, -3.013120383 ], [ 30.528903363999973, -3.016653067999982 ], [ 30.524201353000024, -3.023850803000016 ], [ 30.520908701, -3.032682384999987 ], [ 30.514608303999978, -3.044194061999974 ], [ 30.50426067, -3.056548108000015 ], [ 30.496306694999987, -3.066545307000013 ], [ 30.485787242000015, -3.079917959 ], [ 30.465519426000014, -3.106272795999985 ], [ 30.458464149, -3.115490559000023 ], [ 30.449869636000017, -3.12678551800002 ], [ 30.440112133000014, -3.137048435 ], [ 30.430351056, -3.146275450000019 ], [ 30.412109516999976, -3.162523917999977 ], [ 30.395524903000023, -3.173457344999974 ], [ 30.388074954999979, -3.180475434000016 ], [ 30.381523846, -3.18658403400002 ], [ 30.373432428, -3.194510920000027 ], [ 30.365854581, -3.201918127 ], [ 30.363679826, -3.206717280000021 ], [ 30.353131491, -3.212062167999989 ], [ 30.348750549999977, -3.212076614000011 ], [ 30.342212040999982, -3.222200360999977 ], [ 30.330010135, -3.234285646999979 ], [ 30.326408478000019, -3.236240291 ], [ 30.317415857000015, -3.244688634 ], [ 30.311640388, -3.251831241 ], [ 30.304952243, -3.255738897000015 ], [ 30.291988923000019, -3.271712767999986 ], [ 30.285184757000025, -3.27963609699998 ], [ 30.276578007000012, -3.288083534 ], [ 30.269770247, -3.294970802000023 ], [ 30.261675766, -3.302509991000022 ], [ 30.257692914000017, -3.306279393000011 ], [ 30.222987593000028, -3.334631027 ], [ 30.216564483000013, -3.341128735999973 ], [ 30.20460462, -3.349328624 ], [ 30.198178319000021, -3.354919691000021 ], [ 30.191746038000019, -3.358697318999987 ], [ 30.182095581, -3.363780862 ], [ 30.177727091, -3.36806988 ], [ 30.175277269, -3.367818833 ], [ 30.174118903000021, -3.368340773999989 ], [ 30.169094955999981, -3.369263976000013 ], [ 30.161098423999988, -3.367735630000027 ], [ 30.159410665, -3.363984505000019 ], [ 30.156305916, -3.360497047000024 ], [ 30.151538442, -3.361030683000024 ], [ 30.14741791900002, -3.362339444999975 ], [ 30.144983012000012, -3.36675171600001 ], [ 30.142917324999985, -3.365722086 ], [ 30.140321115, -3.360030680000023 ], [ 30.141469586000028, -3.35639981700001 ], [ 30.139782756999978, -3.352907647 ], [ 30.140680482, -3.351479799 ], [ 30.140542907, -3.34875987700002 ], [ 30.142209874, -3.346034144999976 ], [ 30.142584173999978, -3.34214671 ], [ 30.139353372000016, -3.339505723 ] ] ] ] } },
{ "type": "Feature", "properties": { "SITE_ID": 9161, "SITE_PID": "9161", "SITE_TYPE": "PA", "NAME_ENG": "Kibira", "NAME": "Kibira", "DESIG": "Parc National", "DESIG_ENG": "National Park", "DESIG_TYPE": "National", "IUCN_CAT": "II", "INT_CRIT": "Not Applicable", "REALM": "Terrestrial", "REP_M_AREA": 0.0, "GIS_M_AREA": 0.0, "REP_AREA": 400.0, "GIS_AREA": 477.46113438272602, "NO_TAKE": "Not Applicable", "NO_TK_AREA": 0.0, "STATUS": "Designated", "STATUS_YR": 1934, "GOV_TYPE": "Federal or national ministry or agency", "GOVSUBTYPE": "Not Applicable", "OWN_TYPE": "State", "OWNSUBTYPE": "Not Applicable", "MANG_AUTH": "OBPE", "MANG_PLAN": "Available 2014", "VERIF": "State Verified", "METADATAID": 1956, "PRNT_ISO3": "BDI", "ISO3": "BDI", "SUPP_INFO": "Not Applicable", "CONS_OBJ": "Not Applicable", "INLND_WTRS": "Not Reported", "OECM_ASMT": "Not Applicable" }, "geometry": { "type": "MultiPolygon", "coordinates": [ [ [ [ 29.441889, -2.806722 ], [ 29.447028, -2.807528 ], [ 29.449278, -2.807222 ], [ 29.454056, -2.812917 ], [ 29.457417, -2.816139 ], [ 29.458639, -2.819833 ], [ 29.460028, -2.819583 ], [ 29.461361, -2.821528 ], [ 29.462306, -2.820361 ], [ 29.463722, -2.819139 ], [ 29.464418734999981, -2.822009467999976 ], [ 29.464, -2.825806 ], [ 29.463611, -2.829333 ], [ 29.463278, -2.829611 ], [ 29.462278, -2.831972 ], [ 29.464694, -2.839139 ], [ 29.464722, -2.843556 ], [ 29.466333, -2.846861 ], [ 29.4675, -2.848444 ], [ 29.46765043900001, -2.84980594000001 ], [ 29.468753721999974, -2.852799485999981 ], [ 29.469278, -2.854222 ], [ 29.474222, -2.859889 ], [ 29.473, -2.860528 ], [ 29.477139, -2.861472 ], [ 29.480361, -2.863306 ], [ 29.483, -2.867167 ], [ 29.486778, -2.867556 ], [ 29.487778, -2.866778 ], [ 29.492806, -2.865722 ], [ 29.493667, -2.865778 ], [ 29.497139, -2.864722 ], [ 29.498158873000023, -2.858039169999984 ], [ 29.496135762999984, -2.858013727000014 ], [ 29.496194, -2.853333 ], [ 29.496222, -2.851083 ], [ 29.501611, -2.849278 ], [ 29.509139, -2.850278 ], [ 29.517361, -2.852861 ], [ 29.52, -2.853306 ], [ 29.521278, -2.864361 ], [ 29.526556, -2.868972 ], [ 29.528917, -2.875611 ], [ 29.528694, -2.879611 ], [ 29.528861, -2.881611 ], [ 29.528833, -2.882417 ], [ 29.526, -2.886806 ], [ 29.525139, -2.889444 ], [ 29.523917, -2.894028 ], [ 29.523694, -2.894 ], [ 29.52325, -2.894083 ], [ 29.522779261999972, -2.894979652000018 ], [ 29.522722, -2.895111 ], [ 29.522528, -2.895556 ], [ 29.522167, -2.895889 ], [ 29.519944, -2.896806 ], [ 29.519583, -2.897444 ], [ 29.518333, -2.898972 ], [ 29.518222, -2.901472 ], [ 29.518, -2.902889 ], [ 29.513877184000023, -2.905143727 ], [ 29.513861, -2.904667 ], [ 29.513778, -2.902222 ], [ 29.506306, -2.903806 ], [ 29.503993461, -2.90264649 ], [ 29.505861, -2.901694 ], [ 29.51, -2.899583 ], [ 29.508361, -2.898111 ], [ 29.507118876999982, -2.898061225999982 ], [ 29.506439377, -2.897440030999974 ], [ 29.505806, -2.896861 ], [ 29.503972, -2.898889 ], [ 29.503278, -2.900417 ], [ 29.496847447999983, -2.911760992999973 ], [ 29.497515530999976, -2.912918721999972 ], [ 29.500528, -2.918139 ], [ 29.503056, -2.921917 ], [ 29.502806, -2.923139 ], [ 29.5045, -2.925333 ], [ 29.505958811000028, -2.925513863 ], [ 29.507194, -2.925667 ], [ 29.506861, -2.928333 ], [ 29.510333, -2.930583 ], [ 29.511917, -2.930028 ], [ 29.509389, -2.938278 ], [ 29.510583, -2.947306 ], [ 29.514056, -2.949917 ], [ 29.512, -2.950806 ], [ 29.508889, -2.952611 ], [ 29.519583, -2.954583 ], [ 29.519611, -2.951139 ], [ 29.518361, -2.950722 ], [ 29.520083, -2.949583 ], [ 29.52075, -2.947333 ], [ 29.522139, -2.947333 ], [ 29.520778, -2.943222 ], [ 29.521389, -2.942556 ], [ 29.523028, -2.942056 ], [ 29.528472, -2.941056 ], [ 29.530806, -2.943083 ], [ 29.529361, -2.943972 ], [ 29.532352068000023, -2.945548456999973 ], [ 29.533174251999981, -2.945981790000019 ], [ 29.534, -2.946417 ], [ 29.531778, -2.947417 ], [ 29.530833, -2.947194 ], [ 29.530528, -2.947806 ], [ 29.528694, -2.9495 ], [ 29.528611, -2.950917 ], [ 29.527083, -2.952583 ], [ 29.528056, -2.956056 ], [ 29.529139, -2.956111 ], [ 29.530028, -2.956861 ], [ 29.531119527999977, -2.959551092000027 ], [ 29.53124078899998, -2.959849941000016 ], [ 29.531944, -2.961583 ], [ 29.530694, -2.96225 ], [ 29.532028, -2.963306 ], [ 29.53575, -2.966556 ], [ 29.535167, -2.967639 ], [ 29.535444, -2.968639 ], [ 29.536472, -2.968861 ], [ 29.537722, -2.969111 ], [ 29.537722, -2.970972 ], [ 29.537639, -2.971222 ], [ 29.538139, -2.974472 ], [ 29.538407541000026, -2.975030546000028 ], [ 29.538646319, -2.975527182 ], [ 29.539528, -2.977361 ], [ 29.538194, -2.978111 ], [ 29.539917, -2.979944 ], [ 29.537889, -2.982917 ], [ 29.537889, -2.983028 ], [ 29.540889, -2.982917 ], [ 29.541861, -2.984194 ], [ 29.540028, -2.985278 ], [ 29.542417, -2.986056 ], [ 29.546139, -2.988222 ], [ 29.547639, -2.988889 ], [ 29.543917, -2.988806 ], [ 29.54375, -2.988806 ], [ 29.541863021999973, -2.989943685000014 ], [ 29.540960799, -2.990487647 ], [ 29.540111, -2.991 ], [ 29.537028, -2.990556 ], [ 29.536167, -2.990472 ], [ 29.536333, -2.991833 ], [ 29.535889, -2.992083 ], [ 29.538639000999979, -2.992833 ], [ 29.540389, -2.992611 ], [ 29.540444, -2.99325 ], [ 29.541639, -2.992583 ], [ 29.542083, -2.992806 ], [ 29.54275, -2.994167 ], [ 29.544611, -2.994222 ], [ 29.543139, -2.993 ], [ 29.544111, -2.990861 ], [ 29.545528, -2.991361 ], [ 29.544611, -2.992778 ], [ 29.546389, -2.992472 ], [ 29.547194, -2.992583 ], [ 29.545611, -2.995389 ], [ 29.542806, -2.996222 ], [ 29.541694, -2.996111 ], [ 29.541639, -2.9995 ], [ 29.543111, -2.998194 ], [ 29.546917, -2.998694 ], [ 29.547611, -2.999778 ], [ 29.544722, -3.002861 ], [ 29.54420614999998, -3.005136315000016 ], [ 29.544111, -3.005556 ], [ 29.543389, -3.007222 ], [ 29.546472, -3.007583 ], [ 29.54775, -3.009139 ], [ 29.546306, -3.010389 ], [ 29.543528, -3.010389 ], [ 29.544722, -3.011 ], [ 29.544389, -3.011444 ], [ 29.545861, -3.011833 ], [ 29.547889, -3.013639 ], [ 29.549028, -3.016194 ], [ 29.548917, -3.018333 ], [ 29.551722, -3.018361 ], [ 29.551417, -3.019889 ], [ 29.554667, -3.019778 ], [ 29.553639, -3.021583 ], [ 29.557111, -3.021611 ], [ 29.559111, -3.021556 ], [ 29.560972, -3.021778 ], [ 29.562333, -3.021972 ], [ 29.56425, -3.02425 ], [ 29.563028, -3.0245 ], [ 29.562833, -3.024667 ], [ 29.562722, -3.024667 ], [ 29.562528, -3.02475 ], [ 29.562611, -3.024833 ], [ 29.562611, -3.024944 ], [ 29.562694, -3.024944 ], [ 29.562889, -3.024944 ], [ 29.563, -3.025 ], [ 29.563194, -3.025278 ], [ 29.563306, -3.025333 ], [ 29.563361, -3.025361 ], [ 29.563361, -3.0255 ], [ 29.563389, -3.025611 ], [ 29.563278, -3.026 ], [ 29.563333, -3.026167 ], [ 29.563417, -3.026306 ], [ 29.563528, -3.026444 ], [ 29.5635, -3.0265 ], [ 29.563444, -3.026528 ], [ 29.563278, -3.026389 ], [ 29.563139, -3.026111 ], [ 29.563, -3.02575 ], [ 29.562861, -3.025639 ], [ 29.562556, -3.025667 ], [ 29.562167, -3.025778 ], [ 29.561694, -3.025889 ], [ 29.561944, -3.025917 ], [ 29.562361, -3.026028 ], [ 29.5625, -3.026167 ], [ 29.562611, -3.026417 ], [ 29.562917, -3.027 ], [ 29.563028, -3.027194 ], [ 29.563139, -3.02725 ], [ 29.563361, -3.027306 ], [ 29.563472, -3.027472 ], [ 29.5635, -3.0275 ], [ 29.563528, -3.027528 ], [ 29.563278, -3.0275 ], [ 29.562306, -3.027306 ], [ 29.562278, -3.027583 ], [ 29.562082998999983, -3.027333 ], [ 29.561889, -3.027444 ], [ 29.561778, -3.027583 ], [ 29.561556, -3.027778 ], [ 29.561417, -3.028028 ], [ 29.561167, -3.028556 ], [ 29.561083, -3.028694 ], [ 29.561056, -3.028778 ], [ 29.560944, -3.028861 ], [ 29.560722, -3.028917 ], [ 29.560528, -3.028972 ], [ 29.560306, -3.029194 ], [ 29.560028, -3.028944 ], [ 29.559944, -3.028806 ], [ 29.55975, -3.028861 ], [ 29.559194, -3.028889 ], [ 29.559139, -3.028889 ], [ 29.559139, -3.029 ], [ 29.559167, -3.02925 ], [ 29.558611, -3.029444 ], [ 29.558306, -3.029194 ], [ 29.558472, -3.029667 ], [ 29.558611, -3.029639 ], [ 29.558722, -3.029833 ], [ 29.558889, -3.029861 ], [ 29.559, -3.03 ], [ 29.559139, -3.03025 ], [ 29.559278, -3.0305 ], [ 29.559444, -3.030667 ], [ 29.5595, -3.03075 ], [ 29.559583, -3.030889 ], [ 29.559556, -3.031028 ], [ 29.559833, -3.031056 ], [ 29.560361, -3.031333 ], [ 29.560583, -3.031444 ], [ 29.560556, -3.031722 ], [ 29.560417, -3.032028 ], [ 29.560389, -3.032278 ], [ 29.560333, -3.032694 ], [ 29.560333, -3.032944 ], [ 29.560278, -3.033389 ], [ 29.560306, -3.033389 ], [ 29.560333, -3.033722 ], [ 29.560333, -3.03375 ], [ 29.560278, -3.034028 ], [ 29.560361, -3.03425 ], [ 29.560333, -3.034611 ], [ 29.560278, -3.03475 ], [ 29.560278, -3.034833 ], [ 29.560111, -3.034611 ], [ 29.56, -3.034528 ], [ 29.559972, -3.034417 ], [ 29.559833, -3.034417 ], [ 29.559583, -3.034417 ], [ 29.55925, -3.034389 ], [ 29.558917, -3.034472 ], [ 29.558889, -3.034417 ], [ 29.55875, -3.0345 ], [ 29.558917, -3.034583 ], [ 29.559056, -3.034611 ], [ 29.55925, -3.03475 ], [ 29.559333, -3.034778 ], [ 29.559444, -3.034861 ], [ 29.559528, -3.034972 ], [ 29.559611, -3.035083 ], [ 29.559583, -3.03525 ], [ 29.559611, -3.035472 ], [ 29.559639, -3.035667 ], [ 29.559639, -3.035917 ], [ 29.559618758, -3.035956763 ], [ 29.559694, -3.036139 ], [ 29.559667, -3.036222 ], [ 29.559806, -3.036472 ], [ 29.559806, -3.036583 ], [ 29.559778, -3.036639 ], [ 29.55975, -3.036778 ], [ 29.559667, -3.037028 ], [ 29.559639, -3.037083 ], [ 29.559639, -3.037139 ], [ 29.559667, -3.037389 ], [ 29.559667, -3.0375 ], [ 29.559722, -3.037667 ], [ 29.55975, -3.037778 ], [ 29.559833, -3.037944 ], [ 29.559778, -3.038056 ], [ 29.559778, -3.038111 ], [ 29.55975, -3.038389 ], [ 29.559722, -3.038528 ], [ 29.559583, -3.038667 ], [ 29.559583, -3.03875 ], [ 29.559722, -3.038833 ], [ 29.559917, -3.038972 ], [ 29.560083, -3.039028 ], [ 29.560167, -3.039167 ], [ 29.560194, -3.039389 ], [ 29.560167, -3.039667 ], [ 29.560139, -3.039722 ], [ 29.560278, -3.039833 ], [ 29.560444, -3.040028 ], [ 29.560472, -3.040222 ], [ 29.5605, -3.040306 ], [ 29.560694, -3.040417 ], [ 29.560639, -3.040528 ], [ 29.560722, -3.040722 ], [ 29.560694, -3.040778 ], [ 29.560639, -3.040889 ], [ 29.560583, -3.040944 ], [ 29.560444, -3.041028 ], [ 29.560333, -3.041167 ], [ 29.560139, -3.041333 ], [ 29.56, -3.041389 ], [ 29.559861, -3.041417 ], [ 29.55975, -3.041722 ], [ 29.559778, -3.041889 ], [ 29.559722, -3.041972 ], [ 29.55975, -3.042028 ], [ 29.559556, -3.042222 ], [ 29.55975, -3.042472 ], [ 29.559667, -3.042472 ], [ 29.559944, -3.042556 ], [ 29.560139, -3.042667 ], [ 29.56025, -3.042639 ], [ 29.560472, -3.042556 ], [ 29.560694, -3.0425 ], [ 29.560889, -3.042444 ], [ 29.561056, -3.0425 ], [ 29.561222, -3.042611 ], [ 29.5615, -3.042639 ], [ 29.561583, -3.04275 ], [ 29.561611, -3.042917 ], [ 29.561639, -3.043 ], [ 29.561833, -3.043111 ], [ 29.562028, -3.043194 ], [ 29.562361, -3.043194 ], [ 29.562722, -3.0435 ], [ 29.562889, -3.043667 ], [ 29.563222, -3.04375 ], [ 29.563306, -3.043972 ], [ 29.563444, -3.044111 ], [ 29.563583, -3.044222 ], [ 29.563639, -3.044278 ], [ 29.56375, -3.044444 ], [ 29.563778, -3.044583 ], [ 29.563917, -3.044861 ], [ 29.564056, -3.044889 ], [ 29.564222, -3.045083 ], [ 29.564417, -3.045 ], [ 29.565028, -3.044972 ], [ 29.565389, -3.045 ], [ 29.565611, -3.045 ], [ 29.565778, -3.045167 ], [ 29.565861, -3.04525 ], [ 29.565861, -3.045278 ], [ 29.566083, -3.045611 ], [ 29.566222, -3.045667 ], [ 29.566333, -3.045778 ], [ 29.566472, -3.045889 ], [ 29.566583, -3.046056 ], [ 29.566611, -3.046194 ], [ 29.566694, -3.046361 ], [ 29.56675, -3.046472 ], [ 29.566806, -3.046639 ], [ 29.566861, -3.046778 ], [ 29.567111, -3.047139 ], [ 29.567222, -3.04725 ], [ 29.567472, -3.047389 ], [ 29.567833, -3.047528 ], [ 29.568056, -3.047528 ], [ 29.568333, -3.047361 ], [ 29.568444, -3.047278 ], [ 29.568806, -3.047194 ], [ 29.569083, -3.047083 ], [ 29.569194, -3.046833 ], [ 29.569278, -3.046722 ], [ 29.569444, -3.046611 ], [ 29.569611, -3.046583 ], [ 29.569778, -3.046528 ], [ 29.569944, -3.046528 ], [ 29.570167, -3.046667 ], [ 29.570361, -3.046778 ], [ 29.570472, -3.046944 ], [ 29.570528, -3.047139 ], [ 29.570611, -3.047278 ], [ 29.570667, -3.047528 ], [ 29.570639, -3.047861 ], [ 29.570583, -3.048278 ], [ 29.570611, -3.0485 ], [ 29.570444, -3.048667 ], [ 29.570417, -3.04875 ], [ 29.57025, -3.048972 ], [ 29.570139, -3.049194 ], [ 29.569917, -3.049333 ], [ 29.569778, -3.049556 ], [ 29.5695, -3.049583 ], [ 29.569333, -3.049056 ], [ 29.569028, -3.0495 ], [ 29.568833, -3.049472 ], [ 29.568556, -3.049389 ], [ 29.568472, -3.049444 ], [ 29.568306, -3.049472 ], [ 29.568111, -3.049694 ], [ 29.568083, -3.049778 ], [ 29.568028, -3.049944 ], [ 29.567861, -3.050139 ], [ 29.56775, -3.05025 ], [ 29.567611, -3.050333 ], [ 29.567374373, -3.050464565000027 ], [ 29.567111, -3.050583 ], [ 29.567, -3.050611 ], [ 29.56675, -3.050722 ], [ 29.567194, -3.050778 ], [ 29.56725, -3.051056 ], [ 29.567222, -3.05125 ], [ 29.567417, -3.0515 ], [ 29.5675, -3.051667 ], [ 29.567667, -3.051861 ], [ 29.567703567000024, -3.052064445999974 ], [ 29.567714916, -3.052127586999973 ], [ 29.567722, -3.052167 ], [ 29.567889, -3.052278 ], [ 29.567972, -3.052417 ], [ 29.568, -3.052472 ], [ 29.567972, -3.052639 ], [ 29.567917, -3.052722 ], [ 29.567833, -3.053 ], [ 29.567694, -3.053111 ], [ 29.567611, -3.05325 ], [ 29.567583, -3.053361 ], [ 29.567528, -3.053583 ], [ 29.567472, -3.053667 ], [ 29.567361, -3.053778 ], [ 29.567194, -3.053889 ], [ 29.567028, -3.053944 ], [ 29.566972, -3.053917 ], [ 29.566944, -3.053944 ], [ 29.566944, -3.054111 ], [ 29.566861, -3.054222 ], [ 29.56675, -3.054389 ], [ 29.566749999000024, -3.054694 ], [ 29.566889, -3.054722 ], [ 29.567139, -3.054694 ], [ 29.567194, -3.054722 ], [ 29.567333, -3.05475 ], [ 29.567444, -3.05475 ], [ 29.567528, -3.054472 ], [ 29.567694, -3.054722 ], [ 29.567722, -3.054806 ], [ 29.567833, -3.054972 ], [ 29.567861, -3.055083 ], [ 29.567833, -3.055278 ], [ 29.567806, -3.055472 ], [ 29.567861, -3.055694 ], [ 29.567889, -3.055917 ], [ 29.568, -3.056 ], [ 29.568028, -3.056139 ], [ 29.568083, -3.056361 ], [ 29.568139, -3.056611 ], [ 29.568194, -3.056806 ], [ 29.568278, -3.057167 ], [ 29.568306, -3.057306 ], [ 29.56825, -3.057417 ], [ 29.568222, -3.057639 ], [ 29.56825, -3.057889 ], [ 29.568222, -3.058028 ], [ 29.568361, -3.058194 ], [ 29.568306, -3.058389 ], [ 29.568306, -3.058556 ], [ 29.568417, -3.058722 ], [ 29.568361, -3.058917 ], [ 29.568472, -3.059139 ], [ 29.568611, -3.059194 ], [ 29.568528, -3.059222 ], [ 29.568278, -3.059389 ], [ 29.568389, -3.059639 ], [ 29.568639, -3.059528 ], [ 29.568833, -3.059667 ], [ 29.569028, -3.059722 ], [ 29.569139, -3.05975 ], [ 29.569306, -3.059722 ], [ 29.5695, -3.05975 ], [ 29.569556, -3.059722 ], [ 29.569833, -3.059833 ], [ 29.569917, -3.059861 ], [ 29.57, -3.059917 ], [ 29.570083, -3.060083 ], [ 29.570194, -3.060139 ], [ 29.570278, -3.060222 ], [ 29.570472, -3.060139 ], [ 29.570611, -3.060139 ], [ 29.570861, -3.060306 ], [ 29.570972, -3.060333 ], [ 29.571278, -3.060472 ], [ 29.571361, -3.060583 ], [ 29.571389, -3.06075 ], [ 29.571278, -3.060833 ], [ 29.570861, -3.061111 ], [ 29.570694, -3.061056 ], [ 29.570472, -3.061056 ], [ 29.570306, -3.061139 ], [ 29.570028, -3.061361 ], [ 29.569972, -3.061472 ], [ 29.569806, -3.061333 ], [ 29.56975, -3.061194 ], [ 29.569667, -3.061139 ], [ 29.569472, -3.061028 ], [ 29.569389, -3.060861 ], [ 29.569278, -3.060722 ], [ 29.569, -3.0605 ], [ 29.568806, -3.060417 ], [ 29.568417, -3.060472 ], [ 29.568083, -3.0605 ], [ 29.567944, -3.060556 ], [ 29.567889, -3.060611 ], [ 29.567583, -3.060806 ], [ 29.5675, -3.061 ], [ 29.567417, -3.061333 ], [ 29.567528, -3.061694 ], [ 29.567556, -3.061694 ], [ 29.5675, -3.061778 ], [ 29.567333, -3.062 ], [ 29.56725, -3.062 ], [ 29.567111, -3.061944 ], [ 29.566972, -3.062028 ], [ 29.56675, -3.061972 ], [ 29.566639, -3.061972 ], [ 29.566472, -3.062 ], [ 29.566222, -3.062056 ], [ 29.566194, -3.062028 ], [ 29.566028, -3.062028 ], [ 29.565861, -3.062028 ], [ 29.565722, -3.061972 ], [ 29.565667, -3.061917 ], [ 29.565722, -3.062028 ], [ 29.56575, -3.062056 ], [ 29.566, -3.062139 ], [ 29.566111, -3.062139 ], [ 29.5665, -3.062361 ], [ 29.566694, -3.062667 ], [ 29.566667, -3.062972 ], [ 29.566778, -3.062972 ], [ 29.567056, -3.063028 ], [ 29.567111, -3.063111 ], [ 29.56725, -3.063222 ], [ 29.567417, -3.063361 ], [ 29.567556, -3.063556 ], [ 29.567611, -3.063667 ], [ 29.567639, -3.063889 ], [ 29.567583, -3.064028 ], [ 29.5675, -3.064194 ], [ 29.567389, -3.064333 ], [ 29.567389, -3.064528 ], [ 29.567389, -3.064694 ], [ 29.567306, -3.064861 ], [ 29.567278, -3.064944 ], [ 29.567083, -3.065167 ], [ 29.567083, -3.06525 ], [ 29.566778, -3.065472 ], [ 29.566861, -3.065472 ], [ 29.566778, -3.065611 ], [ 29.567111, -3.065528 ], [ 29.567222, -3.065444 ], [ 29.567361, -3.065444 ], [ 29.567528, -3.065389 ], [ 29.567711358999986, -3.065526933 ], [ 29.567833, -3.065722 ], [ 29.568, -3.065806 ], [ 29.568194, -3.065917 ], [ 29.56825, -3.066083 ], [ 29.568389, -3.066 ], [ 29.568611, -3.066028 ], [ 29.568694, -3.066 ], [ 29.568972, -3.066028 ], [ 29.569083, -3.065833 ], [ 29.569417, -3.065639 ], [ 29.569556, -3.065583 ], [ 29.569694, -3.065556 ], [ 29.569833, -3.065667 ], [ 29.570028, -3.06575 ], [ 29.570333, -3.065778 ], [ 29.570472, -3.065833 ], [ 29.570639, -3.065944 ], [ 29.570778, -3.066028 ], [ 29.570889, -3.066194 ], [ 29.571, -3.066333 ], [ 29.570944, -3.0665 ], [ 29.570917, -3.066722 ], [ 29.570972, -3.066972 ], [ 29.571028, -3.067083 ], [ 29.570917, -3.06725 ], [ 29.570722, -3.067472 ], [ 29.570611, -3.067611 ], [ 29.570556, -3.067722 ], [ 29.570389, -3.067833 ], [ 29.570222, -3.067944 ], [ 29.570111, -3.068167 ], [ 29.569972, -3.068111 ], [ 29.569889, -3.06825 ], [ 29.569778, -3.068278 ], [ 29.56975, -3.068333 ], [ 29.569611, -3.068389 ], [ 29.569556, -3.068556 ], [ 29.5695, -3.068833 ], [ 29.569583, -3.068944 ], [ 29.569556, -3.069 ], [ 29.569417, -3.069139 ], [ 29.569278, -3.06925 ], [ 29.569194, -3.069333 ], [ 29.569167, -3.069389 ], [ 29.569056, -3.069639 ], [ 29.569028, -3.069722 ], [ 29.569111, -3.069778 ], [ 29.569333, -3.069833 ], [ 29.569583, -3.069889 ], [ 29.569778, -3.070083 ], [ 29.569917, -3.070139 ], [ 29.570083, -3.070222 ], [ 29.570111, -3.070306 ], [ 29.570139, -3.070444 ], [ 29.570194, -3.070583 ], [ 29.570194, -3.070806 ], [ 29.570278, -3.070972 ], [ 29.570306, -3.071194 ], [ 29.570389, -3.071361 ], [ 29.570417, -3.0715 ], [ 29.570472, -3.071667 ], [ 29.5705, -3.071861 ], [ 29.570444, -3.071944 ], [ 29.5705, -3.072111 ], [ 29.570528, -3.072222 ], [ 29.570472, -3.072306 ], [ 29.570444, -3.072472 ], [ 29.570528, -3.072694 ], [ 29.570528, -3.072806 ], [ 29.570472, -3.072944 ], [ 29.570472, -3.073 ], [ 29.570639, -3.073 ], [ 29.570806, -3.073028 ], [ 29.571028, -3.072972 ], [ 29.571194, -3.072972 ], [ 29.571306, -3.072972 ], [ 29.571417, -3.073028 ], [ 29.571667, -3.073139 ], [ 29.571861, -3.073306 ], [ 29.571944, -3.0735 ], [ 29.572, -3.073611 ], [ 29.571972, -3.073833 ], [ 29.571917, -3.074083 ], [ 29.571917, -3.074278 ], [ 29.571889, -3.074528 ], [ 29.571833, -3.074694 ], [ 29.571806, -3.074889 ], [ 29.571806, -3.075083 ], [ 29.571778, -3.07525 ], [ 29.571667, -3.075361 ], [ 29.571667, -3.075389 ], [ 29.571694, -3.075417 ], [ 29.571889, -3.075611 ], [ 29.572056, -3.075667 ], [ 29.572222, -3.075722 ], [ 29.572472, -3.075722 ], [ 29.572833, -3.07575 ], [ 29.573139, -3.075833 ], [ 29.57325, -3.075917 ], [ 29.573417, -3.076 ], [ 29.5735, -3.076194 ], [ 29.573528, -3.076333 ], [ 29.5735, -3.076694 ], [ 29.5735, -3.076861 ], [ 29.573556, -3.077 ], [ 29.5735, -3.077222 ], [ 29.573417, -3.077361 ], [ 29.573417, -3.077611 ], [ 29.573444, -3.077806 ], [ 29.573389, -3.078111 ], [ 29.573333, -3.078333 ], [ 29.573278, -3.078611 ], [ 29.573361, -3.078833 ], [ 29.573361, -3.079056 ], [ 29.573361, -3.079361 ], [ 29.573444, -3.079556 ], [ 29.573494286000027, -3.079825379999988 ], [ 29.573472, -3.079917 ], [ 29.573583, -3.079944 ], [ 29.573667, -3.080083 ], [ 29.573833, -3.080167 ], [ 29.574028, -3.080306 ], [ 29.574167, -3.080472 ], [ 29.574204043, -3.080514388999973 ], [ 29.574361, -3.080694 ], [ 29.574528, -3.080861 ], [ 29.574694, -3.080972 ], [ 29.574889, -3.081111 ], [ 29.575028, -3.08125 ], [ 29.575111, -3.081361 ], [ 29.57525, -3.081528 ], [ 29.575278, -3.08175 ], [ 29.57525, -3.081889 ], [ 29.575194, -3.082028 ], [ 29.575083, -3.08225 ], [ 29.574944, -3.082611 ], [ 29.574667, -3.082722 ], [ 29.57475, -3.082889 ], [ 29.574639, -3.083083 ], [ 29.574528, -3.083167 ], [ 29.574444, -3.083361 ], [ 29.574278, -3.083528 ], [ 29.574139, -3.083667 ], [ 29.573972, -3.083639 ], [ 29.573889, -3.083611 ], [ 29.573861, -3.083611 ], [ 29.573944, -3.083861 ], [ 29.573889, -3.084111 ], [ 29.573611, -3.084111 ], [ 29.573361, -3.084361 ], [ 29.573167, -3.084389 ], [ 29.573083, -3.084611 ], [ 29.573222, -3.084722 ], [ 29.573472, -3.084778 ], [ 29.573667, -3.084722 ], [ 29.573806, -3.08475 ], [ 29.573972, -3.084778 ], [ 29.574167, -3.084722 ], [ 29.574361, -3.084639 ], [ 29.574528, -3.084694 ], [ 29.574722, -3.084694 ], [ 29.574917001000017, -3.084778 ], [ 29.575111, -3.084778 ], [ 29.57525, -3.084806 ], [ 29.575528, -3.084944 ], [ 29.575611, -3.085 ], [ 29.575861, -3.085333 ], [ 29.575917, -3.085444 ], [ 29.576056, -3.085722 ], [ 29.576111, -3.085972 ], [ 29.576278, -3.08625 ], [ 29.576444, -3.086417 ], [ 29.576472, -3.086667 ], [ 29.576556, -3.086917 ], [ 29.576611, -3.087083 ], [ 29.576667, -3.087222 ], [ 29.576722, -3.087528 ], [ 29.576611, -3.087806 ], [ 29.576583, -3.088 ], [ 29.576417, -3.08825 ], [ 29.576306, -3.088361 ], [ 29.576194, -3.088417 ], [ 29.576083, -3.088444 ], [ 29.575861, -3.088556 ], [ 29.575778, -3.088639 ], [ 29.575611, -3.088917 ], [ 29.575583, -3.088972 ], [ 29.575417, -3.089056 ], [ 29.575306, -3.089194 ], [ 29.575167, -3.089194 ], [ 29.575028, -3.089222 ], [ 29.574944, -3.089389 ], [ 29.574472, -3.089472 ], [ 29.574694, -3.089611 ], [ 29.574472, -3.08975 ], [ 29.574417, -3.089778 ], [ 29.574389, -3.089833 ], [ 29.574417, -3.089833 ], [ 29.574694, -3.089806 ], [ 29.575, -3.089694 ], [ 29.575472, -3.089889 ], [ 29.575667, -3.089889 ], [ 29.575917, -3.089833 ], [ 29.576139, -3.089806 ], [ 29.576278, -3.089778 ], [ 29.576444, -3.08975 ], [ 29.576694, -3.089639 ], [ 29.576944, -3.089611 ], [ 29.577167, -3.089583 ], [ 29.577361, -3.089528 ], [ 29.577528, -3.089528 ], [ 29.577694, -3.089583 ], [ 29.578, -3.08975 ], [ 29.578111, -3.089917 ], [ 29.578139, -3.090083 ], [ 29.57825, -3.090361 ], [ 29.578389, -3.090528 ], [ 29.578528, -3.090778 ], [ 29.578583, -3.090972 ], [ 29.578611, -3.091139 ], [ 29.578611, -3.091306 ], [ 29.578722, -3.0915 ], [ 29.578833, -3.091694 ], [ 29.578917, -3.091833 ], [ 29.579111, -3.092 ], [ 29.579167, -3.092111 ], [ 29.579167, -3.092167 ], [ 29.579472, -3.092278 ], [ 29.579583, -3.092361 ], [ 29.579722, -3.092611 ], [ 29.579722, -3.092861 ], [ 29.579694, -3.092972 ], [ 29.579639, -3.093111 ], [ 29.579583, -3.09325 ], [ 29.579361, -3.093417 ], [ 29.579278000999977, -3.093639 ], [ 29.57925, -3.09375 ], [ 29.579167, -3.093861 ], [ 29.579, -3.093917 ], [ 29.578972, -3.094 ], [ 29.578972, -3.094083 ], [ 29.579028, -3.094139 ], [ 29.579167, -3.094139 ], [ 29.579444, -3.094306 ], [ 29.579639, -3.094389 ], [ 29.579806, -3.094417 ], [ 29.579972, -3.094556 ], [ 29.580111, -3.094694 ], [ 29.580222, -3.094861 ], [ 29.580234987999972, -3.094951455 ], [ 29.58025, -3.095167 ], [ 29.580167, -3.095361 ], [ 29.580083, -3.095583 ], [ 29.580056, -3.095778 ], [ 29.579333, -3.096 ], [ 29.580194, -3.096139 ], [ 29.580361, -3.096333 ], [ 29.580472, -3.096444 ], [ 29.579972, -3.096639 ], [ 29.580472, -3.096694 ], [ 29.580528, -3.096694 ], [ 29.580472, -3.096917 ], [ 29.580528, -3.097139 ], [ 29.580639, -3.097222 ], [ 29.58075, -3.097472 ], [ 29.580889, -3.09775 ], [ 29.581028, -3.097861 ], [ 29.580833, -3.098 ], [ 29.580639, -3.097806 ], [ 29.580444, -3.097667 ], [ 29.580361, -3.0975 ], [ 29.580194, -3.097278 ], [ 29.579806, -3.09675 ], [ 29.579667, -3.096667 ], [ 29.579444, -3.096694 ], [ 29.579222, -3.096722 ], [ 29.578972, -3.096722 ], [ 29.578722, -3.096583 ], [ 29.579056, -3.096917 ], [ 29.578861, -3.097056 ], [ 29.578833, -3.097333 ], [ 29.57875, -3.097472 ], [ 29.578639, -3.097667 ], [ 29.5785, -3.097778 ], [ 29.578361, -3.097861 ], [ 29.578139, -3.097833 ], [ 29.577917, -3.097833 ], [ 29.577667, -3.097778 ], [ 29.57725, -3.097833 ], [ 29.577028, -3.09775 ], [ 29.577, -3.097722 ], [ 29.576722, -3.097583 ], [ 29.576667, -3.097722 ], [ 29.576472, -3.097861 ], [ 29.576361, -3.097917 ], [ 29.576222, -3.097944 ], [ 29.575917, -3.097917 ], [ 29.575611, -3.097833 ], [ 29.575389, -3.097972 ], [ 29.575222, -3.097917 ], [ 29.575028, -3.097806 ], [ 29.574917, -3.097806 ], [ 29.574694, -3.09775 ], [ 29.574611, -3.097861 ], [ 29.574556, -3.097917 ], [ 29.574611, -3.098222 ], [ 29.574389, -3.098278 ], [ 29.57425, -3.098389 ], [ 29.574167, -3.098528 ], [ 29.574056, -3.098583 ], [ 29.573972, -3.098611 ], [ 29.573861, -3.098778 ], [ 29.573889, -3.098833 ], [ 29.573944, -3.099278 ], [ 29.574306, -3.099222 ], [ 29.574333, -3.09925 ], [ 29.5745, -3.099333 ], [ 29.575, -3.099083 ], [ 29.574778, -3.099556 ], [ 29.574833, -3.099889 ], [ 29.574833, -3.099917 ], [ 29.575028, -3.099889 ], [ 29.575111, -3.099972 ], [ 29.575083, -3.100028 ], [ 29.575139, -3.100083 ], [ 29.575139, -3.10025 ], [ 29.575306, -3.1005 ], [ 29.575444, -3.100528 ], [ 29.575444, -3.100694 ], [ 29.576028, -3.100778 ], [ 29.576111, -3.10075 ], [ 29.576306, -3.100778 ], [ 29.5765, -3.100806 ], [ 29.576556, -3.100889 ], [ 29.576556, -3.100917 ], [ 29.576611, -3.101083 ], [ 29.576639, -3.101361 ], [ 29.576722, -3.101472 ], [ 29.576722, -3.10175 ], [ 29.576833, -3.10175 ], [ 29.576833, -3.102028 ], [ 29.576833, -3.102139 ], [ 29.576806, -3.102306 ], [ 29.576667, -3.102444 ], [ 29.576556, -3.102639 ], [ 29.576361, -3.102722 ], [ 29.576361, -3.10275 ], [ 29.576361, -3.102889 ], [ 29.576333, -3.103111 ], [ 29.576306, -3.103361 ], [ 29.57625, -3.103722 ], [ 29.576083, -3.103972 ], [ 29.576028, -3.104056 ], [ 29.575944, -3.104083 ], [ 29.575722, -3.104222 ], [ 29.575472, -3.104222 ], [ 29.575139, -3.104278 ], [ 29.574889, -3.104306 ], [ 29.574667, -3.10425 ], [ 29.574417, -3.10425 ], [ 29.574306, -3.10425 ], [ 29.574028, -3.104306 ], [ 29.573917, -3.104361 ], [ 29.57375, -3.104583 ], [ 29.573639, -3.104667 ], [ 29.573389, -3.104778 ], [ 29.57325, -3.104667 ], [ 29.573056, -3.104611 ], [ 29.572944, -3.104556 ], [ 29.572806, -3.104639 ], [ 29.572639, -3.104667 ], [ 29.572556, -3.104639 ], [ 29.572222, -3.104667 ], [ 29.572, -3.104778 ], [ 29.571889, -3.104778 ], [ 29.571806, -3.104694 ], [ 29.57175, -3.10475 ], [ 29.571718066000017, -3.104752486 ], [ 29.571639, -3.104806 ], [ 29.571639, -3.105111 ], [ 29.571583, -3.105278 ], [ 29.571667, -3.1055 ], [ 29.571722, -3.105722 ], [ 29.57175, -3.106167 ], [ 29.571639, -3.106167 ], [ 29.571556, -3.106361 ], [ 29.571361, -3.106444 ], [ 29.571139, -3.106361 ], [ 29.570972, -3.106306 ], [ 29.570667, -3.106139 ], [ 29.570444, -3.106 ], [ 29.570167, -3.105972 ], [ 29.569833, -3.106 ], [ 29.569694, -3.106111 ], [ 29.569667, -3.106167 ], [ 29.569806, -3.106583 ], [ 29.569888999, -3.10675 ], [ 29.57, -3.106917 ], [ 29.570111, -3.107111 ], [ 29.57025, -3.1075 ], [ 29.57025, -3.107806 ], [ 29.570139, -3.107917 ], [ 29.569611, -3.107972 ], [ 29.569389, -3.107889 ], [ 29.569, -3.107722 ], [ 29.569028, -3.107611 ], [ 29.568694, -3.107583 ], [ 29.568472, -3.107528 ], [ 29.56825, -3.107389 ], [ 29.567889, -3.107306 ], [ 29.567528, -3.107361 ], [ 29.567639, -3.107611 ], [ 29.567778, -3.107833 ], [ 29.567778, -3.107944 ], [ 29.567556, -3.108056 ], [ 29.567361, -3.108083 ], [ 29.567167, -3.108139 ], [ 29.567028, -3.108222 ], [ 29.567056, -3.108444 ], [ 29.567139, -3.108694 ], [ 29.56725, -3.108972 ], [ 29.567277741, -3.109074277 ], [ 29.567333, -3.109278 ], [ 29.567278, -3.109417 ], [ 29.567111, -3.109611 ], [ 29.566861, -3.109778 ], [ 29.566639, -3.109944 ], [ 29.5665, -3.11 ], [ 29.566333, -3.109944 ], [ 29.566222, -3.109778 ], [ 29.566111, -3.109583 ], [ 29.565944, -3.109472 ], [ 29.565778, -3.109472 ], [ 29.565667, -3.109694 ], [ 29.565639, -3.109861 ], [ 29.565611, -3.109944 ], [ 29.565444, -3.11025 ], [ 29.565528, -3.110472 ], [ 29.565611, -3.110611 ], [ 29.565667, -3.110806 ], [ 29.565611, -3.110944 ], [ 29.565722, -3.111139 ], [ 29.565778, -3.111306 ], [ 29.565833, -3.111528 ], [ 29.565833, -3.11175 ], [ 29.565833, -3.111833 ], [ 29.565833, -3.112 ], [ 29.566028, -3.112306 ], [ 29.566083, -3.112444 ], [ 29.566139, -3.112639 ], [ 29.566222, -3.112889 ], [ 29.566193999, -3.113056 ], [ 29.566056, -3.113222 ], [ 29.566, -3.113361 ], [ 29.565833, -3.113528 ], [ 29.565722, -3.113639 ], [ 29.565639, -3.113806 ], [ 29.565611, -3.114028 ], [ 29.565583, -3.114222 ], [ 29.565583, -3.114472 ], [ 29.565667, -3.114722 ], [ 29.565667, -3.114972 ], [ 29.565694, -3.115222 ], [ 29.565694, -3.115389 ], [ 29.565722, -3.115694 ], [ 29.565694, -3.116028 ], [ 29.565833, -3.116278 ], [ 29.565694, -3.116361 ], [ 29.565611, -3.116528 ], [ 29.565417, -3.116694 ], [ 29.565333, -3.116722 ], [ 29.564972, -3.116722 ], [ 29.564667, -3.116833 ], [ 29.564528, -3.116917 ], [ 29.564306, -3.116889 ], [ 29.564056, -3.116833 ], [ 29.563861, -3.116833 ], [ 29.563778, -3.116722 ], [ 29.563722, -3.116722 ], [ 29.563556, -3.116806 ], [ 29.563333, -3.116833 ], [ 29.562944, -3.116944 ], [ 29.562806, -3.117083 ], [ 29.562611, -3.117194 ], [ 29.562361, -3.117278 ], [ 29.56225, -3.117222 ], [ 29.562139, -3.117111 ], [ 29.562028, -3.116972 ], [ 29.561972, -3.116833 ], [ 29.561861, -3.116917 ], [ 29.561833, -3.116639 ], [ 29.561694, -3.116667 ], [ 29.561583, -3.116583 ], [ 29.561417, -3.116472 ], [ 29.561278, -3.116389 ], [ 29.561139, -3.1165 ], [ 29.560972, -3.116167 ], [ 29.560889, -3.116056 ], [ 29.560806, -3.115861 ], [ 29.560667, -3.115694 ], [ 29.560583, -3.1155 ], [ 29.560444, -3.11525 ], [ 29.560389, -3.115083 ], [ 29.560194, -3.114944 ], [ 29.560028, -3.114806 ], [ 29.559833, -3.114889 ], [ 29.559611, -3.115 ], [ 29.559444, -3.115 ], [ 29.559222, -3.115056 ], [ 29.559139, -3.115194 ], [ 29.559028, -3.115306 ], [ 29.559083, -3.115472 ], [ 29.558806, -3.115444 ], [ 29.558583, -3.115472 ], [ 29.558444, -3.115389 ], [ 29.558444, -3.115333 ], [ 29.558361, -3.115361 ], [ 29.558194, -3.115389 ], [ 29.558056, -3.115389 ], [ 29.557917, -3.115389 ], [ 29.557667, -3.1155 ], [ 29.5575, -3.115528 ], [ 29.557389, -3.115583 ], [ 29.557194, -3.115639 ], [ 29.557083, -3.115667 ], [ 29.556833, -3.115778 ], [ 29.556611, -3.11575 ], [ 29.556444, -3.115889 ], [ 29.55625, -3.116028 ], [ 29.556028, -3.116028 ], [ 29.555861, -3.116083 ], [ 29.555639, -3.116222 ], [ 29.555528, -3.116222 ], [ 29.555333, -3.116361 ], [ 29.555111, -3.116389 ], [ 29.555, -3.116583 ], [ 29.554889, -3.116722 ], [ 29.554694, -3.116806 ], [ 29.5545, -3.116833 ], [ 29.554472, -3.116833 ], [ 29.554389, -3.116806 ], [ 29.554306, -3.116833 ], [ 29.554333, -3.116917 ], [ 29.554278, -3.117083 ], [ 29.554222, -3.117278 ], [ 29.554306, -3.117417 ], [ 29.5545, -3.117722 ], [ 29.554583, -3.11775 ], [ 29.554583, -3.117861 ], [ 29.554611, -3.118 ], [ 29.554528, -3.118167 ], [ 29.554444, -3.118333 ], [ 29.554417, -3.1185 ], [ 29.554361, -3.118556 ], [ 29.554167, -3.118806 ], [ 29.554056, -3.118917 ], [ 29.554, -3.119167 ], [ 29.553944, -3.119333 ], [ 29.553944, -3.119417 ], [ 29.553917, -3.119722 ], [ 29.553806, -3.119944 ], [ 29.553722, -3.119972 ], [ 29.553689349000024, -3.120026680000024 ], [ 29.553528, -3.120306 ], [ 29.553389, -3.1205 ], [ 29.553222, -3.120639 ], [ 29.553194, -3.12075 ], [ 29.553111, -3.120917 ], [ 29.552917, -3.121222 ], [ 29.552861, -3.121167 ], [ 29.552667, -3.121083 ], [ 29.552639, -3.121111 ], [ 29.552556, -3.121222 ], [ 29.552528, -3.121333 ], [ 29.552306, -3.1215 ], [ 29.552167, -3.121611 ], [ 29.552056, -3.12175 ], [ 29.551722, -3.122 ], [ 29.551861, -3.122778 ], [ 29.551861, -3.122806 ], [ 29.551972, -3.122972 ], [ 29.551917, -3.123222 ], [ 29.551778, -3.123778 ], [ 29.551556, -3.123861 ], [ 29.550972, -3.124028 ], [ 29.550722, -3.124028 ], [ 29.550583, -3.124167 ], [ 29.550611, -3.124333 ], [ 29.550472, -3.124167 ], [ 29.550401686999976, -3.124496538000017 ], [ 29.550389, -3.124556 ], [ 29.550139, -3.124722 ], [ 29.549722, -3.125111 ], [ 29.549444, -3.125333 ], [ 29.549222, -3.125583 ], [ 29.549056, -3.12575 ], [ 29.548889, -3.125917 ], [ 29.548694, -3.126 ], [ 29.548444, -3.125972 ], [ 29.547944, -3.125917 ], [ 29.547444, -3.125944 ], [ 29.547333, -3.125972 ], [ 29.547222, -3.125972 ], [ 29.547111, -3.126083 ], [ 29.546917, -3.126222 ], [ 29.546806, -3.126389 ], [ 29.54675, -3.126667 ], [ 29.546611, -3.126972 ], [ 29.546348920000014, -3.126975022000011 ], [ 29.546333, -3.127361 ], [ 29.54625, -3.127556 ], [ 29.546083, -3.127694 ], [ 29.545806, -3.127806 ], [ 29.545667, -3.127833 ], [ 29.554, -3.136528 ], [ 29.554167, -3.1365 ], [ 29.554194, -3.136417 ], [ 29.554583, -3.136333 ], [ 29.554833, -3.13625 ], [ 29.554889, -3.136028 ], [ 29.555, -3.136167 ], [ 29.555167, -3.136361 ], [ 29.555528, -3.136833 ], [ 29.555583, -3.137 ], [ 29.555861, -3.137306 ], [ 29.555889, -3.137389 ], [ 29.556083, -3.138028 ], [ 29.556139, -3.138167 ], [ 29.556278, -3.138972 ], [ 29.556306, -3.139111 ], [ 29.556278, -3.139306 ], [ 29.556278, -3.139528 ], [ 29.55625, -3.139583 ], [ 29.556328611000026, -3.139785604 ], [ 29.556444, -3.140083 ], [ 29.556444, -3.140444 ], [ 29.556556, -3.140639 ], [ 29.556611, -3.14075 ], [ 29.556833, -3.14075 ], [ 29.557, -3.14075 ], [ 29.557222, -3.140833 ], [ 29.557694, -3.141 ], [ 29.557972, -3.141139 ], [ 29.558472, -3.141056 ], [ 29.55875, -3.14125 ], [ 29.558806, -3.141278 ], [ 29.558972, -3.141611 ], [ 29.559194, -3.141972 ], [ 29.559222, -3.142 ], [ 29.5595, -3.142167 ], [ 29.559806, -3.142222 ], [ 29.560028, -3.142389 ], [ 29.560167, -3.142361 ], [ 29.560528, -3.142389 ], [ 29.560861, -3.142389 ], [ 29.561694, -3.142472 ], [ 29.561722, -3.142472 ], [ 29.561944, -3.142611 ], [ 29.562111, -3.142861 ], [ 29.562722, -3.142917 ], [ 29.562722, -3.142944 ], [ 29.563361, -3.143306 ], [ 29.563806, -3.143278 ], [ 29.563972, -3.143444 ], [ 29.564083, -3.143611 ], [ 29.564278, -3.143944 ], [ 29.564361, -3.144194 ], [ 29.564417, -3.144333 ], [ 29.564472, -3.144583 ], [ 29.564417, -3.144917 ], [ 29.564389, -3.145111 ], [ 29.565194, -3.146194 ], [ 29.565389, -3.146417 ], [ 29.565611, -3.146694 ], [ 29.565611, -3.147111 ], [ 29.565667, -3.147583 ], [ 29.565694, -3.147694 ], [ 29.565694, -3.147889 ], [ 29.565611, -3.148083 ], [ 29.565472, -3.148472 ], [ 29.565639, -3.148833 ], [ 29.565583, -3.149083 ], [ 29.565444, -3.149667 ], [ 29.565556, -3.150389 ], [ 29.565583, -3.150528 ], [ 29.565889, -3.15075 ], [ 29.566361, -3.151028 ], [ 29.566472, -3.151222 ], [ 29.566556, -3.1515 ], [ 29.566861, -3.151528 ], [ 29.566889, -3.151778 ], [ 29.567361, -3.152556 ], [ 29.568139, -3.152833 ], [ 29.568194, -3.153139 ], [ 29.568944, -3.15325 ], [ 29.569111, -3.153361 ], [ 29.569278, -3.153528 ], [ 29.568972, -3.153667 ], [ 29.569222, -3.153833 ], [ 29.569667, -3.153722 ], [ 29.570056, -3.154056 ], [ 29.57, -3.154139 ], [ 29.571972, -3.154611 ], [ 29.572361, -3.154444 ], [ 29.572556, -3.154444 ], [ 29.572889, -3.154472 ], [ 29.573139, -3.154333 ], [ 29.573472, -3.154222 ], [ 29.573778, -3.154222 ], [ 29.573972, -3.154278 ], [ 29.574778, -3.154556 ], [ 29.574861, -3.154583 ], [ 29.575056, -3.154833 ], [ 29.575167, -3.154889 ], [ 29.575389, -3.154889 ], [ 29.575528, -3.154917 ], [ 29.57575, -3.155056 ], [ 29.576028, -3.155056 ], [ 29.576113559000021, -3.155107089000012 ], [ 29.576222, -3.155222 ], [ 29.5765, -3.155972 ], [ 29.576556, -3.156056 ], [ 29.576639, -3.156278 ], [ 29.57675, -3.156417 ], [ 29.577028, -3.156694 ], [ 29.577028, -3.156778 ], [ 29.577056, -3.156806 ], [ 29.577056, -3.157389 ], [ 29.576889, -3.158028 ], [ 29.577667, -3.159472 ], [ 29.579833, -3.162 ], [ 29.580222, -3.164361 ], [ 29.582361, -3.16875 ], [ 29.582333, -3.168778 ], [ 29.582577566999987, -3.169179741999983 ], [ 29.582722000999979, -3.169417 ], [ 29.582417, -3.170056 ], [ 29.581889, -3.171056 ], [ 29.582028, -3.171306 ], [ 29.581806, -3.172778 ], [ 29.582278, -3.173722 ], [ 29.582528, -3.174583 ], [ 29.582778, -3.174861 ], [ 29.583583, -3.174972 ], [ 29.583917, -3.175194 ], [ 29.584361, -3.175917 ], [ 29.585333, -3.176611 ], [ 29.585972, -3.177528 ], [ 29.586056, -3.177778 ], [ 29.585944, -3.179333 ], [ 29.586167, -3.181056 ], [ 29.58625, -3.181056 ], [ 29.586417, -3.182 ], [ 29.586694, -3.182833 ], [ 29.587111, -3.183444 ], [ 29.58735455599998, -3.183567386999982 ], [ 29.587593926000011, -3.183688653 ], [ 29.589306, -3.184556 ], [ 29.590167, -3.187861 ], [ 29.590667, -3.18825 ], [ 29.591306, -3.188778 ], [ 29.591528, -3.189083 ], [ 29.591417, -3.189167 ], [ 29.593083, -3.188361 ], [ 29.594444, -3.189694 ], [ 29.5945, -3.189694 ], [ 29.595045427, -3.189856694000014 ], [ 29.595944, -3.190194 ], [ 29.596278, -3.190583 ], [ 29.596194, -3.190583 ], [ 29.595861, -3.191278 ], [ 29.595083, -3.192889 ], [ 29.594028, -3.1935 ], [ 29.593528, -3.195 ], [ 29.593616204999989, -3.195927344999973 ], [ 29.593639, -3.196167 ], [ 29.594, -3.196861 ], [ 29.593694, -3.198333 ], [ 29.593694, -3.198361 ], [ 29.593444, -3.199417 ], [ 29.593194, -3.200417 ], [ 29.593167, -3.200472 ], [ 29.59275, -3.200278 ], [ 29.591333, -3.200889 ], [ 29.589944, -3.202306 ], [ 29.589333, -3.202167 ], [ 29.588389, -3.202556 ], [ 29.587778, -3.202222 ], [ 29.587306, -3.201528 ], [ 29.587139, -3.202028 ], [ 29.586583, -3.203 ], [ 29.585833, -3.202722 ], [ 29.584389, -3.203167 ], [ 29.583417, -3.202556 ], [ 29.583361, -3.202667 ], [ 29.582611, -3.202583 ], [ 29.581861, -3.201972 ], [ 29.580694, -3.201972 ], [ 29.580694, -3.201944 ], [ 29.579639, -3.202444 ], [ 29.57875, -3.202528 ], [ 29.579028, -3.199556 ], [ 29.577083, -3.199278 ], [ 29.575583, -3.199806 ], [ 29.575344648999987, -3.199302604000025 ], [ 29.575111, -3.199167 ], [ 29.574722, -3.199972 ], [ 29.574694, -3.200139 ], [ 29.574639, -3.199361 ], [ 29.574472, -3.198056 ], [ 29.574167, -3.197167 ], [ 29.572917, -3.197361 ], [ 29.571861, -3.196861 ], [ 29.571833, -3.196528 ], [ 29.571444, -3.1965 ], [ 29.570639, -3.196528 ], [ 29.570944, -3.195639 ], [ 29.570667, -3.195528 ], [ 29.569472, -3.196639 ], [ 29.568528, -3.195111 ], [ 29.567028, -3.193917 ], [ 29.567083, -3.194778 ], [ 29.565444, -3.196278 ], [ 29.56425, -3.196417 ], [ 29.564389, -3.1985 ], [ 29.563444, -3.198778 ], [ 29.563194, -3.198611 ], [ 29.56175, -3.198722 ], [ 29.561444, -3.199167 ], [ 29.561278, -3.199389 ], [ 29.561028, -3.19925 ], [ 29.560889, -3.199444 ], [ 29.560417, -3.19975 ], [ 29.560389, -3.20125 ], [ 29.560194, -3.201528 ], [ 29.557667, -3.202028 ], [ 29.557306, -3.201611 ], [ 29.558028, -3.199389 ], [ 29.558333, -3.199528 ], [ 29.557639, -3.197833 ], [ 29.555611, -3.197528 ], [ 29.554667, -3.197861 ], [ 29.554611, -3.197611 ], [ 29.553194, -3.197361 ], [ 29.552056, -3.197806 ], [ 29.552222, -3.198111 ], [ 29.552139, -3.199028 ], [ 29.552111, -3.199083 ], [ 29.551789203, -3.199453501999983 ], [ 29.551556, -3.199722 ], [ 29.550222, -3.199194 ], [ 29.548361, -3.200583 ], [ 29.545583, -3.201444 ], [ 29.546389, -3.202194 ], [ 29.546167, -3.202472 ], [ 29.546472, -3.204861 ], [ 29.546611, -3.205694 ], [ 29.547694, -3.20575 ], [ 29.547778, -3.207028 ], [ 29.547722, -3.209306 ], [ 29.547833, -3.209417 ], [ 29.547889, -3.209528 ], [ 29.547833, -3.211194 ], [ 29.548667, -3.211583 ], [ 29.548208934, -3.211674483000024 ], [ 29.547333, -3.212528 ], [ 29.546278, -3.213556 ], [ 29.546329158999981, -3.213590125 ], [ 29.546595145000026, -3.213767545999985 ], [ 29.547194, -3.214167 ], [ 29.546444, -3.215222 ], [ 29.546306, -3.215833 ], [ 29.546083, -3.216083 ], [ 29.546306, -3.216528 ], [ 29.546028, -3.216722 ], [ 29.546389, -3.217694 ], [ 29.546194, -3.217583 ], [ 29.54575, -3.217861 ], [ 29.545778, -3.217944 ], [ 29.545694, -3.218278 ], [ 29.545639, -3.219028 ], [ 29.546306, -3.220417 ], [ 29.546278, -3.2205 ], [ 29.546028, -3.220528 ], [ 29.546333, -3.221472 ], [ 29.546861, -3.222083 ], [ 29.546472, -3.222722 ], [ 29.54525, -3.222833 ], [ 29.545889, -3.223944 ], [ 29.546139, -3.224583 ], [ 29.546028, -3.225167 ], [ 29.546083, -3.22575 ], [ 29.545917, -3.226028 ], [ 29.545917, -3.225972 ], [ 29.545639, -3.2265 ], [ 29.546303575000024, -3.228700801 ], [ 29.546422432999975, -3.22909440799998 ], [ 29.546528, -3.229444 ], [ 29.546556, -3.2295 ], [ 29.546444, -3.230083 ], [ 29.546222, -3.230444 ], [ 29.546444, -3.231111 ], [ 29.546833, -3.231833 ], [ 29.546944, -3.232417 ], [ 29.546556, -3.233167 ], [ 29.546556, -3.233583 ], [ 29.546722, -3.234 ], [ 29.546639, -3.234444 ], [ 29.546278, -3.234722 ], [ 29.545972, -3.234778 ], [ 29.546139, -3.23525 ], [ 29.545889, -3.235972 ], [ 29.547222, -3.236639 ], [ 29.549056, -3.237444 ], [ 29.549, -3.2385 ], [ 29.5475, -3.238583 ], [ 29.547278, -3.238639 ], [ 29.546917, -3.239 ], [ 29.545944, -3.238167 ], [ 29.545667, -3.238361 ], [ 29.545472, -3.239639 ], [ 29.546278, -3.2395 ], [ 29.546861, -3.240833 ], [ 29.544972, -3.242417 ], [ 29.545417, -3.24375 ], [ 29.543694, -3.243611 ], [ 29.543536597000013, -3.24426495199998 ], [ 29.543439375999981, -3.244625498 ], [ 29.543056, -3.245944 ], [ 29.542944, -3.246083 ], [ 29.543917, -3.246333 ], [ 29.544583, -3.246167 ], [ 29.544889, -3.245944 ], [ 29.545194, -3.246278 ], [ 29.546389, -3.244861 ], [ 29.546444, -3.244972 ], [ 29.547222, -3.245639 ], [ 29.547333, -3.245361 ], [ 29.548028, -3.246389 ], [ 29.547528, -3.247889 ], [ 29.550139, -3.248194 ], [ 29.550333, -3.248222 ], [ 29.549167, -3.252028 ], [ 29.550139, -3.253306 ], [ 29.547806, -3.253528 ], [ 29.547722, -3.254889 ], [ 29.547917, -3.255917 ], [ 29.549167, -3.255361 ], [ 29.549611, -3.256861 ], [ 29.550194, -3.257639 ], [ 29.550333, -3.258194 ], [ 29.550816253999983, -3.259702745000027 ], [ 29.551047158000017, -3.260423633000016 ], [ 29.551472, -3.26175 ], [ 29.551778, -3.261778 ], [ 29.552389, -3.262528 ], [ 29.550917, -3.265833 ], [ 29.55075, -3.265944 ], [ 29.553222, -3.267278 ], [ 29.553306, -3.269472 ], [ 29.551917, -3.274167 ], [ 29.553327931000013, -3.274845106999976 ], [ 29.553417281, -3.27524573300002 ], [ 29.553556, -3.276194 ], [ 29.54875, -3.281917 ], [ 29.548639, -3.281944 ], [ 29.548028, -3.281833 ], [ 29.546694, -3.283083 ], [ 29.545222, -3.283028 ], [ 29.545111, -3.283139 ], [ 29.545369099000027, -3.282736035000028 ], [ 29.545278, -3.282472 ], [ 29.545778, -3.281611 ], [ 29.543694, -3.280083 ], [ 29.541528, -3.279 ], [ 29.541389, -3.278806 ], [ 29.541361, -3.278472 ], [ 29.541556, -3.278361 ], [ 29.541528, -3.277528 ], [ 29.541972, -3.27625 ], [ 29.541833, -3.275833 ], [ 29.542417, -3.273028 ], [ 29.543222, -3.270917 ], [ 29.543361, -3.270278 ], [ 29.543361, -3.27025 ], [ 29.543861, -3.269556 ], [ 29.543472, -3.268361 ], [ 29.543583, -3.267722 ], [ 29.543333, -3.267556 ], [ 29.542611, -3.265833 ], [ 29.542528, -3.265194 ], [ 29.542472, -3.26525 ], [ 29.541556, -3.262667 ], [ 29.541556, -3.262639 ], [ 29.541452350999975, -3.26254422 ], [ 29.541593458000023, -3.262128355000016 ], [ 29.54175, -3.261667 ], [ 29.541556, -3.260806 ], [ 29.541278, -3.259139 ], [ 29.541722, -3.258056 ], [ 29.540639, -3.256333 ], [ 29.540361, -3.256111 ], [ 29.540167, -3.255639 ], [ 29.539889, -3.25525 ], [ 29.540194, -3.254778 ], [ 29.539889, -3.25375 ], [ 29.539917, -3.253722 ], [ 29.540139, -3.253694 ], [ 29.539806, -3.253389 ], [ 29.539694, -3.253472 ], [ 29.539111, -3.253278 ], [ 29.538833, -3.253139 ], [ 29.537639, -3.25275 ], [ 29.537361, -3.252722 ], [ 29.537111, -3.252833 ], [ 29.536861, -3.253028 ], [ 29.5365, -3.253194 ], [ 29.536556, -3.252778 ], [ 29.5365, -3.252111 ], [ 29.536667, -3.251694 ], [ 29.536722, -3.251611 ], [ 29.536722, -3.251556 ], [ 29.536194, -3.251306 ], [ 29.535444, -3.250333 ], [ 29.535361, -3.250167 ], [ 29.535111, -3.249694 ], [ 29.5345, -3.24925 ], [ 29.534278, -3.249056 ], [ 29.533417, -3.248667 ], [ 29.533278, -3.248611 ], [ 29.532833, -3.248611 ], [ 29.531833, -3.248611 ], [ 29.531667, -3.248667 ], [ 29.5315, -3.248722 ], [ 29.531306, -3.24875 ], [ 29.531111, -3.248833 ], [ 29.531028, -3.248889 ], [ 29.530556, -3.249361 ], [ 29.530417, -3.249417 ], [ 29.530444, -3.249611 ], [ 29.530389, -3.249667 ], [ 29.530222, -3.249667 ], [ 29.529, -3.249861 ], [ 29.528389, -3.249667 ], [ 29.528167, -3.249694 ], [ 29.526972, -3.249667 ], [ 29.526611, -3.249611 ], [ 29.526194, -3.249778 ], [ 29.525667, -3.249694 ], [ 29.525194, -3.2495 ], [ 29.524556, -3.24925 ], [ 29.523361, -3.248944 ], [ 29.522722, -3.248333 ], [ 29.522639, -3.247694 ], [ 29.522306, -3.247556 ], [ 29.522139, -3.247028 ], [ 29.521833, -3.246917 ], [ 29.521917, -3.246889 ], [ 29.521962638, -3.246389331999978 ], [ 29.522040205, -3.245540114 ], [ 29.522361, -3.242028 ], [ 29.522472, -3.241667 ], [ 29.522194, -3.241417 ], [ 29.522083, -3.241278 ], [ 29.521944, -3.24125 ], [ 29.521611, -3.240694 ], [ 29.521611, -3.240667 ], [ 29.5215, -3.240611 ], [ 29.521444, -3.240389 ], [ 29.521556, -3.239667 ], [ 29.521389, -3.2395 ], [ 29.520611, -3.240389 ], [ 29.520667, -3.239472 ], [ 29.519417, -3.239 ], [ 29.519139, -3.238222 ], [ 29.51925, -3.23775 ], [ 29.519056, -3.2375 ], [ 29.518778, -3.236667 ], [ 29.518833, -3.236333 ], [ 29.518944, -3.236 ], [ 29.519833, -3.236111 ], [ 29.519472, -3.235972 ], [ 29.518417, -3.233139 ], [ 29.519528, -3.232722 ], [ 29.519194, -3.230861 ], [ 29.519246319, -3.230679754 ], [ 29.518983301, -3.230430325999976 ], [ 29.517278, -3.228917 ], [ 29.51675, -3.224667 ], [ 29.517056, -3.223917 ], [ 29.516722, -3.223 ], [ 29.517778, -3.222611 ], [ 29.517333, -3.22175 ], [ 29.5175, -3.220389 ], [ 29.518389, -3.219722 ], [ 29.51975, -3.220583 ], [ 29.519778, -3.220389 ], [ 29.519417, -3.220139 ], [ 29.519083, -3.219167 ], [ 29.518417, -3.218694 ], [ 29.517556, -3.219278 ], [ 29.517111, -3.21925 ], [ 29.51675, -3.217444 ], [ 29.516667, -3.217472 ], [ 29.516694, -3.216194 ], [ 29.516917, -3.215833 ], [ 29.517833, -3.215806 ], [ 29.517917, -3.21575 ], [ 29.518482957, -3.215366276 ], [ 29.518028, -3.214139 ], [ 29.518239058, -3.214112380000017 ], [ 29.518472, -3.214083 ], [ 29.519528, -3.214083 ], [ 29.520278, -3.214472 ], [ 29.51975, -3.214833 ], [ 29.520694, -3.215056 ], [ 29.521694, -3.214861 ], [ 29.523083, -3.214306 ], [ 29.523583, -3.214194 ], [ 29.523917, -3.213917 ], [ 29.524, -3.21325 ], [ 29.524806, -3.213056 ], [ 29.524861, -3.213028 ], [ 29.525333, -3.212861 ], [ 29.525722, -3.212444 ], [ 29.526861, -3.211417 ], [ 29.527028, -3.211139 ], [ 29.527417, -3.209889 ], [ 29.528139, -3.21 ], [ 29.528611, -3.210167 ], [ 29.528722, -3.210389 ], [ 29.5295, -3.210194 ], [ 29.529444, -3.210028 ], [ 29.529306, -3.209917 ], [ 29.529278, -3.209528 ], [ 29.528808748000017, -3.208927682000024 ], [ 29.528944, -3.208194 ], [ 29.529056, -3.208083 ], [ 29.529944, -3.207667 ], [ 29.530028, -3.206556 ], [ 29.530111, -3.206028 ], [ 29.52975, -3.205278 ], [ 29.529194, -3.205056 ], [ 29.528889, -3.2055 ], [ 29.528417, -3.204722 ], [ 29.528361, -3.20475 ], [ 29.527361, -3.203611 ], [ 29.527389, -3.203278 ], [ 29.527639, -3.203083 ], [ 29.527556, -3.202833 ], [ 29.527611, -3.202444 ], [ 29.527389, -3.202389 ], [ 29.526861, -3.202194 ], [ 29.527, -3.201278 ], [ 29.526694, -3.201139 ], [ 29.52675, -3.20075 ], [ 29.526694, -3.200111 ], [ 29.526694, -3.199528 ], [ 29.526694, -3.1995 ], [ 29.526944, -3.199361 ], [ 29.526861, -3.199361 ], [ 29.526694, -3.199333 ], [ 29.526611, -3.199278 ], [ 29.526556, -3.199194 ], [ 29.526611, -3.199167 ], [ 29.526556, -3.199139 ], [ 29.526361, -3.199278 ], [ 29.526194, -3.199278 ], [ 29.526167, -3.19925 ], [ 29.526333, -3.199 ], [ 29.526361, -3.198917 ], [ 29.526333, -3.198861 ], [ 29.52625, -3.198639 ], [ 29.526333, -3.198389 ], [ 29.527083, -3.198028 ], [ 29.527528, -3.198 ], [ 29.527639, -3.197611 ], [ 29.527194, -3.19675 ], [ 29.52725, -3.196694 ], [ 29.527194, -3.196556 ], [ 29.5275, -3.196306 ], [ 29.528, -3.195528 ], [ 29.528, -3.1955 ], [ 29.527972, -3.195472 ], [ 29.527972, -3.195444 ], [ 29.527028, -3.192528 ], [ 29.527194, -3.191972 ], [ 29.527194, -3.19175 ], [ 29.527528, -3.191389 ], [ 29.527694, -3.190806 ], [ 29.527972, -3.189833 ], [ 29.527278, -3.189667 ], [ 29.526869174000012, -3.188954078999984 ], [ 29.526520522, -3.188346089999982 ], [ 29.526306, -3.187972 ], [ 29.526361, -3.187333 ], [ 29.525917, -3.186667 ], [ 29.526167, -3.186528 ], [ 29.5265, -3.186139 ], [ 29.526722, -3.186194 ], [ 29.526972, -3.186028 ], [ 29.527083, -3.185833 ], [ 29.52725, -3.185472 ], [ 29.527306, -3.185361 ], [ 29.527056, -3.184833 ], [ 29.527111, -3.184611 ], [ 29.527361, -3.183528 ], [ 29.526889, -3.183417 ], [ 29.526806, -3.183306 ], [ 29.526944, -3.182944 ], [ 29.527417, -3.182806 ], [ 29.527056, -3.182611 ], [ 29.526972, -3.182222 ], [ 29.52725, -3.182167 ], [ 29.527417, -3.182028 ], [ 29.52775, -3.181972 ], [ 29.527806, -3.182083 ], [ 29.52775, -3.182389 ], [ 29.527611, -3.182556 ], [ 29.527639, -3.182722 ], [ 29.527667, -3.182917 ], [ 29.528028, -3.182944 ], [ 29.528056, -3.183472 ], [ 29.528083, -3.183694 ], [ 29.528417, -3.183944 ], [ 29.528528, -3.184222 ], [ 29.52875, -3.18425 ], [ 29.529056, -3.183944 ], [ 29.529222, -3.18375 ], [ 29.529194, -3.183583 ], [ 29.529139, -3.183444 ], [ 29.529444, -3.183333 ], [ 29.529611, -3.183194 ], [ 29.52975, -3.183167 ], [ 29.530570392000016, -3.183619512 ], [ 29.530667, -3.183639 ], [ 29.530889, -3.183889 ], [ 29.531083, -3.183806 ], [ 29.531278, -3.183778 ], [ 29.5315, -3.183722 ], [ 29.531639, -3.1835 ], [ 29.531472, -3.182889 ], [ 29.531611, -3.182722 ], [ 29.531639, -3.1825 ], [ 29.531556, -3.182167 ], [ 29.531528, -3.182167 ], [ 29.530972, -3.182028 ], [ 29.530778, -3.182111 ], [ 29.5305, -3.182 ], [ 29.530333, -3.181917 ], [ 29.529889, -3.181694 ], [ 29.529917, -3.181528 ], [ 29.530028, -3.181222 ], [ 29.530333, -3.181111 ], [ 29.530194, -3.180861 ], [ 29.529972, -3.180639 ], [ 29.529944, -3.180639 ], [ 29.529639, -3.180444 ], [ 29.529667, -3.179806 ], [ 29.529694, -3.179472 ], [ 29.530056, -3.179306 ], [ 29.529889, -3.179028 ], [ 29.529833, -3.178917 ], [ 29.529639, -3.178472 ], [ 29.530278, -3.178722 ], [ 29.530417, -3.178833 ], [ 29.530722, -3.179444 ], [ 29.530861, -3.179528 ], [ 29.531083, -3.179 ], [ 29.531306, -3.178806 ], [ 29.531556, -3.178917 ], [ 29.531861, -3.178667 ], [ 29.531889, -3.1785 ], [ 29.531667, -3.178278 ], [ 29.531333, -3.178167 ], [ 29.531167, -3.177833 ], [ 29.531306, -3.177639 ], [ 29.531417, -3.177167 ], [ 29.531972, -3.176944 ], [ 29.532111, -3.176694 ], [ 29.532, -3.176472 ], [ 29.532028, -3.176306 ], [ 29.532278, -3.176111 ], [ 29.532472, -3.175833 ], [ 29.532722, -3.175639 ], [ 29.532972, -3.175361 ], [ 29.533194, -3.175 ], [ 29.533917, -3.173417 ], [ 29.534167, -3.173083 ], [ 29.534409159, -3.17297548099998 ], [ 29.534645407000028, -3.172797307 ], [ 29.534889, -3.172611 ], [ 29.535, -3.172528 ], [ 29.535167, -3.172306 ], [ 29.535111, -3.172167 ], [ 29.535028, -3.172028 ], [ 29.534972, -3.171944 ], [ 29.534778, -3.172 ], [ 29.534528, -3.171667 ], [ 29.534417, -3.171528 ], [ 29.533833, -3.171361 ], [ 29.533667, -3.171278 ], [ 29.533278, -3.170861 ], [ 29.532861, -3.1705 ], [ 29.5325, -3.170417 ], [ 29.532472, -3.17025 ], [ 29.532889, -3.169583 ], [ 29.533, -3.169417 ], [ 29.533028, -3.169389 ], [ 29.533083, -3.168722 ], [ 29.533083, -3.168667 ], [ 29.533472, -3.168278 ], [ 29.53375, -3.168 ], [ 29.533778, -3.167972 ], [ 29.533972, -3.168139 ], [ 29.534028, -3.168139 ], [ 29.534111, -3.167944 ], [ 29.534111, -3.167833 ], [ 29.534139, -3.167444 ], [ 29.534167, -3.167278 ], [ 29.534222, -3.167 ], [ 29.534361, -3.167028 ], [ 29.534583, -3.167111 ], [ 29.534667, -3.167167 ], [ 29.534667, -3.167278 ], [ 29.534639, -3.1675 ], [ 29.53475, -3.167556 ], [ 29.534944, -3.167667 ], [ 29.535389, -3.168444 ], [ 29.535472, -3.1685 ], [ 29.535639, -3.168417 ], [ 29.535667, -3.168417 ], [ 29.53575, -3.168361 ], [ 29.535861, -3.16825 ], [ 29.536028, -3.168139 ], [ 29.536139, -3.168111 ], [ 29.536361, -3.168028 ], [ 29.536389, -3.168028 ], [ 29.536556, -3.167917 ], [ 29.536778, -3.167639 ], [ 29.536778, -3.167583 ], [ 29.536472, -3.167194 ], [ 29.536472, -3.167222 ], [ 29.53625, -3.167417 ], [ 29.535944, -3.167083 ], [ 29.535944, -3.166972 ], [ 29.535972, -3.166917 ], [ 29.535944, -3.166778 ], [ 29.536111, -3.166611 ], [ 29.536389, -3.166056 ], [ 29.536306, -3.166 ], [ 29.536417, -3.165889 ], [ 29.5365, -3.1655 ], [ 29.536722, -3.165278 ], [ 29.536861, -3.165194 ], [ 29.536917, -3.164806 ], [ 29.537278, -3.164778 ], [ 29.536944, -3.1645 ], [ 29.53675, -3.164333 ], [ 29.536611, -3.164278 ], [ 29.536472, -3.164417 ], [ 29.535806, -3.164583 ], [ 29.535639, -3.164583 ], [ 29.5355, -3.164361 ], [ 29.535583, -3.16425 ], [ 29.535583, -3.164083 ], [ 29.535611, -3.163778 ], [ 29.535806, -3.163833 ], [ 29.536139, -3.163583 ], [ 29.53625, -3.163444 ], [ 29.536389, -3.163194 ], [ 29.536694, -3.162972 ], [ 29.536667, -3.16275 ], [ 29.536611, -3.162611 ], [ 29.536472, -3.1625 ], [ 29.536417, -3.162389 ], [ 29.536389, -3.162306 ], [ 29.535889, -3.162361 ], [ 29.535722, -3.162222 ], [ 29.535667, -3.16225 ], [ 29.535417, -3.1625 ], [ 29.535389, -3.162528 ], [ 29.5355, -3.162611 ], [ 29.535417, -3.162806 ], [ 29.535278, -3.163 ], [ 29.535222, -3.163028 ], [ 29.535139, -3.162944 ], [ 29.535056, -3.162917 ], [ 29.535, -3.162944 ], [ 29.534694, -3.163222 ], [ 29.534417, -3.163417 ], [ 29.533917, -3.163583 ], [ 29.533583, -3.163528 ], [ 29.533417, -3.163333 ], [ 29.533417, -3.163306 ], [ 29.533861, -3.162389 ], [ 29.533972, -3.162056 ], [ 29.534694, -3.161694 ], [ 29.534972, -3.161361 ], [ 29.535139, -3.161167 ], [ 29.534528, -3.160861 ], [ 29.534, -3.161056 ], [ 29.533722, -3.161056 ], [ 29.533667, -3.160944 ], [ 29.533833, -3.160444 ], [ 29.534111, -3.16025 ], [ 29.534361, -3.160111 ], [ 29.534417, -3.159972 ], [ 29.534417, -3.159944 ], [ 29.534306, -3.159778 ], [ 29.534083, -3.15975 ], [ 29.533111, -3.159694 ], [ 29.533139, -3.159833 ], [ 29.533111, -3.160028 ], [ 29.533083, -3.160056 ], [ 29.532861, -3.159944 ], [ 29.532611, -3.160028 ], [ 29.532137004, -3.159369276 ], [ 29.532472, -3.159222 ], [ 29.533194, -3.158972 ], [ 29.533278, -3.158972 ], [ 29.533333, -3.158889 ], [ 29.533111, -3.158472 ], [ 29.532837315999984, -3.158446874999981 ], [ 29.5325, -3.158111 ], [ 29.532111, -3.157639 ], [ 29.531944, -3.157139 ], [ 29.531639, -3.156639 ], [ 29.531278, -3.156417 ], [ 29.531194, -3.156278 ], [ 29.531139, -3.156167 ], [ 29.531167, -3.156111 ], [ 29.531361, -3.155889 ], [ 29.531417, -3.155806 ], [ 29.531222, -3.155778 ], [ 29.530556, -3.155944 ], [ 29.530389, -3.155944 ], [ 29.530222, -3.155861 ], [ 29.529972, -3.155889 ], [ 29.529333, -3.156194 ], [ 29.529139, -3.15625 ], [ 29.529083, -3.155972 ], [ 29.529083, -3.155694 ], [ 29.529056, -3.155389 ], [ 29.528806, -3.155056 ], [ 29.528417, -3.154861 ], [ 29.52825, -3.154722 ], [ 29.528278, -3.154528 ], [ 29.528389, -3.154278 ], [ 29.5285, -3.153944 ], [ 29.528417, -3.153667 ], [ 29.528167, -3.153444 ], [ 29.527861, -3.153278 ], [ 29.527583, -3.153111 ], [ 29.527361, -3.152972 ], [ 29.527222, -3.152944 ], [ 29.527139, -3.153 ], [ 29.527083, -3.152972 ], [ 29.526917, -3.152861 ], [ 29.526806, -3.152694 ], [ 29.526722, -3.152389 ], [ 29.52675, -3.15225 ], [ 29.526889, -3.152056 ], [ 29.526972, -3.151944 ], [ 29.527083, -3.151722 ], [ 29.527167, -3.151556 ], [ 29.527278, -3.151444 ], [ 29.527306, -3.151194 ], [ 29.52725, -3.151083 ], [ 29.527361, -3.150917 ], [ 29.527417, -3.150806 ], [ 29.527611, -3.150694 ], [ 29.527722, -3.150583 ], [ 29.527917, -3.150389 ], [ 29.528139, -3.150306 ], [ 29.528333, -3.150333 ], [ 29.528528, -3.150306 ], [ 29.528472, -3.150222 ], [ 29.528528, -3.150139 ], [ 29.528611, -3.150056 ], [ 29.528667, -3.149889 ], [ 29.528639, -3.149833 ], [ 29.528611, -3.149694 ], [ 29.528722, -3.149528 ], [ 29.528722, -3.149417 ], [ 29.528778, -3.149333 ], [ 29.528889, -3.149222 ], [ 29.528944, -3.149139 ], [ 29.528889, -3.149028 ], [ 29.528917, -3.148944 ], [ 29.528861, -3.148806 ], [ 29.528889, -3.148583 ], [ 29.528889, -3.148444 ], [ 29.528833, -3.148056 ], [ 29.528778, -3.147611 ], [ 29.528861, -3.147472 ], [ 29.528833, -3.147139 ], [ 29.528861, -3.146917 ], [ 29.529028, -3.146861 ], [ 29.529417, -3.146667 ], [ 29.529528, -3.146083 ], [ 29.529556, -3.146028 ], [ 29.529833, -3.145778 ], [ 29.529778, -3.145694 ], [ 29.52875, -3.145583 ], [ 29.528611, -3.144944 ], [ 29.528417, -3.143722 ], [ 29.52825, -3.143167 ], [ 29.528048250999973, -3.143058301 ], [ 29.527528, -3.142778 ], [ 29.527111, -3.142222 ], [ 29.526722, -3.141583 ], [ 29.526611, -3.141389 ], [ 29.526361, -3.14125 ], [ 29.526056, -3.140944 ], [ 29.525778, -3.140417 ], [ 29.525778, -3.140389 ], [ 29.524528, -3.139611 ], [ 29.524444, -3.139639 ], [ 29.523778, -3.139583 ], [ 29.5235, -3.139417 ], [ 29.523306, -3.139389 ], [ 29.5225, -3.139361 ], [ 29.522083, -3.139472 ], [ 29.520472, -3.139333 ], [ 29.519972, -3.139111 ], [ 29.519306, -3.138972 ], [ 29.519028, -3.138861 ], [ 29.518139, -3.137833 ], [ 29.518139, -3.137472 ], [ 29.518139, -3.137361 ], [ 29.518306, -3.137222 ], [ 29.519417, -3.137222 ], [ 29.520306, -3.137222 ], [ 29.520639, -3.137167 ], [ 29.521194, -3.137222 ], [ 29.521611, -3.137167 ], [ 29.521972, -3.136917 ], [ 29.522667, -3.135833 ], [ 29.522972, -3.135306 ], [ 29.522361, -3.13475 ], [ 29.522, -3.134306 ], [ 29.521889, -3.133917 ], [ 29.521194, -3.133083 ], [ 29.521222, -3.132889 ], [ 29.521389, -3.132722 ], [ 29.522167, -3.132389 ], [ 29.522778, -3.132361 ], [ 29.523333, -3.132278 ], [ 29.523583, -3.132361 ], [ 29.523806, -3.132056 ], [ 29.524222, -3.131778 ], [ 29.524417, -3.1315 ], [ 29.5245, -3.131444 ], [ 29.524528, -3.131472 ], [ 29.524917, -3.13125 ], [ 29.525694, -3.131639 ], [ 29.526111, -3.13125 ], [ 29.526694, -3.131 ], [ 29.527028, -3.130333 ], [ 29.527167, -3.129917 ], [ 29.527444, -3.129694 ], [ 29.527583, -3.129417 ], [ 29.527667, -3.129056 ], [ 29.527778, -3.128694 ], [ 29.527583, -3.128417 ], [ 29.527833, -3.127972 ], [ 29.527694, -3.127528 ], [ 29.528056, -3.127056 ], [ 29.527917, -3.126806 ], [ 29.527556, -3.126472 ], [ 29.527306, -3.126139 ], [ 29.527056, -3.126111 ], [ 29.527167, -3.125806 ], [ 29.527083, -3.125444 ], [ 29.526722, -3.124444 ], [ 29.526444, -3.123861 ], [ 29.525611, -3.122972 ], [ 29.525444, -3.122861 ], [ 29.524444, -3.121861 ], [ 29.524333, -3.121778 ], [ 29.524194, -3.121694 ], [ 29.523889, -3.121111 ], [ 29.52375, -3.120972 ], [ 29.5235, -3.120917 ], [ 29.523583, -3.119056 ], [ 29.52325, -3.118694 ], [ 29.522778, -3.118472 ], [ 29.522222, -3.118333 ], [ 29.522417, -3.118111 ], [ 29.523806, -3.116222 ], [ 29.523639, -3.116222 ], [ 29.52325, -3.116028 ], [ 29.523, -3.115778 ], [ 29.523528, -3.115472 ], [ 29.523528, -3.115333 ], [ 29.5235, -3.114889 ], [ 29.523556, -3.114639 ], [ 29.523556, -3.114111 ], [ 29.523917, -3.113333 ], [ 29.524028, -3.113139 ], [ 29.524222, -3.112944 ], [ 29.524306, -3.112639 ], [ 29.524556, -3.112444 ], [ 29.52475, -3.112056 ], [ 29.52475, -3.112028 ], [ 29.52475, -3.111639 ], [ 29.524759216, -3.111501753000027 ], [ 29.524778, -3.111222 ], [ 29.524861, -3.110944 ], [ 29.524917, -3.110722 ], [ 29.525, -3.1105 ], [ 29.525278, -3.110083 ], [ 29.525139, -3.109861 ], [ 29.524222, -3.109889 ], [ 29.524222, -3.109722 ], [ 29.524056, -3.109639 ], [ 29.524047726999981, -3.109560096 ], [ 29.523889, -3.109444 ], [ 29.523472, -3.109139 ], [ 29.523056, -3.108944 ], [ 29.522639, -3.108833 ], [ 29.522417, -3.108722 ], [ 29.522361, -3.108611 ], [ 29.521917, -3.108417 ], [ 29.521722, -3.108444 ], [ 29.5215, -3.108417 ], [ 29.521194, -3.108361 ], [ 29.520917, -3.108083 ], [ 29.520444, -3.107917 ], [ 29.520361, -3.107667 ], [ 29.520111, -3.107639 ], [ 29.520056, -3.108 ], [ 29.519833, -3.108333 ], [ 29.519389, -3.1085 ], [ 29.518806, -3.108611 ], [ 29.5185, -3.108583 ], [ 29.518278, -3.108611 ], [ 29.517111, -3.108806 ], [ 29.516556, -3.107472 ], [ 29.516278, -3.107278 ], [ 29.516861, -3.106889 ], [ 29.51675, -3.106639 ], [ 29.516833, -3.106306 ], [ 29.516917, -3.105694 ], [ 29.516944, -3.1055 ], [ 29.516861, -3.105333 ], [ 29.516806, -3.105 ], [ 29.516944, -3.104472 ], [ 29.516778, -3.104333 ], [ 29.516778, -3.10425 ], [ 29.516861, -3.103917 ], [ 29.516972, -3.103417 ], [ 29.51725, -3.103167 ], [ 29.517278, -3.103139 ], [ 29.517389, -3.102889 ], [ 29.517361, -3.102278 ], [ 29.517389, -3.102167 ], [ 29.5175, -3.101667 ], [ 29.517278, -3.10125 ], [ 29.517194, -3.101056 ], [ 29.516639, -3.100972 ], [ 29.516639, -3.100778 ], [ 29.516333, -3.100667 ], [ 29.516, -3.100694 ], [ 29.515778, -3.100583 ], [ 29.515861, -3.100333 ], [ 29.515833, -3.10025 ], [ 29.515722, -3.10025 ], [ 29.515806, -3.099472 ], [ 29.515778, -3.099472 ], [ 29.515833, -3.099278 ], [ 29.515861, -3.099083 ], [ 29.515944, -3.098472 ], [ 29.51575, -3.098389 ], [ 29.515667, -3.098361 ], [ 29.515444, -3.098333 ], [ 29.515056, -3.098167 ], [ 29.514778, -3.098194 ], [ 29.514583, -3.098139 ], [ 29.514389, -3.098194 ], [ 29.514056, -3.098278 ], [ 29.513917, -3.098361 ], [ 29.513611, -3.098417 ], [ 29.513583, -3.098361 ], [ 29.513444, -3.09825 ], [ 29.513333, -3.098139 ], [ 29.513111, -3.098056 ], [ 29.513083, -3.098028 ], [ 29.512889, -3.097861 ], [ 29.512528, -3.097861 ], [ 29.512222, -3.097806 ], [ 29.512167, -3.09775 ], [ 29.51175, -3.097889 ], [ 29.511583, -3.097861 ], [ 29.511417, -3.097667 ], [ 29.511278, -3.097194 ], [ 29.511333, -3.096917 ], [ 29.511361, -3.096694 ], [ 29.511278, -3.096556 ], [ 29.511083, -3.096306 ], [ 29.510889, -3.096111 ], [ 29.510611, -3.096 ], [ 29.510528, -3.095889 ], [ 29.510556, -3.09575 ], [ 29.510333, -3.095639 ], [ 29.510111, -3.095722 ], [ 29.509806, -3.095528 ], [ 29.5095, -3.095417 ], [ 29.509389, -3.095222 ], [ 29.509111, -3.095167 ], [ 29.508694, -3.095056 ], [ 29.508528, -3.094944 ], [ 29.508361, -3.0945 ], [ 29.508278, -3.094278 ], [ 29.50825, -3.094194 ], [ 29.507944, -3.094 ], [ 29.507778, -3.093861 ], [ 29.507278, -3.093861 ], [ 29.507028, -3.093972 ], [ 29.506833, -3.093889 ], [ 29.506556, -3.093806 ], [ 29.506417, -3.09375 ], [ 29.506194, -3.093917 ], [ 29.505972, -3.094 ], [ 29.505972, -3.093778 ], [ 29.505917, -3.092917 ], [ 29.505639, -3.092361 ], [ 29.505583, -3.09225 ], [ 29.505583, -3.092056 ], [ 29.505444, -3.091722 ], [ 29.505417, -3.091667 ], [ 29.505306, -3.091444 ], [ 29.504917, -3.091111 ], [ 29.504806, -3.091083 ], [ 29.504611, -3.090944 ], [ 29.504417, -3.09075 ], [ 29.504306, -3.09075 ], [ 29.504194, -3.090694 ], [ 29.503833, -3.090472 ], [ 29.503583, -3.090361 ], [ 29.503333, -3.090306 ], [ 29.503139, -3.09 ], [ 29.503028, -3.089778 ], [ 29.502806, -3.089639 ], [ 29.502667, -3.089306 ], [ 29.502222, -3.089139 ], [ 29.502167, -3.089028 ], [ 29.501972, -3.088528 ], [ 29.501806, -3.088361 ], [ 29.501667, -3.088278 ], [ 29.5015, -3.088028 ], [ 29.501361, -3.087889 ], [ 29.501167, -3.087778 ], [ 29.501, -3.087639 ], [ 29.500917, -3.087361 ], [ 29.500833, -3.087222 ], [ 29.500861, -3.087111 ], [ 29.500889, -3.087056 ], [ 29.500861, -3.087056 ], [ 29.500778, -3.086778 ], [ 29.500667, -3.0865 ], [ 29.500528, -3.086222 ], [ 29.5005, -3.085972 ], [ 29.500417, -3.085806 ], [ 29.50025, -3.085806 ], [ 29.500111, -3.085861 ], [ 29.499972, -3.085778 ], [ 29.499778, -3.085722 ], [ 29.499528, -3.085694 ], [ 29.499222, -3.085583 ], [ 29.498972, -3.085472 ], [ 29.498306, -3.085111 ], [ 29.498306, -3.085083 ], [ 29.497972, -3.084778 ], [ 29.497667, -3.084778 ], [ 29.497472, -3.084667 ], [ 29.497389, -3.084528 ], [ 29.497167, -3.08425 ], [ 29.496833, -3.084056 ], [ 29.496667, -3.083972 ], [ 29.496472, -3.083806 ], [ 29.496361, -3.083583 ], [ 29.496306, -3.083583 ], [ 29.49625, -3.083611 ], [ 29.496139, -3.083361 ], [ 29.496056, -3.083194 ], [ 29.495972, -3.083083 ], [ 29.495583, -3.083083 ], [ 29.495417, -3.083 ], [ 29.495139, -3.083139 ], [ 29.495111, -3.08325 ], [ 29.494639, -3.083083 ], [ 29.494278, -3.082694 ], [ 29.494056, -3.082556 ], [ 29.494028, -3.082556 ], [ 29.493778, -3.082417 ], [ 29.493556, -3.082222 ], [ 29.493528, -3.082083 ], [ 29.493222, -3.08225 ], [ 29.492917, -3.08225 ], [ 29.492861, -3.082278 ], [ 29.492972, -3.082417 ], [ 29.492611, -3.082583 ], [ 29.492139, -3.082972 ], [ 29.491833, -3.083111 ], [ 29.491361, -3.08325 ], [ 29.491472, -3.082917 ], [ 29.491415507, -3.082841506000022 ], [ 29.491139, -3.082472 ], [ 29.490889, -3.082139 ], [ 29.490917, -3.081917 ], [ 29.491278, -3.081417 ], [ 29.490972, -3.081278 ], [ 29.491194, -3.081083 ], [ 29.491056, -3.081056 ], [ 29.491056, -3.080472 ], [ 29.491, -3.080528 ], [ 29.490944, -3.080306 ], [ 29.491083, -3.078083 ], [ 29.491861, -3.077333 ], [ 29.491944, -3.077028 ], [ 29.491667, -3.076417 ], [ 29.492111, -3.07625 ], [ 29.492222, -3.076056 ], [ 29.492, -3.07575 ], [ 29.492083, -3.075417 ], [ 29.49225, -3.075139 ], [ 29.492389, -3.074389 ], [ 29.492361, -3.074278 ], [ 29.49225, -3.073472 ], [ 29.492389, -3.073278 ], [ 29.492722, -3.072944 ], [ 29.492417, -3.072833 ], [ 29.492167, -3.072861 ], [ 29.492167, -3.072306 ], [ 29.492111, -3.071583 ], [ 29.492222, -3.071222 ], [ 29.492333, -3.070694 ], [ 29.49225, -3.070306 ], [ 29.491778, -3.069833 ], [ 29.491667, -3.069694 ], [ 29.491306, -3.069306 ], [ 29.491389, -3.068917 ], [ 29.491333, -3.068611 ], [ 29.491361, -3.06825 ], [ 29.491324797, -3.067756326999984 ], [ 29.491306, -3.0675 ], [ 29.491194, -3.066028 ], [ 29.491222, -3.065611 ], [ 29.491111, -3.065361 ], [ 29.49125, -3.064333 ], [ 29.491694, -3.063778 ], [ 29.491944, -3.063694 ], [ 29.491889, -3.062972 ], [ 29.492056, -3.062361 ], [ 29.492222, -3.062111 ], [ 29.492694, -3.061722 ], [ 29.492639, -3.061417 ], [ 29.492694, -3.060972 ], [ 29.492778, -3.060528 ], [ 29.492778, -3.060111 ], [ 29.492139, -3.06 ], [ 29.491361, -3.059583 ], [ 29.490861, -3.059556 ], [ 29.490889, -3.06 ], [ 29.490694, -3.060194 ], [ 29.490472, -3.060389 ], [ 29.490222, -3.060472 ], [ 29.489917, -3.060639 ], [ 29.489639, -3.060611 ], [ 29.489444, -3.060417 ], [ 29.489194, -3.059806 ], [ 29.488528, -3.059806 ], [ 29.488083, -3.059944 ], [ 29.488194, -3.059472 ], [ 29.488417, -3.059167 ], [ 29.488917, -3.058583 ], [ 29.488944, -3.058167 ], [ 29.489083, -3.057806 ], [ 29.489417, -3.057528 ], [ 29.489306, -3.057028 ], [ 29.489194, -3.056194 ], [ 29.488889, -3.056167 ], [ 29.48875, -3.055972 ], [ 29.488306, -3.056222 ], [ 29.488056, -3.056111 ], [ 29.48775, -3.056 ], [ 29.487444, -3.055972 ], [ 29.487222, -3.055917 ], [ 29.487111, -3.055833 ], [ 29.486944, -3.055806 ], [ 29.487333, -3.054972 ], [ 29.487472, -3.054389 ], [ 29.487455497999974, -3.054314668000018 ], [ 29.487361, -3.053889 ], [ 29.487194, -3.053361 ], [ 29.486944, -3.052861 ], [ 29.486861, -3.052444 ], [ 29.486333, -3.051389 ], [ 29.48625, -3.050972 ], [ 29.486167, -3.050694 ], [ 29.486194, -3.050389 ], [ 29.486917, -3.049889 ], [ 29.487, -3.049444 ], [ 29.486778, -3.049167 ], [ 29.486667, -3.048833 ], [ 29.48675, -3.048444 ], [ 29.486972, -3.048361 ], [ 29.487222, -3.04825 ], [ 29.487528, -3.048111 ], [ 29.48775, -3.04825 ], [ 29.488111, -3.048611 ], [ 29.488333, -3.048944 ], [ 29.488528, -3.049 ], [ 29.488694, -3.048972 ], [ 29.488889, -3.049 ], [ 29.489, -3.049 ], [ 29.488972, -3.048333 ], [ 29.488861, -3.048167 ], [ 29.488778, -3.048056 ], [ 29.488778, -3.047889 ], [ 29.489028, -3.047667 ], [ 29.489278, -3.047694 ], [ 29.489722, -3.047611 ], [ 29.48975, -3.047611 ], [ 29.489667, -3.047472 ], [ 29.489694, -3.047306 ], [ 29.489694, -3.047083 ], [ 29.489639, -3.046917 ], [ 29.489583, -3.046556 ], [ 29.489694, -3.046472 ], [ 29.489861, -3.046417 ], [ 29.489889, -3.046361 ], [ 29.49, -3.046278 ], [ 29.490333, -3.04575 ], [ 29.490333, -3.045667 ], [ 29.490361, -3.045639 ], [ 29.490389, -3.045611 ], [ 29.49025, -3.045389 ], [ 29.490278, -3.045083 ], [ 29.490333, -3.044917 ], [ 29.490583, -3.044861 ], [ 29.491222, -3.045222 ], [ 29.49125, -3.04525 ], [ 29.491194, -3.045139 ], [ 29.491222, -3.044806 ], [ 29.49125, -3.044917 ], [ 29.491333, -3.044833 ], [ 29.491389, -3.044861 ], [ 29.4915, -3.044333 ], [ 29.491333, -3.044306 ], [ 29.490889, -3.044306 ], [ 29.490734483999972, -3.043817470000022 ], [ 29.490528, -3.043639 ], [ 29.490528, -3.043528 ], [ 29.490194, -3.043056 ], [ 29.490028, -3.042639 ], [ 29.48975, -3.042333 ], [ 29.489417, -3.042028 ], [ 29.489222, -3.042028 ], [ 29.488972, -3.041806 ], [ 29.488861, -3.041778 ], [ 29.488667, -3.041556 ], [ 29.488611, -3.041472 ], [ 29.488861, -3.041306 ], [ 29.488944, -3.04125 ], [ 29.489194, -3.041056 ], [ 29.489333, -3.040889 ], [ 29.489528, -3.040667 ], [ 29.489722, -3.040639 ], [ 29.489861, -3.0405 ], [ 29.49, -3.040528 ], [ 29.490041527000017, -3.040416928000013 ], [ 29.489887504000023, -3.040097316000015 ], [ 29.489583, -3.039667 ], [ 29.489306, -3.0395 ], [ 29.489111, -3.039444 ], [ 29.488861, -3.039222 ], [ 29.488972, -3.038917 ], [ 29.489472, -3.038444 ], [ 29.489444, -3.038417 ], [ 29.489083, -3.038333 ], [ 29.488972, -3.038306 ], [ 29.488222, -3.038333 ], [ 29.487972, -3.038111 ], [ 29.487861, -3.037722 ], [ 29.487861, -3.037389 ], [ 29.487917, -3.037056 ], [ 29.487861, -3.036583 ], [ 29.487889, -3.0365 ], [ 29.488056, -3.036194 ], [ 29.488139, -3.035806 ], [ 29.488278, -3.035417 ], [ 29.4885, -3.03525 ], [ 29.488833, -3.034806 ], [ 29.488833, -3.034611 ], [ 29.488694, -3.034722 ], [ 29.488333, -3.03475 ], [ 29.488111, -3.034778 ], [ 29.487917, -3.034722 ], [ 29.4875, -3.034583 ], [ 29.487028, -3.034139 ], [ 29.486917, -3.033639 ], [ 29.486778, -3.033528 ], [ 29.486972, -3.033083 ], [ 29.487111, -3.032861 ], [ 29.487417, -3.032333 ], [ 29.487611, -3.031444 ], [ 29.487861, -3.030694 ], [ 29.488389, -3.03025 ], [ 29.488222, -3.029722 ], [ 29.488167, -3.0295 ], [ 29.488, -3.029167 ], [ 29.488167, -3.029028 ], [ 29.488444, -3.028972 ], [ 29.48875, -3.028889 ], [ 29.488861, -3.0285 ], [ 29.489222, -3.028889 ], [ 29.489194, -3.028194 ], [ 29.489056, -3.027694 ], [ 29.489167, -3.027583 ], [ 29.489306, -3.027528 ], [ 29.489417, -3.027083 ], [ 29.489306, -3.026917 ], [ 29.4895, -3.026639 ], [ 29.489444, -3.026472 ], [ 29.489556, -3.026222 ], [ 29.489806, -3.026111 ], [ 29.49, -3.026056 ], [ 29.490111, -3.025917 ], [ 29.490139, -3.025778 ], [ 29.490111, -3.025722 ], [ 29.490361, -3.025333 ], [ 29.490639, -3.025 ], [ 29.491083, -3.024778 ], [ 29.491389, -3.02475 ], [ 29.491056, -3.024194 ], [ 29.491111, -3.024111 ], [ 29.491444, -3.023722 ], [ 29.491361, -3.023639 ], [ 29.491139, -3.023639 ], [ 29.490694, -3.023611 ], [ 29.490056, -3.023222 ], [ 29.49, -3.023278 ], [ 29.489806, -3.023278 ], [ 29.489611, -3.023306 ], [ 29.489389, -3.023333 ], [ 29.489306, -3.023167 ], [ 29.489417, -3.02275 ], [ 29.489528, -3.022778 ], [ 29.489611, -3.022389 ], [ 29.489472, -3.02225 ], [ 29.489306, -3.022111 ], [ 29.489028, -3.022083 ], [ 29.488944, -3.022056 ], [ 29.488833, -3.021861 ], [ 29.488556, -3.021694 ], [ 29.488417, -3.021722 ], [ 29.488194, -3.022056 ], [ 29.488139, -3.022139 ], [ 29.488111, -3.02225 ], [ 29.487917, -3.022444 ], [ 29.487639, -3.022361 ], [ 29.487528, -3.022194 ], [ 29.48725, -3.021861 ], [ 29.48725, -3.021583 ], [ 29.487139, -3.021583 ], [ 29.487083, -3.021611 ], [ 29.487083, -3.02175 ], [ 29.48525, -3.0225 ], [ 29.484833, -3.022333 ], [ 29.484389, -3.022361 ], [ 29.484333, -3.02225 ], [ 29.484556, -3.021889 ], [ 29.484917, -3.021528 ], [ 29.484944, -3.021556 ], [ 29.485333, -3.021611 ], [ 29.485611, -3.0215 ], [ 29.48575, -3.021306 ], [ 29.486056, -3.021139 ], [ 29.486135036, -3.021086205000017 ], [ 29.486382398999979, -3.020792969000013 ], [ 29.486472, -3.020583 ], [ 29.486667, -3.02 ], [ 29.486861, -3.019778 ], [ 29.487, -3.019556 ], [ 29.487305999, -3.019278 ], [ 29.487361, -3.019139 ], [ 29.487778, -3.018722 ], [ 29.487778, -3.017944 ], [ 29.487667, -3.01775 ], [ 29.486111, -3.016917 ], [ 29.486361, -3.017361 ], [ 29.486, -3.017194 ], [ 29.484972, -3.017778 ], [ 29.484972, -3.017722 ], [ 29.484889, -3.017417 ], [ 29.484722, -3.017306 ], [ 29.4845, -3.01725 ], [ 29.48425, -3.017056 ], [ 29.484083, -3.016972 ], [ 29.483722, -3.017111 ], [ 29.4835, -3.017028 ], [ 29.483167, -3.017389 ], [ 29.483194, -3.016972 ], [ 29.482806, -3.01675 ], [ 29.482806, -3.016528 ], [ 29.482944, -3.016361 ], [ 29.48325, -3.015944 ], [ 29.483444, -3.015611 ], [ 29.483694, -3.015139 ], [ 29.483861, -3.014889 ], [ 29.483528, -3.014444 ], [ 29.483694, -3.013639 ], [ 29.483611, -3.013278 ], [ 29.483528, -3.013083 ], [ 29.483556, -3.013028 ], [ 29.483639, -3.012944 ], [ 29.483917, -3.013 ], [ 29.483917, -3.012806 ], [ 29.48375, -3.012389 ], [ 29.483583, -3.012056 ], [ 29.483639, -3.012 ], [ 29.484111, -3.011889 ], [ 29.484444, -3.012056 ], [ 29.484639, -3.012028 ], [ 29.484639, -3.011639 ], [ 29.484722, -3.011528 ], [ 29.484778, -3.011472 ], [ 29.48475, -3.011139 ], [ 29.484778, -3.010806 ], [ 29.484667, -3.010778 ], [ 29.484556, -3.011139 ], [ 29.484417, -3.011111 ], [ 29.484361, -3.011056 ], [ 29.484306, -3.011111 ], [ 29.483806, -3.010806 ], [ 29.483833, -3.011111 ], [ 29.48375, -3.011056 ], [ 29.483306, -3.0105 ], [ 29.482944, -3.010472 ], [ 29.482944, -3.010389 ], [ 29.482811782999988, -3.010306216 ], [ 29.482420982, -3.010002236 ], [ 29.482194, -3.009889 ], [ 29.482028, -3.009806 ], [ 29.482028, -3.009639 ], [ 29.482083, -3.009417 ], [ 29.482167, -3.009056 ], [ 29.482194, -3.008833 ], [ 29.482222, -3.008417 ], [ 29.482583, -3.008139 ], [ 29.483139, -3.007917 ], [ 29.483278, -3.0075 ], [ 29.483194, -3.007444 ], [ 29.483, -3.007083 ], [ 29.482667, -3.006778 ], [ 29.482583, -3.006361 ], [ 29.482639, -3.006222 ], [ 29.482806, -3.006083 ], [ 29.483389, -3.005694 ], [ 29.483639, -3.005306 ], [ 29.483306, -3.005306 ], [ 29.483083, -3.005222 ], [ 29.482806, -3.004778 ], [ 29.482472, -3.004667 ], [ 29.482167, -3.004667 ], [ 29.482056, -3.004722 ], [ 29.48175, -3.004583 ], [ 29.48175, -3.004528 ], [ 29.482167, -3.003944 ], [ 29.482472, -3.003556 ], [ 29.482694, -3.003306 ], [ 29.482861, -3.003361 ], [ 29.483194, -3.003222 ], [ 29.483444, -3.003278 ], [ 29.483861, -3.003389 ], [ 29.48475, -3.003 ], [ 29.484917, -3.002778 ], [ 29.485139, -3.002556 ], [ 29.485278, -3.002306 ], [ 29.485444, -3.002194 ], [ 29.485694, -3.001861 ], [ 29.485722, -3.001833 ], [ 29.485722, -3.001778 ], [ 29.485417, -3.001417 ], [ 29.485306, -3.001222 ], [ 29.48525, -3.001167 ], [ 29.485139, -3.000944 ], [ 29.484972, -3.000778 ], [ 29.484694, -3.000139 ], [ 29.4845, -2.999917 ], [ 29.484417, -2.999639 ], [ 29.483833, -2.999139 ], [ 29.48319399899998, -2.998639 ], [ 29.48275, -2.997944 ], [ 29.482667, -2.997917 ], [ 29.482111, -2.997278 ], [ 29.482056, -2.997194 ], [ 29.481778, -2.996806 ], [ 29.481722, -2.996694 ], [ 29.481722, -2.996583 ], [ 29.481722, -2.996472 ], [ 29.48175, -2.996417 ], [ 29.482417, -2.996028 ], [ 29.482472, -2.995917 ], [ 29.482972, -2.995806 ], [ 29.483056, -2.995778 ], [ 29.482861, -2.995111 ], [ 29.483194, -2.994889 ], [ 29.483111, -2.994306 ], [ 29.483111, -2.99425 ], [ 29.482917, -2.993611 ], [ 29.482861, -2.993 ], [ 29.482861, -2.992889 ], [ 29.482833, -2.992806 ], [ 29.483222, -2.992056 ], [ 29.483194, -2.991861 ], [ 29.48325, -2.991611 ], [ 29.483139, -2.991194 ], [ 29.483028, -2.990944 ], [ 29.483, -2.990694 ], [ 29.482861, -2.990583 ], [ 29.482889, -2.990194 ], [ 29.482528, -2.989722 ], [ 29.482278, -2.989 ], [ 29.482389, -2.988 ], [ 29.482306, -2.987889 ], [ 29.482083, -2.987722 ], [ 29.481639, -2.987139 ], [ 29.480806, -2.986611 ], [ 29.480472, -2.986556 ], [ 29.479167, -2.986833 ], [ 29.478222, -2.986667 ], [ 29.477722, -2.986028 ], [ 29.477556, -2.985139 ], [ 29.477639, -2.984944 ], [ 29.478167, -2.98475 ], [ 29.478222, -2.984583 ], [ 29.477917, -2.984056 ], [ 29.477917, -2.983944 ], [ 29.477972, -2.983806 ], [ 29.478083, -2.983667 ], [ 29.478556, -2.982972 ], [ 29.478556, -2.982556 ], [ 29.478694, -2.982 ], [ 29.478833, -2.9815 ], [ 29.479194, -2.9805 ], [ 29.479583, -2.98 ], [ 29.479333, -2.979667 ], [ 29.478722, -2.9795 ], [ 29.477917, -2.979278 ], [ 29.47775, -2.979194 ], [ 29.477389, -2.979194 ], [ 29.477083, -2.979056 ], [ 29.477, -2.978806 ], [ 29.475806, -2.977639 ], [ 29.475667, -2.977528 ], [ 29.475472, -2.976667 ], [ 29.474861, -2.976389 ], [ 29.474472, -2.975972 ], [ 29.474444, -2.975333 ], [ 29.474444, -2.975306 ], [ 29.473806, -2.974694 ], [ 29.473111, -2.974722 ], [ 29.472528, -2.974306 ], [ 29.471944, -2.974194 ], [ 29.470806, -2.972722 ], [ 29.470472, -2.971806 ], [ 29.470389, -2.971361 ], [ 29.469306, -2.97 ], [ 29.46925, -2.969722 ], [ 29.469806, -2.969639 ], [ 29.469917, -2.969806 ], [ 29.470028, -2.969889 ], [ 29.470222, -2.969306 ], [ 29.469833, -2.969 ], [ 29.470093282, -2.968499624 ], [ 29.470667, -2.966806 ], [ 29.47075, -2.965611 ], [ 29.469472, -2.964056 ], [ 29.46875, -2.963389 ], [ 29.46825, -2.962056 ], [ 29.468194, -2.961 ], [ 29.467833, -2.959222 ], [ 29.467861, -2.959 ], [ 29.467889, -2.958389 ], [ 29.4685, -2.956389 ], [ 29.468444, -2.956083 ], [ 29.468028, -2.955667 ], [ 29.468111, -2.954056 ], [ 29.467972, -2.953833 ], [ 29.468056, -2.9535 ], [ 29.468111, -2.952444 ], [ 29.468389, -2.951694 ], [ 29.4685, -2.951583 ], [ 29.468417, -2.950556 ], [ 29.468556, -2.950528 ], [ 29.46875, -2.950333 ], [ 29.468944, -2.949778 ], [ 29.469139, -2.949111 ], [ 29.469222, -2.94825 ], [ 29.469306, -2.947917 ], [ 29.469556, -2.946778 ], [ 29.46975, -2.945917 ], [ 29.470056, -2.945333 ], [ 29.470111, -2.945333 ], [ 29.470611, -2.945417 ], [ 29.47075, -2.945583 ], [ 29.470778, -2.945639 ], [ 29.470861, -2.945806 ], [ 29.471, -2.945833 ], [ 29.47125, -2.946306 ], [ 29.471611, -2.946417 ], [ 29.471806, -2.946444 ], [ 29.471917, -2.946667 ], [ 29.472417, -2.947028 ], [ 29.472472, -2.947028 ], [ 29.472917, -2.947139 ], [ 29.473389, -2.947417 ], [ 29.473556, -2.947389 ], [ 29.473694, -2.947472 ], [ 29.473722, -2.947667 ], [ 29.473889, -2.947667 ], [ 29.474389, -2.947722 ], [ 29.4745, -2.947806 ], [ 29.474833, -2.947889 ], [ 29.475056, -2.947861 ], [ 29.4755, -2.947556 ], [ 29.475778, -2.9475 ], [ 29.475917, -2.947556 ], [ 29.476306, -2.947528 ], [ 29.47675, -2.947417 ], [ 29.477194, -2.947222 ], [ 29.477472, -2.947111 ], [ 29.477472, -2.946806 ], [ 29.477389, -2.946639 ], [ 29.477472, -2.946444 ], [ 29.47775, -2.946167 ], [ 29.477806, -2.945944 ], [ 29.477889, -2.945694 ], [ 29.477972, -2.945639 ], [ 29.478111, -2.945583 ], [ 29.478231541000014, -2.945492505 ], [ 29.481583001, -2.944056 ], [ 29.482222, -2.943694 ], [ 29.482611, -2.943556 ], [ 29.482667, -2.943556 ], [ 29.482861, -2.943583 ], [ 29.482917, -2.943472 ], [ 29.482944, -2.943111 ], [ 29.482806, -2.942861 ], [ 29.482833, -2.942583 ], [ 29.482861, -2.9425 ], [ 29.483, -2.942111 ], [ 29.482972, -2.942028 ], [ 29.482778, -2.941889 ], [ 29.482694, -2.941611 ], [ 29.482194, -2.941306 ], [ 29.482083, -2.941139 ], [ 29.48175, -2.941028 ], [ 29.481333, -2.940667 ], [ 29.480917, -2.940417 ], [ 29.48024945200001, -2.940219956000021 ], [ 29.477139, -2.938333 ], [ 29.477417, -2.931889 ], [ 29.475166461000015, -2.930547548999982 ], [ 29.471041712999977, -2.926991618999978 ], [ 29.470656271, -2.926584594000019 ], [ 29.468972, -2.924806 ], [ 29.466940024999985, -2.926751084999978 ], [ 29.465278, -2.926556 ], [ 29.462194, -2.926194 ], [ 29.464389, -2.924694 ], [ 29.468528, -2.916361 ], [ 29.466972, -2.915222 ], [ 29.465528, -2.914639 ], [ 29.454235246, -2.914731113000016 ], [ 29.449056, -2.912111 ], [ 29.445097267999984, -2.910108297000022 ], [ 29.443528, -2.910056 ], [ 29.441583, -2.910861 ], [ 29.439972, -2.910028 ], [ 29.437861, -2.903806 ], [ 29.434083, -2.902361 ], [ 29.433583, -2.901889 ], [ 29.430528, -2.900389 ], [ 29.426638449999984, -2.901147865999974 ], [ 29.425889, -2.903056 ], [ 29.423365530000012, -2.909480874 ], [ 29.422271189000014, -2.909445826000024 ], [ 29.419093515999975, -2.909344052999984 ], [ 29.416464863999977, -2.909259856 ], [ 29.414716135, -2.909203839999975 ], [ 29.410944, -2.909083 ], [ 29.416944, -2.901278 ], [ 29.407195038, -2.886749118000012 ], [ 29.40636329900002, -2.881902653 ], [ 29.408324850999975, -2.878358502000026 ], [ 29.403606771, -2.87571865000001 ], [ 29.400683610999977, -2.870105946000024 ], [ 29.396469872000011, -2.867620354999985 ], [ 29.39473403400001, -2.861710829 ], [ 29.391487241, -2.859679804999985 ], [ 29.388582215999975, -2.857862553000018 ], [ 29.385677196000017, -2.856045285 ], [ 29.380806979, -2.852998625 ], [ 29.377756051, -2.851090031000012 ], [ 29.377259505999973, -2.847718106 ], [ 29.37696337, -2.845707071999982 ], [ 29.376440097, -2.842153511 ], [ 29.3760021, -2.83931542900001 ], [ 29.383205413999974, -2.823954582 ], [ 29.384986878, -2.820155144000012 ], [ 29.394992828, -2.813461066 ], [ 29.40835762, -2.815745353000011 ], [ 29.413471222, -2.814786196 ], [ 29.423866272, -2.811212778000026 ], [ 29.431314467999982, -2.80490613 ], [ 29.432896507, -2.804389002 ], [ 29.43514667300002, -2.803653478 ], [ 29.436275342999977, -2.803284540999982 ], [ 29.441749559000016, -2.801495132000014 ], [ 29.439974301, -2.804497887000025 ], [ 29.439694, -2.804972 ], [ 29.441889, -2.806722 ] ] ], [ [ [ 29.265083, -2.75125 ], [ 29.271778, -2.755556 ], [ 29.272083, -2.755972 ], [ 29.272056, -2.756278 ], [ 29.282083, -2.759194 ], [ 29.283111, -2.759889 ], [ 29.285861, -2.767528 ], [ 29.287833, -2.770889 ], [ 29.287194, -2.771306 ], [ 29.282306, -2.773528 ], [ 29.2815, -2.775111 ], [ 29.28125, -2.778028 ], [ 29.281417, -2.7785 ], [ 29.2835, -2.781361 ], [ 29.270083, -2.789806 ], [ 29.271222, -2.776389 ], [ 29.269861, -2.773722 ], [ 29.26675, -2.770611 ], [ 29.266111, -2.769889 ], [ 29.263028, -2.763472 ], [ 29.262728659, -2.76319812700001 ], [ 29.261972, -2.762278 ], [ 29.261167, -2.759806 ], [ 29.259472, -2.758472 ], [ 29.258361, -2.757556 ], [ 29.257639, -2.755611 ], [ 29.256944, -2.753167 ], [ 29.256361, -2.750889 ], [ 29.261306, -2.753389 ], [ 29.263694, -2.750417 ], [ 29.264306, -2.750278 ], [ 29.264639, -2.750556 ], [ 29.265083, -2.75125 ] ] ], [ [ [ 29.206192007000027, -2.621830482 ], [ 29.210731507, -2.622661352000023 ], [ 29.226131439000028, -2.628608226999972 ], [ 29.230705261000026, -2.62912488 ], [ 29.246578215999989, -2.624777079000012 ], [ 29.262294769, -2.624289273999977 ], [ 29.275506973, -2.630987405999974 ], [ 29.283784866000019, -2.637722731 ], [ 29.284851446, -2.638065761 ], [ 29.287582187, -2.638944014 ], [ 29.296062469999981, -2.641671418999977 ], [ 29.306718826, -2.648755551000022 ], [ 29.310752869, -2.650378465000017 ], [ 29.316589356, -2.650919676 ], [ 29.323558807999973, -2.651565552000022 ], [ 29.327781678, -2.653922081000019 ], [ 29.329999924, -2.657212734999973 ], [ 29.333236694999982, -2.674277544 ], [ 29.329700469999977, -2.684101581999982 ], [ 29.329654694, -2.684228658 ], [ 29.328798294000023, -2.691769361000013 ], [ 29.333789825, -2.699081659 ], [ 29.345573425, -2.710015774 ], [ 29.346389769999973, -2.721219777999977 ], [ 29.353984833000027, -2.734391451000022 ], [ 29.356422425, -2.742458581999983 ], [ 29.355541228999982, -2.746875763 ], [ 29.347084044999974, -2.753354788000024 ], [ 29.340999603, -2.758014917000025 ], [ 29.338851928, -2.764279843 ], [ 29.345170974999974, -2.777829409 ], [ 29.350513458000023, -2.783117772000026 ], [ 29.356254578, -2.792629003 ], [ 29.356134414999985, -2.800899505000018 ], [ 29.354181304, -2.804800039999975 ], [ 29.353466009999977, -2.806228546 ], [ 29.353361, -2.806167 ], [ 29.353278, -2.806 ], [ 29.353333, -2.805833 ], [ 29.352778, -2.805694 ], [ 29.35275, -2.805889 ], [ 29.352417, -2.805944 ], [ 29.352083, -2.805833 ], [ 29.351583, -2.805944 ], [ 29.351194, -2.805694 ], [ 29.350833, -2.805722 ], [ 29.350333, -2.805806 ], [ 29.350083, -2.804917 ], [ 29.350167, -2.804667 ], [ 29.345778, -2.802389 ], [ 29.345667, -2.802333 ], [ 29.345361, -2.802361 ], [ 29.345389, -2.802167 ], [ 29.3445, -2.8015 ], [ 29.344944, -2.801111 ], [ 29.344639, -2.801 ], [ 29.343833, -2.800194 ], [ 29.343278, -2.799528 ], [ 29.343083, -2.799 ], [ 29.342556, -2.798944 ], [ 29.341944, -2.798194 ], [ 29.341861, -2.798444 ], [ 29.34175, -2.798417 ], [ 29.341167, -2.798861 ], [ 29.339917, -2.798944 ], [ 29.338556, -2.798667 ], [ 29.33825, -2.798611 ], [ 29.337833, -2.798528 ], [ 29.337639, -2.798333 ], [ 29.337361, -2.797806 ], [ 29.337333, -2.797806 ], [ 29.337139, -2.79725 ], [ 29.336833, -2.797028 ], [ 29.336611, -2.796528 ], [ 29.336056, -2.795806 ], [ 29.335861, -2.7955 ], [ 29.335472, -2.795139 ], [ 29.335444, -2.794722 ], [ 29.335389, -2.794667 ], [ 29.334889, -2.793972 ], [ 29.334278, -2.793556 ], [ 29.334139, -2.793528 ], [ 29.333944, -2.793472 ], [ 29.333111, -2.793444 ], [ 29.332472, -2.793111 ], [ 29.33091699900001, -2.792917 ], [ 29.330806, -2.793 ], [ 29.329833, -2.793278 ], [ 29.329389, -2.793167 ], [ 29.329139, -2.793139 ], [ 29.328528, -2.793222 ], [ 29.327806, -2.793194 ], [ 29.327583, -2.792611 ], [ 29.326944, -2.792083 ], [ 29.326167, -2.792028 ], [ 29.3255, -2.791667 ], [ 29.325333, -2.791583 ], [ 29.324, -2.790806 ], [ 29.323361, -2.790611 ], [ 29.32325, -2.790611 ], [ 29.32275, -2.790028 ], [ 29.322556, -2.7895 ], [ 29.323139, -2.788833 ], [ 29.322944, -2.787444 ], [ 29.322889, -2.787361 ], [ 29.322639, -2.786972 ], [ 29.322611, -2.786889 ], [ 29.322778, -2.786639 ], [ 29.322667, -2.786417 ], [ 29.322389, -2.786111 ], [ 29.322139, -2.785833 ], [ 29.321917, -2.785417 ], [ 29.321667, -2.785306 ], [ 29.321028, -2.784833 ], [ 29.320556, -2.784417 ], [ 29.319889, -2.784139 ], [ 29.319444, -2.783778 ], [ 29.319028, -2.783306 ], [ 29.317972, -2.7825 ], [ 29.317944, -2.782194 ], [ 29.317611, -2.781972 ], [ 29.317611, -2.7825 ], [ 29.317389, -2.782639 ], [ 29.316722, -2.782583 ], [ 29.316694, -2.783139 ], [ 29.316528, -2.783806 ], [ 29.316472, -2.78425 ], [ 29.316333, -2.784861 ], [ 29.316444, -2.785194 ], [ 29.316417, -2.785694 ], [ 29.316444, -2.78625 ], [ 29.316361, -2.786694 ], [ 29.316389, -2.787167 ], [ 29.316333, -2.787611 ], [ 29.316139, -2.787944 ], [ 29.315917, -2.788083 ], [ 29.315722, -2.788194 ], [ 29.315361, -2.788306 ], [ 29.315167, -2.788083 ], [ 29.314694, -2.787861 ], [ 29.314222, -2.787722 ], [ 29.313917, -2.787639 ], [ 29.313389, -2.787444 ], [ 29.312806, -2.787417 ], [ 29.312556, -2.787639 ], [ 29.312306, -2.787722 ], [ 29.312083, -2.787917 ], [ 29.311833, -2.788667 ], [ 29.311917, -2.789 ], [ 29.311917, -2.789056 ], [ 29.311861, -2.789611 ], [ 29.311556, -2.790139 ], [ 29.311417, -2.790556 ], [ 29.31125, -2.790639 ], [ 29.310556, -2.790694 ], [ 29.310167, -2.790694 ], [ 29.309972, -2.790972 ], [ 29.310278, -2.7915 ], [ 29.310694, -2.791417 ], [ 29.311028, -2.791806 ], [ 29.310806, -2.792417 ], [ 29.311, -2.79275 ], [ 29.311194, -2.793111 ], [ 29.311278, -2.793361 ], [ 29.312, -2.795722 ], [ 29.312028, -2.796472 ], [ 29.312028, -2.796861 ], [ 29.312306, -2.797556 ], [ 29.312722, -2.797972 ], [ 29.312778, -2.798 ], [ 29.312722, -2.798056 ], [ 29.313083, -2.798583 ], [ 29.313222, -2.798667 ], [ 29.313556, -2.798556 ], [ 29.313944, -2.798528 ], [ 29.314472, -2.798778 ], [ 29.314667, -2.799278 ], [ 29.314889, -2.799583 ], [ 29.315083, -2.799639 ], [ 29.31525, -2.799722 ], [ 29.315194, -2.800167 ], [ 29.315389, -2.800611 ], [ 29.315278, -2.800694 ], [ 29.315361, -2.800972 ], [ 29.315444, -2.801861 ], [ 29.314611, -2.802528 ], [ 29.314083, -2.802556 ], [ 29.313611, -2.80225 ], [ 29.313389, -2.8025 ], [ 29.313361, -2.802833 ], [ 29.313417, -2.802944 ], [ 29.313972, -2.803167 ], [ 29.314528, -2.803528 ], [ 29.3145, -2.803806 ], [ 29.314861, -2.804306 ], [ 29.315083, -2.8045 ], [ 29.315639, -2.804972 ], [ 29.315806, -2.805583 ], [ 29.315917, -2.806111 ], [ 29.316056, -2.806611 ], [ 29.315889, -2.806917 ], [ 29.315722, -2.807194 ], [ 29.315639, -2.807306 ], [ 29.315528, -2.807222 ], [ 29.315306, -2.807333 ], [ 29.315167, -2.807389 ], [ 29.315167, -2.807333 ], [ 29.314889, -2.807583 ], [ 29.315083, -2.808056 ], [ 29.315333, -2.808611 ], [ 29.315278, -2.808806 ], [ 29.315444, -2.809167 ], [ 29.315611, -2.809472 ], [ 29.316111, -2.809306 ], [ 29.316361, -2.809472 ], [ 29.316667, -2.809333 ], [ 29.316556, -2.809611 ], [ 29.316694, -2.809639 ], [ 29.316972, -2.81075 ], [ 29.315861, -2.810778 ], [ 29.31575, -2.811 ], [ 29.314833, -2.810528 ], [ 29.314639, -2.810361 ], [ 29.314056, -2.809639 ], [ 29.313111, -2.808389 ], [ 29.312028, -2.810194 ], [ 29.311889, -2.810278 ], [ 29.311139, -2.810167 ], [ 29.310333, -2.810556 ], [ 29.309167, -2.810889 ], [ 29.308472, -2.810917 ], [ 29.307083, -2.810944 ], [ 29.306556, -2.810722 ], [ 29.306778, -2.810056 ], [ 29.307, -2.809111 ], [ 29.307583, -2.80825 ], [ 29.307139, -2.808028 ], [ 29.306972, -2.807806 ], [ 29.307139, -2.807528 ], [ 29.307222, -2.80625 ], [ 29.306361, -2.805528 ], [ 29.306083, -2.804917 ], [ 29.305472, -2.804806 ], [ 29.305028, -2.804111 ], [ 29.304806, -2.80425 ], [ 29.304111, -2.8045 ], [ 29.303944, -2.804333 ], [ 29.303194, -2.804389 ], [ 29.302778, -2.8045 ], [ 29.301722, -2.80475 ], [ 29.300444, -2.804972 ], [ 29.300056, -2.805056 ], [ 29.299722, -2.805472 ], [ 29.299389, -2.805806 ], [ 29.297972, -2.807944 ], [ 29.297306, -2.808278 ], [ 29.296861, -2.808222 ], [ 29.296472, -2.807639 ], [ 29.295778, -2.806167 ], [ 29.295194, -2.805139 ], [ 29.29475, -2.804472 ], [ 29.294167, -2.803833 ], [ 29.294139, -2.803833 ], [ 29.293444, -2.803278 ], [ 29.293444, -2.80325 ], [ 29.292417, -2.802972 ], [ 29.292306, -2.802361 ], [ 29.291917, -2.802194 ], [ 29.291361, -2.802 ], [ 29.291306, -2.801278 ], [ 29.290778, -2.801194 ], [ 29.29025, -2.801167 ], [ 29.289583, -2.800722 ], [ 29.289306, -2.800667 ], [ 29.288944, -2.800611 ], [ 29.288778, -2.800528 ], [ 29.288722, -2.799944 ], [ 29.287944, -2.79925 ], [ 29.287972, -2.79875 ], [ 29.287389, -2.798417 ], [ 29.286861, -2.798528 ], [ 29.286306, -2.798333 ], [ 29.285472, -2.797639 ], [ 29.284917, -2.797222 ], [ 29.284389, -2.797111 ], [ 29.284528, -2.797028 ], [ 29.285056, -2.796583 ], [ 29.285972, -2.796556 ], [ 29.286222, -2.796917 ], [ 29.287944, -2.795667 ], [ 29.289333, -2.795639 ], [ 29.289722, -2.795667 ], [ 29.289889, -2.795389 ], [ 29.290083, -2.794861 ], [ 29.290194, -2.794722 ], [ 29.290639, -2.7945 ], [ 29.290972, -2.794111 ], [ 29.291194, -2.794167 ], [ 29.291639, -2.793972 ], [ 29.291944, -2.793306 ], [ 29.292417, -2.793333 ], [ 29.293361, -2.793028 ], [ 29.294139, -2.793944 ], [ 29.295, -2.793528 ], [ 29.295972, -2.793528 ], [ 29.296278, -2.793722 ], [ 29.296583, -2.793722 ], [ 29.297333, -2.793556 ], [ 29.297694, -2.793167 ], [ 29.297917, -2.792861 ], [ 29.298083, -2.792111 ], [ 29.298222, -2.791861 ], [ 29.298778, -2.791639 ], [ 29.298833, -2.791222 ], [ 29.299333, -2.790361 ], [ 29.299278, -2.789556 ], [ 29.299139, -2.788778 ], [ 29.299028, -2.787778 ], [ 29.299528, -2.787361 ], [ 29.297361, -2.784194 ], [ 29.297111, -2.784028 ], [ 29.296222, -2.783639 ], [ 29.296111, -2.783056 ], [ 29.29525, -2.781778 ], [ 29.294694, -2.781306 ], [ 29.293944, -2.780917 ], [ 29.294028, -2.78075 ], [ 29.294056, -2.780361 ], [ 29.294083, -2.779972 ], [ 29.294, -2.779861 ], [ 29.293722, -2.779472 ], [ 29.293889, -2.779167 ], [ 29.294083, -2.779028 ], [ 29.293278, -2.778083 ], [ 29.293722, -2.777417 ], [ 29.294111, -2.777722 ], [ 29.293444, -2.776861 ], [ 29.29375, -2.776472 ], [ 29.293778, -2.776333 ], [ 29.293889, -2.775972 ], [ 29.294111, -2.775139 ], [ 29.294472, -2.774778 ], [ 29.294861, -2.774722 ], [ 29.29525, -2.774556 ], [ 29.295833, -2.774194 ], [ 29.296, -2.774083 ], [ 29.296139, -2.774 ], [ 29.296444, -2.773639 ], [ 29.297722, -2.773306 ], [ 29.2995, -2.772778 ], [ 29.301222, -2.772667 ], [ 29.302694, -2.772056 ], [ 29.30275, -2.771611 ], [ 29.302417, -2.7705 ], [ 29.302083, -2.770028 ], [ 29.302083, -2.769639 ], [ 29.30225, -2.768611 ], [ 29.301083, -2.76775 ], [ 29.301222, -2.768056 ], [ 29.300778, -2.767778 ], [ 29.301361, -2.765833 ], [ 29.30275, -2.764194 ], [ 29.303083, -2.763611 ], [ 29.30325, -2.763556 ], [ 29.30525, -2.762417 ], [ 29.305472, -2.762 ], [ 29.305722, -2.7625 ], [ 29.305833, -2.762 ], [ 29.306, -2.762083 ], [ 29.306111, -2.762278 ], [ 29.306194, -2.762056 ], [ 29.306361, -2.761861 ], [ 29.308222, -2.761361 ], [ 29.307083, -2.760194 ], [ 29.306111, -2.760889 ], [ 29.306083, -2.760222 ], [ 29.305194, -2.760167 ], [ 29.304444, -2.759889 ], [ 29.304194, -2.759667 ], [ 29.304028, -2.759417 ], [ 29.303972, -2.759194 ], [ 29.303833, -2.758194 ], [ 29.304139, -2.757889 ], [ 29.304278, -2.757694 ], [ 29.304444, -2.757306 ], [ 29.304528, -2.757139 ], [ 29.304722, -2.756917 ], [ 29.304861, -2.75675 ], [ 29.304972, -2.756444 ], [ 29.304861, -2.755833 ], [ 29.304972, -2.755333 ], [ 29.305361, -2.755333 ], [ 29.3045, -2.754389 ], [ 29.304056, -2.753833 ], [ 29.304278, -2.75325 ], [ 29.304333, -2.752306 ], [ 29.302667, -2.74875 ], [ 29.301306, -2.746333 ], [ 29.301083, -2.745722 ], [ 29.30075, -2.745472 ], [ 29.300722, -2.745222 ], [ 29.300056, -2.743917 ], [ 29.299972, -2.743861 ], [ 29.302, -2.744028 ], [ 29.301694, -2.743389 ], [ 29.300722, -2.743528 ], [ 29.300611, -2.743306 ], [ 29.301111, -2.7425 ], [ 29.299472, -2.741472 ], [ 29.299278, -2.74175 ], [ 29.298444, -2.738667 ], [ 29.296111, -2.736639 ], [ 29.278083, -2.717194 ], [ 29.271694, -2.713222 ], [ 29.271556, -2.713361 ], [ 29.271556, -2.71325 ], [ 29.271694, -2.713139 ], [ 29.27125, -2.713 ], [ 29.269389, -2.710472 ], [ 29.267778, -2.705556 ], [ 29.266667, -2.701611 ], [ 29.267194, -2.702056 ], [ 29.268167, -2.701917 ], [ 29.268333, -2.701861 ], [ 29.268389, -2.701889 ], [ 29.269639, -2.701722 ], [ 29.269778, -2.702056 ], [ 29.27075, -2.701778 ], [ 29.270889, -2.70175 ], [ 29.271, -2.70125 ], [ 29.271056, -2.701028 ], [ 29.271389, -2.700556 ], [ 29.271778, -2.700056 ], [ 29.271889, -2.699444 ], [ 29.271833, -2.699444 ], [ 29.27225, -2.699 ], [ 29.272111, -2.698111 ], [ 29.272111, -2.698083 ], [ 29.271917, -2.697722 ], [ 29.271889, -2.697722 ], [ 29.271778, -2.697333 ], [ 29.271722, -2.697306 ], [ 29.271917, -2.695556 ], [ 29.271972, -2.694722 ], [ 29.271806, -2.694444 ], [ 29.27175, -2.694389 ], [ 29.271528, -2.693361 ], [ 29.271417, -2.693417 ], [ 29.271333, -2.693306 ], [ 29.271278, -2.69325 ], [ 29.270833, -2.693056 ], [ 29.270917, -2.692139 ], [ 29.270972, -2.691222 ], [ 29.271111, -2.691 ], [ 29.271028, -2.690972 ], [ 29.271, -2.690361 ], [ 29.270972, -2.689694 ], [ 29.270806, -2.6895 ], [ 29.27075, -2.689 ], [ 29.270639, -2.688778 ], [ 29.270972, -2.688583 ], [ 29.270778, -2.688167 ], [ 29.270694, -2.687833 ], [ 29.270222, -2.686889 ], [ 29.269028, -2.685806 ], [ 29.268944, -2.685889 ], [ 29.26825, -2.684556 ], [ 29.267694, -2.683028 ], [ 29.267278, -2.682667 ], [ 29.267139, -2.682917 ], [ 29.266694, -2.683083 ], [ 29.264944, -2.681444 ], [ 29.263583, -2.6815 ], [ 29.263556, -2.681444 ], [ 29.263528, -2.681444 ], [ 29.263056, -2.682056 ], [ 29.262139, -2.68225 ], [ 29.2615, -2.682528 ], [ 29.260944, -2.681194 ], [ 29.260306, -2.680556 ], [ 29.259972, -2.67975 ], [ 29.259639, -2.678944 ], [ 29.259389, -2.678417 ], [ 29.259306, -2.678222 ], [ 29.259167, -2.678 ], [ 29.259, -2.677778 ], [ 29.258667, -2.677083 ], [ 29.258889, -2.677028 ], [ 29.258444, -2.676417 ], [ 29.258222, -2.675556 ], [ 29.258583, -2.675306 ], [ 29.257667, -2.674389 ], [ 29.257611, -2.674083 ], [ 29.257778, -2.673222 ], [ 29.25775, -2.672583 ], [ 29.257583, -2.671694 ], [ 29.257111, -2.670611 ], [ 29.257306, -2.670528 ], [ 29.257111, -2.670028 ], [ 29.25675, -2.670222 ], [ 29.2565, -2.670083 ], [ 29.255778, -2.669222 ], [ 29.255611, -2.669167 ], [ 29.255667, -2.668694 ], [ 29.256056, -2.66875 ], [ 29.256194, -2.668722 ], [ 29.256194, -2.668639 ], [ 29.256306, -2.668556 ], [ 29.256333, -2.668278 ], [ 29.255806, -2.667306 ], [ 29.255833, -2.667111 ], [ 29.255361, -2.666306 ], [ 29.255056, -2.666361 ], [ 29.254861, -2.666083 ], [ 29.254194, -2.666306 ], [ 29.254139, -2.66625 ], [ 29.253889, -2.666333 ], [ 29.253722, -2.666167 ], [ 29.253694, -2.666083 ], [ 29.253389, -2.665722 ], [ 29.253556, -2.665611 ], [ 29.253444, -2.664833 ], [ 29.252583, -2.664306 ], [ 29.252528, -2.664278 ], [ 29.252472, -2.664028 ], [ 29.252583, -2.663806 ], [ 29.252861, -2.663722 ], [ 29.252972, -2.663944 ], [ 29.253028, -2.663889 ], [ 29.253444, -2.664083 ], [ 29.254083, -2.663917 ], [ 29.254111, -2.663 ], [ 29.254167, -2.662972 ], [ 29.254056, -2.662722 ], [ 29.254111, -2.662639 ], [ 29.252917, -2.661 ], [ 29.252972, -2.660861 ], [ 29.252889, -2.660833 ], [ 29.252778, -2.660583 ], [ 29.251944, -2.660028 ], [ 29.251611, -2.659972 ], [ 29.251278, -2.660056 ], [ 29.251306, -2.660222 ], [ 29.251167, -2.660444 ], [ 29.250389, -2.660139 ], [ 29.250278, -2.659639 ], [ 29.250139, -2.65825 ], [ 29.249778, -2.658083 ], [ 29.249583, -2.658556 ], [ 29.249361, -2.658306 ], [ 29.2495, -2.657444 ], [ 29.249444, -2.657333 ], [ 29.249389, -2.657111 ], [ 29.249083, -2.656972 ], [ 29.248917, -2.656972 ], [ 29.248972, -2.657139 ], [ 29.248028, -2.6575 ], [ 29.2475, -2.65725 ], [ 29.247556, -2.656861 ], [ 29.247278, -2.656361 ], [ 29.247222, -2.656306 ], [ 29.2475, -2.655861 ], [ 29.247778, -2.655972 ], [ 29.247944, -2.655833 ], [ 29.248139, -2.655389 ], [ 29.248444, -2.655306 ], [ 29.2485, -2.655167 ], [ 29.248472, -2.654917 ], [ 29.248722, -2.654861 ], [ 29.248389, -2.654389 ], [ 29.248278, -2.654167 ], [ 29.248444, -2.653417 ], [ 29.2475, -2.653167 ], [ 29.247389, -2.652917 ], [ 29.247333, -2.65275 ], [ 29.247056, -2.652583 ], [ 29.246333, -2.652611 ], [ 29.245111, -2.65225 ], [ 29.24511, -2.65225 ], [ 29.245111, -2.652056 ], [ 29.24511, -2.65206 ], [ 29.24503, -2.65197 ], [ 29.245028, -2.651972 ], [ 29.24497, -2.65192 ], [ 29.244972, -2.651917 ], [ 29.244, -2.650944 ], [ 29.244, -2.65094 ], [ 29.242694, -2.650389 ], [ 29.24269, -2.65039 ], [ 29.24114, -2.65025 ], [ 29.241139, -2.65025 ], [ 29.23828, -2.649 ], [ 29.238278, -2.649 ], [ 29.237361, -2.648889 ], [ 29.23736, -2.64889 ], [ 29.23706, -2.64861 ], [ 29.237056, -2.648611 ], [ 29.235861, -2.648583 ], [ 29.23586, -2.64858 ], [ 29.234194, -2.648639 ], [ 29.23275, -2.649222 ], [ 29.231611, -2.649222 ], [ 29.23161, -2.64922 ], [ 29.2315, -2.648472 ], [ 29.2315, -2.64847 ], [ 29.231417, -2.648444 ], [ 29.23142, -2.64844 ], [ 29.231278, -2.648111 ], [ 29.23128, -2.64811 ], [ 29.231139, -2.648 ], [ 29.23075, -2.648333 ], [ 29.230833, -2.648056 ], [ 29.23075, -2.647833 ], [ 29.23075, -2.64783 ], [ 29.230306, -2.647460552999974 ], [ 29.230306, -2.647472 ], [ 29.230306, -2.647667 ], [ 29.23031, -2.64767 ], [ 29.22914, -2.64767 ], [ 29.229139, -2.647667 ], [ 29.22875, -2.64753 ], [ 29.22875, -2.647528 ], [ 29.228861, -2.647444 ], [ 29.22886, -2.64744 ], [ 29.22875, -2.647361 ], [ 29.22875, -2.64736 ], [ 29.227972, -2.646917 ], [ 29.22797, -2.64692 ], [ 29.227778, -2.646944 ], [ 29.227778, -2.646667 ], [ 29.228056, -2.6465 ], [ 29.22806, -2.6465 ], [ 29.22844, -2.64581 ], [ 29.228444, -2.645806 ], [ 29.228167, -2.645083 ], [ 29.22817, -2.64508 ], [ 29.227780000999985, -2.64406 ], [ 29.227778, -2.644056 ], [ 29.22775, -2.6435 ], [ 29.22767, -2.64339 ], [ 29.227667, -2.643389 ], [ 29.227694, -2.642528 ], [ 29.22769, -2.64253 ], [ 29.2275, -2.642417 ], [ 29.22708, -2.642 ], [ 29.227083, -2.642 ], [ 29.227139, -2.641972 ], [ 29.22714, -2.64197 ], [ 29.226944, -2.641833 ], [ 29.22694, -2.64183 ], [ 29.226667, -2.641333 ], [ 29.22667, -2.64133 ], [ 29.2265, -2.64125 ], [ 29.226083, -2.640694 ], [ 29.22608, -2.64069 ], [ 29.225722, -2.640972 ], [ 29.22572, -2.64097 ], [ 29.225472, -2.640972 ], [ 29.22547, -2.64097 ], [ 29.22508, -2.64131 ], [ 29.225083, -2.641306 ], [ 29.224944, -2.641194 ], [ 29.22494, -2.64119 ], [ 29.22481, -2.64111 ], [ 29.224806, -2.641111 ], [ 29.22439, -2.64067 ], [ 29.224389, -2.640667 ], [ 29.22428, -2.64042 ], [ 29.224278, -2.640417 ], [ 29.224278, -2.640333 ], [ 29.224083, -2.640222 ], [ 29.22408, -2.64022 ], [ 29.223917, -2.640083 ], [ 29.22392, -2.64008 ], [ 29.22336, -2.63939 ], [ 29.223361, -2.639389 ], [ 29.22322, -2.63914 ], [ 29.223222, -2.639139 ], [ 29.22275, -2.639056 ], [ 29.22275, -2.638889 ], [ 29.22247, -2.63867 ], [ 29.222472, -2.638667 ], [ 29.222194, -2.638333 ], [ 29.22219, -2.63833 ], [ 29.22236, -2.63767 ], [ 29.222361, -2.637667 ], [ 29.22206, -2.63636 ], [ 29.222056, -2.636361 ], [ 29.221, -2.63525 ], [ 29.22056, -2.63483 ], [ 29.22, -2.63419 ], [ 29.22, -2.63417 ], [ 29.22014, -2.634 ], [ 29.22017, -2.63378 ], [ 29.22022, -2.63367 ], [ 29.22047, -2.63336 ], [ 29.22053, -2.63283 ], [ 29.22053, -2.63267 ], [ 29.2205, -2.63247 ], [ 29.22044, -2.63228 ], [ 29.22025, -2.63197 ], [ 29.21897, -2.62928 ], [ 29.21869, -2.62906 ], [ 29.21847, -2.62908 ], [ 29.21806, -2.62919 ], [ 29.21792, -2.629 ], [ 29.21778, -2.62897 ], [ 29.216778, -2.628972 ], [ 29.217056, -2.628 ], [ 29.217056, -2.627861 ], [ 29.215944, -2.626667 ], [ 29.214889, -2.625917 ], [ 29.21492, -2.62711 ], [ 29.214806, -2.62725 ], [ 29.214889, -2.627583 ], [ 29.214667, -2.627972 ], [ 29.214389, -2.627806 ], [ 29.21425, -2.627806 ], [ 29.214167, -2.627694 ], [ 29.213611, -2.627083 ], [ 29.213083, -2.62725 ], [ 29.212333, -2.626972 ], [ 29.211333, -2.627361 ], [ 29.210722, -2.627472 ], [ 29.210306, -2.627139 ], [ 29.209889, -2.627361 ], [ 29.209111, -2.627528 ], [ 29.208972, -2.6275 ], [ 29.208833, -2.626639 ], [ 29.208694, -2.626222 ], [ 29.208361, -2.626222 ], [ 29.207306, -2.625694 ], [ 29.206639, -2.624472 ], [ 29.206111, -2.623806 ], [ 29.205917, -2.623333 ], [ 29.205778, -2.623306 ], [ 29.205861, -2.623611 ], [ 29.20478, -2.62297 ], [ 29.203139, -2.622944 ], [ 29.2025, -2.622028 ], [ 29.201611, -2.623917 ], [ 29.201556, -2.624444 ], [ 29.200611, -2.624083 ], [ 29.199806, -2.622611 ], [ 29.199028, -2.622444 ], [ 29.198944, -2.621944 ], [ 29.198389, -2.621972 ], [ 29.198028, -2.622083 ], [ 29.196972, -2.621583 ], [ 29.195611, -2.62125 ], [ 29.195554242000014, -2.62109261400002 ], [ 29.195481304, -2.620890364 ], [ 29.199687958000027, -2.620640039000023 ], [ 29.200644892000014, -2.620815188 ], [ 29.206192007000027, -2.621830482 ] ] ] ] } },
{ "type": "Feature", "properties": { "SITE_ID": 9162, "SITE_PID": "9162", "SITE_TYPE": "PA", "NAME_ENG": "Rusizi", "NAME": "Réserve naturelle du Rusizi", "DESIG": "Parc National", "DESIG_ENG": "National Park", "DESIG_TYPE": "National", "IUCN_CAT": "II", "INT_CRIT": "Not Applicable", "REALM": "Terrestrial", "REP_M_AREA": 0.0, "GIS_M_AREA": 0.0, "REP_AREA": 90.0, "GIS_AREA": 85.050107735570506, "NO_TAKE": "Not Applicable", "NO_TK_AREA": 0.0, "STATUS": "Designated", "STATUS_YR": 1980, "GOV_TYPE": "Federal or national ministry or agency", "GOVSUBTYPE": "Not Applicable", "OWN_TYPE": "State", "OWNSUBTYPE": "Not Applicable", "MANG_AUTH": "OBPE", "MANG_PLAN": "Available 2015", "VERIF": "State Verified", "METADATAID": 1956, "PRNT_ISO3": "BDI", "ISO3": "BDI", "SUPP_INFO": "Not Applicable", "CONS_OBJ": "Not Applicable", "INLND_WTRS": "Not Reported", "OECM_ASMT": "Not Applicable" }, "geometry": { "type": "MultiPolygon", "coordinates": [ [ [ [ 29.259499757000015, -3.103978485000027 ], [ 29.259359272999973, -3.104728756999975 ], [ 29.259078698, -3.105666524000014 ], [ 29.259078046000013, -3.106604487000027 ], [ 29.258657573999983, -3.107448358 ], [ 29.25805032300002, -3.108526588000018 ], [ 29.258236282999974, -3.109464683 ], [ 29.257815775999973, -3.110355450999975 ], [ 29.258421981000026, -3.110777962999975 ], [ 29.259541151, -3.111529121999979 ], [ 29.260660256999984, -3.112374079 ], [ 29.26187270600002, -3.113172201 ], [ 29.263271707, -3.114064249000023 ], [ 29.263653652000016, -3.115292163 ], [ 29.263614937, -3.115336178 ], [ 29.263670859, -3.116159649999986 ], [ 29.262727734, -3.117579584999987 ], [ 29.262287147999984, -3.118905166 ], [ 29.26143843, -3.120041045999983 ], [ 29.260150641999985, -3.120324256 ], [ 29.259522086, -3.120986757000026 ], [ 29.258673895000015, -3.121364982999978 ], [ 29.257700039999975, -3.121806256000013 ], [ 29.256945952000024, -3.122342391000018 ], [ 29.25729082700002, -3.123163423999983 ], [ 29.258043233000024, -3.125026516 ], [ 29.258513508000021, -3.126163325999983 ], [ 29.258041992000017, -3.126794367 ], [ 29.257946935, -3.127993913000012 ], [ 29.257695408000018, -3.128404128999989 ], [ 29.257004323, -3.128656187999979 ], [ 29.256595372, -3.129634528999986 ], [ 29.256782843999986, -3.13099212100002 ], [ 29.256845166, -3.131686678 ], [ 29.256154034000019, -3.132001872999979 ], [ 29.255211974000019, -3.131874927000013 ], [ 29.25452091, -3.132095414 ], [ 29.253735673999984, -3.132252698 ], [ 29.253295692999984, -3.132694345 ], [ 29.253295223, -3.133357288000013 ], [ 29.253168999000025, -3.134209554 ], [ 29.253011370000024, -3.135061797999981 ], [ 29.252948068000023, -3.135756265 ], [ 29.253293143, -3.136293180999985 ], [ 29.253323853999973, -3.137271833999989 ], [ 29.253166179, -3.138187214000027 ], [ 29.25288333200001, -3.138471130000028 ], [ 29.252474974999984, -3.138597113 ], [ 29.252474370000016, -3.139449468 ], [ 29.252128173000017, -3.14049098800001 ], [ 29.251907437999989, -3.141753578000021 ], [ 29.251498450999975, -3.142763484 ], [ 29.251183792, -3.143615613 ], [ 29.250084088999984, -3.144340901000021 ], [ 29.249706819999972, -3.14490886599998 ], [ 29.249800494999988, -3.145666582 ], [ 29.250302573999988, -3.146235182 ], [ 29.250553277, -3.146993012 ], [ 29.250270065, -3.147782025000026 ], [ 29.25095974300001, -3.149518802999978 ], [ 29.250927165, -3.151160353000023 ], [ 29.250905304000014, -3.151226118000011 ], [ 29.250392121, -3.152769971 ], [ 29.251018561000024, -3.155106509 ], [ 29.250766412000019, -3.156369074999986 ], [ 29.24994660599998, -3.160914376 ], [ 29.250069127000017, -3.162455395999984 ], [ 29.250102231000028, -3.162871748999976 ], [ 29.249930823999989, -3.163413744000025 ], [ 29.249799801999984, -3.163498275999984 ], [ 29.249109885999985, -3.164075337999975 ], [ 29.248151775, -3.164729212 ], [ 29.247461580999982, -3.165691314000014 ], [ 29.247466418999977, -3.165702888999988 ], [ 29.24743996, -3.165700834 ], [ 29.247410676000015, -3.166022052000017 ], [ 29.246880781000016, -3.168234314000017 ], [ 29.248552324, -3.170182663 ], [ 29.248463253000011, -3.171598695 ], [ 29.247669651000024, -3.173191222000014 ], [ 29.246727150000027, -3.174854771000014 ], [ 29.246686049, -3.174860357 ], [ 29.246755537000013, -3.175119908 ], [ 29.246787675, -3.17522621400002 ], [ 29.246826983, -3.175335881000024 ], [ 29.246871655, -3.175446873999988 ], [ 29.246928233, -3.175596859999985 ], [ 29.248797589, -3.184047637 ], [ 29.248621085000025, -3.196823001999974 ], [ 29.249764543000026, -3.198505453999985 ], [ 29.25069597800001, -3.200020298000027 ], [ 29.250168140000028, -3.206127439999989 ], [ 29.249138959, -3.207279577 ], [ 29.249176510999973, -3.210022697999989 ], [ 29.249213054999984, -3.210333262 ], [ 29.24822581799998, -3.212009744999989 ], [ 29.248263887, -3.214037276999989 ], [ 29.247825992, -3.217893184 ], [ 29.247389084000019, -3.220397422000019 ], [ 29.246753679999983, -3.223895387000027 ], [ 29.246475996000015, -3.225008318 ], [ 29.248056013999985, -3.227832093000018 ], [ 29.249516243000016, -3.232206222 ], [ 29.251293224, -3.236143282 ], [ 29.251567642999987, -3.23948290200002 ], [ 29.251407885, -3.241589797000017 ], [ 29.251288846000023, -3.242106524 ], [ 29.252276358000017, -3.243896230000018 ], [ 29.254095769, -3.243937333000019 ], [ 29.256745534, -3.244336840000017 ], [ 29.257971913, -3.244019703999982 ], [ 29.259870433, -3.244060854 ], [ 29.263943053999981, -3.245932326 ], [ 29.267344089, -3.246690151999985 ], [ 29.268634615, -3.24708091399998 ], [ 29.268658825999978, -3.247092711 ], [ 29.268666837000012, -3.247082557 ], [ 29.270621855, -3.246723939 ], [ 29.271921696999982, -3.241603673999975 ], [ 29.272784973, -3.240737234 ], [ 29.273083037999982, -3.240704162999975 ], [ 29.275373149000018, -3.240450074000023 ], [ 29.303577271999984, -3.235919007 ], [ 29.306067187, -3.244337713 ], [ 29.30878213, -3.254256441 ], [ 29.310711758000025, -3.261294593 ], [ 29.312912025, -3.269981625000014 ], [ 29.314038306999976, -3.273570450000022 ], [ 29.315221357999974, -3.278254612000012 ], [ 29.309698174, -3.277459497999985 ], [ 29.289076525999974, -3.290865801 ], [ 29.28817568, -3.291378881000014 ], [ 29.287552233999975, -3.291945578000025 ], [ 29.286087826000028, -3.292724720000024 ], [ 29.285459374000027, -3.293983978000028 ], [ 29.285070076000011, -3.294765953000024 ], [ 29.283875084999977, -3.295816041000023 ], [ 29.282350716999986, -3.296985878999976 ], [ 29.280647558, -3.297525077999978 ], [ 29.278675280000016, -3.298424367 ], [ 29.276971988000014, -3.299143703000027 ], [ 29.275745712, -3.300733466999986 ], [ 29.274490199000013, -3.302383363 ], [ 29.272516441, -3.304064525 ], [ 29.270585975000017, -3.305088532000013 ], [ 29.270642904, -3.305203173 ], [ 29.270890515000019, -3.306251793 ], [ 29.270889968, -3.307000677000019 ], [ 29.270839636, -3.307899299999974 ], [ 29.270839234999983, -3.308448482000017 ], [ 29.270938221999984, -3.308947811 ], [ 29.271037208, -3.309447139999975 ], [ 29.271166626000024, -3.309689124999977 ], [ 29.271171456, -3.309692046 ], [ 29.273070583999981, -3.310886928 ], [ 29.274370291000025, -3.311351512999977 ], [ 29.275747578, -3.311638959 ], [ 29.275848756000016, -3.311663158999977 ], [ 29.275961461, -3.31169761000001 ], [ 29.276071682, -3.311739395000018 ], [ 29.276178948, -3.311788336 ], [ 29.276275852000026, -3.311840206999989 ], [ 29.278040157000021, -3.312855172000013 ], [ 29.278821889000028, -3.313248719 ], [ 29.278916879, -3.313300175999984 ], [ 29.27901687100001, -3.313362770000026 ], [ 29.279112576999978, -3.313431802000025 ], [ 29.279203585, -3.313506978000021 ], [ 29.279289506, -3.313587975000019 ], [ 29.279369971999984, -3.313674446 ], [ 29.279444639000019, -3.313766021 ], [ 29.27951318700002, -3.313862309 ], [ 29.279575322000028, -3.313962896000021 ], [ 29.279630778000012, -3.314067352 ], [ 29.279679317999978, -3.314175229999989 ], [ 29.279720734000023, -3.314286067000012 ], [ 29.27974953, -3.314379825 ], [ 29.280110278, -3.315678325000022 ], [ 29.28011559700002, -3.315697888999978 ], [ 29.280142263000016, -3.315813210999977 ], [ 29.280161368, -3.315930039000023 ], [ 29.28017282899998, -3.316047873 ], [ 29.280176598000025, -3.316166206999981 ], [ 29.280172659000016, -3.316284537 ], [ 29.28016102700002, -3.316402353 ], [ 29.28014175200002, -3.316519153 ], [ 29.280114919000027, -3.316634436000015 ], [ 29.280080640999984, -3.316747709000026 ], [ 29.280042072000015, -3.316851159 ], [ 29.279980873, -3.317001199 ], [ 29.280750915, -3.317136372999983 ], [ 29.280793662, -3.317144412 ], [ 29.280908368999974, -3.31717138 ], [ 29.281021074000023, -3.317205832000013 ], [ 29.281131296000012, -3.317247617000021 ], [ 29.281238562999988, -3.31729655700002 ], [ 29.281342415999973, -3.317352444999983 ], [ 29.281442409000022, -3.317415037999979 ], [ 29.281538114, -3.317484069999978 ], [ 29.281629123000016, -3.317559245999973 ], [ 29.281715045, -3.317640243000028 ], [ 29.281795511999974, -3.317726715 ], [ 29.281870179, -3.31781829 ], [ 29.281922044, -3.317889886999978 ], [ 29.282386583, -3.318565308000018 ], [ 29.282403267, -3.318589998 ], [ 29.282465403, -3.318690585000013 ], [ 29.282520858999987, -3.318795041999977 ], [ 29.28256939900001, -3.318902918999981 ], [ 29.282610815999988, -3.319013756 ], [ 29.282644931, -3.319127079 ], [ 29.282671597999979, -3.3192424 ], [ 29.282690704, -3.319359228999986 ], [ 29.282702164999989, -3.319477061999976 ], [ 29.282705935000024, -3.319595397 ], [ 29.282701995000025, -3.319713725999975 ], [ 29.282690362999972, -3.319831543000021 ], [ 29.282671089000019, -3.319948343000021 ], [ 29.282659539, -3.320002194999972 ], [ 29.282356021999988, -3.32131969 ], [ 29.282166813, -3.322304665 ], [ 29.282415597000011, -3.323685539999985 ], [ 29.28242917, -3.323773045 ], [ 29.282440631999975, -3.323890877999986 ], [ 29.282444401000021, -3.324009213000011 ], [ 29.282443576, -3.325151661 ], [ 29.282439636, -3.325269989999981 ], [ 29.282428004, -3.325387807000027 ], [ 29.282408729999986, -3.325504605999981 ], [ 29.282392261999973, -3.325579247 ], [ 29.28192584300001, -3.327500298000018 ], [ 29.281915476999984, -3.32754094 ], [ 29.281881198, -3.327654213000017 ], [ 29.281865708, -3.327698105000024 ], [ 29.281503303000022, -3.328684499000019 ], [ 29.281477216999974, -3.328751383999986 ], [ 29.28142852000002, -3.32885919 ], [ 29.281372912, -3.328963564999981 ], [ 29.28131063, -3.329064061 ], [ 29.281241943, -3.329160248 ], [ 29.281167141000026, -3.329251714 ], [ 29.28112696, -3.329296184999976 ], [ 29.279707210000026, -3.330815959 ], [ 29.278927561999978, -3.332119729999988 ], [ 29.278812652, -3.333266128999981 ], [ 29.27870922, -3.334400384 ], [ 29.278701158999979, -3.334472732 ], [ 29.27868188399998, -3.334589532 ], [ 29.27865505, -3.33470481400002 ], [ 29.278620769999975, -3.334818085999984 ], [ 29.278579192999985, -3.334928863000016 ], [ 29.278530495999973, -3.335036668999976 ], [ 29.278474886000026, -3.335141044000011 ], [ 29.27841365, -3.335239965000028 ], [ 29.277689468, -3.33632995 ], [ 29.277688422999972, -3.336331524 ], [ 29.277619733, -3.33642771 ], [ 29.277544932000012, -3.336519176000024 ], [ 29.277464339, -3.336605529 ], [ 29.277378297999974, -3.336686400000019 ], [ 29.277287178, -3.336761442000011 ], [ 29.277191370000025, -3.336830334000012 ], [ 29.277125464999983, -3.336872473000028 ], [ 29.275971457000026, -3.337575465999976 ], [ 29.276155478000021, -3.338652867 ], [ 29.276166199999977, -3.338724125 ], [ 29.276177659999973, -3.338841958999978 ], [ 29.276177779000022, -3.338843806 ], [ 29.276274657999977, -3.34037041900001 ], [ 29.276416058, -3.341274758999987 ], [ 29.276422653, -3.341320785 ], [ 29.276434113999983, -3.341438617999984 ], [ 29.276437881999982, -3.341556953 ], [ 29.276433941, -3.341675281999983 ], [ 29.276422308, -3.341793098999972 ], [ 29.276403032000019, -3.341909897999983 ], [ 29.276376197, -3.342025181 ], [ 29.276366124999981, -3.342061343000012 ], [ 29.276284388000022, -3.342958966000026 ], [ 29.275994595999975, -3.345657661000018 ], [ 29.275650985000027, -3.345601591 ], [ 29.282258661000014, -3.347036436999986 ], [ 29.287046690000011, -3.346910765000018 ], [ 29.287893559, -3.347103165000021 ], [ 29.288042487999974, -3.34739590800001 ], [ 29.288652472000024, -3.348171421000018 ], [ 29.289777018, -3.348366006 ], [ 29.29045134, -3.349355033 ], [ 29.290005936999989, -3.349847278000027 ], [ 29.289231253000025, -3.351422684 ], [ 29.286996064, -3.352781497000024 ], [ 29.28517088000001, -3.354291944000011 ], [ 29.283683571999973, -3.355899298 ], [ 29.283211616000017, -3.357269702999986 ], [ 29.285282487000018, -3.35802591800001 ], [ 29.282536616000016, -3.361068456 ], [ 29.280479336999974, -3.360435048 ], [ 29.276993415, -3.359341020999977 ], [ 29.272060865000014, -3.358656731999986 ], [ 29.267999323000026, -3.359417507999979 ], [ 29.264431434000016, -3.358249915999977 ], [ 29.260417668, -3.357397521999985 ], [ 29.247834446000013, -3.357505853000021 ], [ 29.237646000999973, -3.357356374 ], [ 29.229852193999989, -3.357114313000011 ], [ 29.227129385000012, -3.356616705000022 ], [ 29.224923717000024, -3.355270153 ], [ 29.225054812999986, -3.354849721999983 ], [ 29.213621277000016, -3.345810852999989 ], [ 29.213203481999983, -3.345789520999972 ], [ 29.212246416000028, -3.341444745999979 ], [ 29.211406916999977, -3.340237403 ], [ 29.215129623, -3.339395726000021 ], [ 29.22065283400002, -3.339158802999975 ], [ 29.224615195000013, -3.338920614000017 ], [ 29.228576896999982, -3.339527079 ], [ 29.231675622000012, -3.340368141 ], [ 29.231696358000022, -3.340364739999984 ], [ 29.232064112999979, -3.340237127000023 ], [ 29.237530709, -3.342171834999988 ], [ 29.239224013000012, -3.342295347 ], [ 29.241610517000026, -3.342630626000016 ], [ 29.243778522000014, -3.342298877000019 ], [ 29.246857657000021, -3.341040007 ], [ 29.248639398000023, -3.340097591000017 ], [ 29.265971832999981, -3.340339412999981 ], [ 29.266646682999976, -3.34027533 ], [ 29.268412063000028, -3.342924787000015 ], [ 29.27091726499998, -3.344573669999988 ], [ 29.272379522, -3.344891196 ], [ 29.272544923999988, -3.344110317 ], [ 29.272683159, -3.342651752 ], [ 29.272748712, -3.341876484000011 ], [ 29.272796820999986, -3.341437588000019 ], [ 29.272704902999976, -3.340849707000018 ], [ 29.272698307999974, -3.340803681000011 ], [ 29.272686847999978, -3.340685846999975 ], [ 29.272686731000022, -3.340684 ], [ 29.27259066900001, -3.33917018 ], [ 29.272349627999972, -3.33775891099998 ], [ 29.272338906000016, -3.337687652 ], [ 29.27232744600002, -3.33756981800002 ], [ 29.272323678000021, -3.337451483999985 ], [ 29.272326524, -3.337351125999987 ], [ 29.272378881, -3.336416437000025 ], [ 29.272379977000014, -3.336398466 ], [ 29.272391610999989, -3.336280649 ], [ 29.272410886999978, -3.33616385 ], [ 29.272437722, -3.336048566999978 ], [ 29.272472001999972, -3.335935296 ], [ 29.272513581, -3.335824519000028 ], [ 29.272562278, -3.335716714 ], [ 29.272617888000013, -3.335612341 ], [ 29.272680171, -3.335511844999985 ], [ 29.272748859999979, -3.335415658999977 ], [ 29.272823661000018, -3.335324193000019 ], [ 29.272904256, -3.33523784099998 ], [ 29.272990296999978, -3.335156971 ], [ 29.273081416000025, -3.335081929000012 ], [ 29.273177224, -3.335013038 ], [ 29.27327730899998, -3.334950591 ], [ 29.273315395999987, -3.334929143000011 ], [ 29.273847384000021, -3.334638024000014 ], [ 29.274917195, -3.333986322999976 ], [ 29.275165476999973, -3.333612629000015 ], [ 29.275227932, -3.332927763999976 ], [ 29.275229485000011, -3.33291154 ], [ 29.275385635000021, -3.331353773999979 ], [ 29.275392142999976, -3.33129765000001 ], [ 29.275411417999976, -3.33118085000001 ], [ 29.275438252000015, -3.331065567999985 ], [ 29.275472533000027, -3.330952296000021 ], [ 29.275514110000017, -3.330841519999979 ], [ 29.275562806999972, -3.330733714000019 ], [ 29.275618415999986, -3.330629338999984 ], [ 29.275633794999976, -3.330603124 ], [ 29.276720194, -3.328786395 ], [ 29.276767097, -3.328712114999973 ], [ 29.276835785, -3.328615929000023 ], [ 29.276910585, -3.328524462000019 ], [ 29.276950768, -3.328479992999974 ], [ 29.278252194, -3.327086882 ], [ 29.278452440000024, -3.326541855000016 ], [ 29.278843273, -3.324932143000012 ], [ 29.278843827, -3.324169722000022 ], [ 29.278563973000018, -3.32261635499998 ], [ 29.278550398999982, -3.322528851000015 ], [ 29.278538938, -3.322411016999979 ], [ 29.27853517, -3.322292682000011 ], [ 29.27853911, -3.32217435299998 ], [ 29.278550742, -3.322056536 ], [ 29.278567810000027, -3.32195102999998 ], [ 29.278827138, -3.320601055 ], [ 29.27882934500002, -3.320589761 ], [ 29.278840894999973, -3.320535909 ], [ 29.27885501999998, -3.320474597999976 ], [ 29.278785728, -3.32045735600002 ], [ 29.278766269000016, -3.320451983 ], [ 29.277474790999975, -3.320087530000023 ], [ 29.277381543999979, -3.320058452000012 ], [ 29.277271322, -3.320016666000015 ], [ 29.277164055000014, -3.319967725000026 ], [ 29.277060201999973, -3.319911838 ], [ 29.276960208999981, -3.319849244000011 ], [ 29.276864503000013, -3.319780209999976 ], [ 29.276773494999986, -3.319705035000027 ], [ 29.276687573, -3.319624037999972 ], [ 29.276607107000018, -3.319537566 ], [ 29.276532439999983, -3.31944599000002 ], [ 29.276463893000027, -3.319349703 ], [ 29.27640175800002, -3.31924911599998 ], [ 29.276346301999979, -3.319144659000017 ], [ 29.276297762000013, -3.319036782000012 ], [ 29.276256347000015, -3.318925944 ], [ 29.276222233, -3.318812622999985 ], [ 29.276195566000013, -3.3186973 ], [ 29.276176462000024, -3.318580472 ], [ 29.276165000999981, -3.318462639000018 ], [ 29.276163413, -3.318434656000022 ], [ 29.276112497999975, -3.31739603 ], [ 29.276114258, -3.317187349 ], [ 29.276125891, -3.317069532 ], [ 29.276145165, -3.316952733 ], [ 29.276171998999985, -3.31683744999998 ], [ 29.276206278000018, -3.316724177000026 ], [ 29.276244846999987, -3.316620726999986 ], [ 29.276455417000022, -3.316104489 ], [ 29.276382978000015, -3.316068019999989 ], [ 29.276294936999989, -3.316020582000021 ], [ 29.274735494000026, -3.315123468000024 ], [ 29.273517353999978, -3.314869236 ], [ 29.273416176000012, -3.314845035000019 ], [ 29.27330347100002, -3.314810583999986 ], [ 29.27328012800001, -3.314802419999978 ], [ 29.271678797, -3.31423001600001 ], [ 29.271591918000013, -3.314196392999975 ], [ 29.271484653000016, -3.314147451999986 ], [ 29.271380801000021, -3.314091564000023 ], [ 29.271326821, -3.314058908999982 ], [ 29.269407495, -3.312851317000025 ], [ 29.26889725, -3.31265364799998 ], [ 29.268854590999979, -3.312636489 ], [ 29.268747325, -3.312587547000021 ], [ 29.268643473999987, -3.312531659 ], [ 29.268543481999984, -3.312469065000016 ], [ 29.268491779999977, -3.312432957999988 ], [ 29.267200737999985, -3.311497272999986 ], [ 29.267156735000015, -3.31146434599998 ], [ 29.267067242, -3.311390502999984 ], [ 29.266241072000014, -3.31066288 ], [ 29.266239558, -3.310661545000016 ], [ 29.266153638999981, -3.310580548000019 ], [ 29.266073173999985, -3.310494075 ], [ 29.265998508999985, -3.31040249900002 ], [ 29.265929963000019, -3.310306211000011 ], [ 29.26586783, -3.310205624 ], [ 29.265812375, -3.310101168000017 ], [ 29.265763837, -3.309993290000023 ], [ 29.265722423, -3.309882453 ], [ 29.265688309999973, -3.30976913 ], [ 29.265661645000023, -3.309653808 ], [ 29.265642542000023, -3.309536980000019 ], [ 29.265633200000025, -3.309448337999982 ], [ 29.265459308, -3.309324779 ], [ 29.265401592999979, -3.309282011 ], [ 29.265345059000026, -3.309236498000018 ], [ 29.263795948, -3.307937114000026 ], [ 29.263761476000013, -3.307907450000016 ], [ 29.26367555600001, -3.307826450999983 ], [ 29.263595092, -3.307739979000019 ], [ 29.263520428, -3.307648402999973 ], [ 29.263451882000027, -3.307552115000021 ], [ 29.263389749, -3.307451528 ], [ 29.263334295, -3.307347070999981 ], [ 29.263285757, -3.307239192999987 ], [ 29.263244343, -3.307128354999975 ], [ 29.26322628600002, -3.307068371000014 ], [ 29.263139744999989, -3.307048022 ], [ 29.263027040999987, -3.307013569 ], [ 29.262916820999976, -3.306971782 ], [ 29.262809555999979, -3.306922840000027 ], [ 29.26270570600002, -3.306866952 ], [ 29.262605715, -3.306804356999976 ], [ 29.262510012, -3.306735323 ], [ 29.262419006000016, -3.306660146000013 ], [ 29.262333087, -3.306579148000026 ], [ 29.262252623, -3.306492676 ], [ 29.262177958, -3.306401100000016 ], [ 29.262109413000019, -3.306304812 ], [ 29.26204728, -3.306204224 ], [ 29.261991825999985, -3.306099766999978 ], [ 29.261944731000028, -3.305995386 ], [ 29.261686847000021, -3.305372041999988 ], [ 29.26168540499998, -3.305368546000011 ], [ 29.261643992000018, -3.305257708999989 ], [ 29.26160987999998, -3.305144386 ], [ 29.261583214999973, -3.305029064 ], [ 29.261564111999974, -3.304912236 ], [ 29.261552651999978, -3.304794403000017 ], [ 29.261548886000014, -3.304676068999981 ], [ 29.261552828, -3.304557739000018 ], [ 29.261560044000021, -3.304476277 ], [ 29.261584974000016, -3.304252291000012 ], [ 29.261519831999976, -3.304221557 ], [ 29.261415982000017, -3.304165668 ], [ 29.261315991, -3.304103073000022 ], [ 29.261220289, -3.304034038999987 ], [ 29.261129283, -3.303958862 ], [ 29.261043364999978, -3.303877864000015 ], [ 29.260962899999981, -3.303791392 ], [ 29.260888236000028, -3.303699815000016 ], [ 29.260819691, -3.303603527 ], [ 29.260757558000023, -3.303502939999987 ], [ 29.260702105, -3.303398483000024 ], [ 29.260653568, -3.303290604999972 ], [ 29.260612154, -3.303179768 ], [ 29.26057804300001, -3.303066446 ], [ 29.260551378, -3.302951123000014 ], [ 29.260547636000013, -3.302931576999981 ], [ 29.260393244, -3.302100594000024 ], [ 29.260377883, -3.302003312000011 ], [ 29.260366423999983, -3.30188547900002 ], [ 29.26036265800002, -3.301767144 ], [ 29.2603666, -3.301648816000011 ], [ 29.260378232999983, -3.301531 ], [ 29.260397507999983, -3.301414201 ], [ 29.260424343000011, -3.301298917999986 ], [ 29.260458622999977, -3.301185647000011 ], [ 29.260481942000013, -3.301120845000014 ], [ 29.260365826999987, -3.300900013999978 ], [ 29.260342305999984, -3.300853680999978 ], [ 29.260293768999986, -3.300745802999984 ], [ 29.260252356000024, -3.300634966000018 ], [ 29.260218243999986, -3.300521643000025 ], [ 29.260191580000026, -3.300406321000025 ], [ 29.26017247599998, -3.30028949299998 ], [ 29.260161016999973, -3.30017166 ], [ 29.26015725000002, -3.300053326000011 ], [ 29.260161192999988, -3.299934998000026 ], [ 29.260172824999984, -3.29981718099998 ], [ 29.260192100999973, -3.29970038099998 ], [ 29.260218936, -3.2995851 ], [ 29.260253216000024, -3.299471829000026 ], [ 29.260294792000025, -3.299361052999984 ], [ 29.260319159, -3.299304768000013 ], [ 29.260577923000028, -3.298733739 ], [ 29.260602252000012, -3.298682219 ], [ 29.260657859999981, -3.298577845000011 ], [ 29.260720140999979, -3.298477349999985 ], [ 29.260788827999988, -3.298381165000023 ], [ 29.260863627, -3.2982897 ], [ 29.260883541999988, -3.298267287999977 ], [ 29.260874265999973, -3.298253279999983 ], [ 29.260813177999978, -3.298154266999973 ], [ 29.260757725000019, -3.298049811 ], [ 29.260709186999975, -3.297941933 ], [ 29.260677094000016, -3.297858056 ], [ 29.26016148399998, -3.296403651 ], [ 29.260152163999976, -3.296376692000024 ], [ 29.260118052999985, -3.29626337000002 ], [ 29.260091387999978, -3.29614804800002 ], [ 29.260072286000025, -3.296031218999985 ], [ 29.260060825999972, -3.295913386999985 ], [ 29.260057059000019, -3.295795052000017 ], [ 29.260059160000026, -3.295708995999973 ], [ 29.260111634, -3.294618519999972 ], [ 29.260113473999979, -3.294586247999973 ], [ 29.260118599, -3.29452455500001 ], [ 29.260222538999983, -3.293487668000012 ], [ 29.259807567999985, -3.292651983999974 ], [ 29.258773003999977, -3.291279229999986 ], [ 29.258710463, -3.291190861000018 ], [ 29.258709419000013, -3.291189287 ], [ 29.256575560999977, -3.287967123999977 ], [ 29.255064156, -3.28598931 ], [ 29.255062845, -3.285987592000026 ], [ 29.254994302, -3.285891303000028 ], [ 29.254932170000018, -3.285790716 ], [ 29.254876718, -3.285686259999977 ], [ 29.254828181, -3.285578381 ], [ 29.254786767999974, -3.285467544000028 ], [ 29.254752657999973, -3.285354222000024 ], [ 29.254725994000012, -3.285238900000024 ], [ 29.254706892, -3.285122071999979 ], [ 29.254701416999978, -3.285075313999982 ], [ 29.254601681, -3.284116161999975 ], [ 29.254570811, -3.283887359 ], [ 29.253654357000016, -3.283835497999974 ], [ 29.253636476999986, -3.283834395999975 ], [ 29.253519254000025, -3.283822703999988 ], [ 29.253403043999981, -3.283803331 ], [ 29.253288343, -3.28377636 ], [ 29.25317564300002, -3.283741906999978 ], [ 29.253065425999978, -3.28370012 ], [ 29.252958164, -3.283651177000024 ], [ 29.252854317000015, -3.283595289 ], [ 29.252754329000027, -3.283532692999984 ], [ 29.252658628, -3.283463659 ], [ 29.252619352000011, -3.283432439000023 ], [ 29.251793174999989, -3.282756740000025 ], [ 29.251741446999972, -3.282712781999976 ], [ 29.251655530999983, -3.282631783999989 ], [ 29.25157507, -3.282545312000025 ], [ 29.25150040699998, -3.282453735 ], [ 29.251431864999972, -3.282357446999981 ], [ 29.251369733999979, -3.282256858999972 ], [ 29.25131428200001, -3.282152402 ], [ 29.251265746, -3.282044525 ], [ 29.251224334000028, -3.281933687 ], [ 29.251190224000027, -3.281820364999987 ], [ 29.251163561, -3.281705042999988 ], [ 29.251144458, -3.281588215 ], [ 29.251133, -3.281470382 ], [ 29.251129234000018, -3.281352047999974 ], [ 29.251133176, -3.281233719999989 ], [ 29.251141253000014, -3.281144671 ], [ 29.251267327999983, -3.280053646 ], [ 29.251231161000021, -3.280068382000024 ], [ 29.251132238000025, -3.280105331000016 ], [ 29.251019487, -3.280139615 ], [ 29.250904747, -3.280166413000018 ], [ 29.250788509000017, -3.280185612000025 ], [ 29.250671269, -3.280197128999987 ], [ 29.250553532000026, -3.280200913999977 ], [ 29.2504358, -3.280196951999983 ], [ 29.250318579, -3.280185259 ], [ 29.250202367999975, -3.280165884999974 ], [ 29.250087668, -3.280138915 ], [ 29.249974968, -3.280104462 ], [ 29.249864752, -3.280062674000021 ], [ 29.249757491000025, -3.280013731 ], [ 29.249653643999977, -3.279957841999988 ], [ 29.249553656999979, -3.279895246000024 ], [ 29.249457957, -3.279826211999989 ], [ 29.249366953999981, -3.279751034000014 ], [ 29.249281038, -3.279670036000027 ], [ 29.249200577000011, -3.279583564 ], [ 29.249125914999979, -3.279491986999972 ], [ 29.249076369000022, -3.27942374600002 ], [ 29.248250585, -3.278228754 ], [ 29.248231589, -3.278200707 ], [ 29.248169458, -3.278100118 ], [ 29.248114007000027, -3.277995662000023 ], [ 29.248065472, -3.277887783999972 ], [ 29.248024059999977, -3.277776947 ], [ 29.247989949999976, -3.277663624000013 ], [ 29.247963287, -3.277548302000014 ], [ 29.247944185999984, -3.277431475000014 ], [ 29.247933096999986, -3.277317445999984 ], [ 29.247077183999977, -3.276079093000021 ], [ 29.246909534999986, -3.274061877 ], [ 29.246746905, -3.272069680000016 ], [ 29.246444661, -3.271079758999974 ], [ 29.246331317, -3.270711711 ], [ 29.246280953, -3.270534036000015 ], [ 29.246091864, -3.270165931 ], [ 29.245637675000012, -3.269784936 ], [ 29.243706953000014, -3.268730344 ], [ 29.242735068, -3.268488529000024 ], [ 29.241787784, -3.269109542000024 ], [ 29.241661485, -3.269185575999984 ], [ 29.241320497, -3.26936295500002 ], [ 29.241131258, -3.269197862 ], [ 29.240917905, -3.268576008000025 ], [ 29.241344373, -3.268190821000019 ], [ 29.240884193, -3.268371404 ], [ 29.240873997, -3.267463989000021 ], [ 29.240600422999989, -3.267219205 ], [ 29.240242431000013, -3.266768744999979 ], [ 29.239258446, -3.264877206 ], [ 29.237289197, -3.262804841 ], [ 29.235946485999989, -3.261453254 ], [ 29.236037494000016, -3.259562530999972 ], [ 29.236397720000014, -3.257041750999974 ], [ 29.236399617000018, -3.254520696999975 ], [ 29.234521396, -3.250557612000023 ], [ 29.232462939000015, -3.24803499 ], [ 29.232106043999977, -3.246143927999981 ], [ 29.231839476, -3.24326252100002 ], [ 29.230319603999988, -3.239299709000022 ], [ 29.229155816, -3.238308408000023 ], [ 29.228888096999981, -3.236957639000025 ], [ 29.228889525999989, -3.235066851999989 ], [ 29.227995228, -3.233085343000027 ], [ 29.227190649000022, -3.230923828000016 ], [ 29.227281657, -3.229033109 ], [ 29.228089768000018, -3.226512674 ], [ 29.227822322, -3.224801757000023 ], [ 29.228987722999989, -3.223632153999972 ], [ 29.230600743000025, -3.222823041000026 ], [ 29.231856122000011, -3.221113275999983 ], [ 29.232098857999972, -3.220518159999983 ], [ 29.231827082999985, -3.2195868 ], [ 29.231828925, -3.217126283000027 ], [ 29.23322880500001, -3.215721331 ], [ 29.234861906, -3.214199382 ], [ 29.23509644, -3.212324877000015 ], [ 29.234631558999979, -3.210449847 ], [ 29.232884427999977, -3.208573851999972 ], [ 29.23125361000001, -3.207049445999985 ], [ 29.229273444, -3.205056104 ], [ 29.228110135, -3.20189170499998 ], [ 29.227296003999982, -3.199430574000019 ], [ 29.22508043900001, -3.200483401999975 ], [ 29.223915295999973, -3.199779514999989 ], [ 29.223566741000013, -3.198256075000018 ], [ 29.224268516, -3.19509309 ], [ 29.224299181999982, -3.19505462 ], [ 29.224351492999972, -3.194636541000023 ], [ 29.22587812, -3.189505554999982 ], [ 29.226864324000019, -3.188335810000012 ], [ 29.229193147999979, -3.188517638 ], [ 29.230626955999981, -3.187708375999989 ], [ 29.231344893000028, -3.18590816 ], [ 29.23179417, -3.184017703999984 ], [ 29.230720738, -3.182036072000017 ], [ 29.229700443000013, -3.181830164000019 ], [ 29.228447701, -3.18133938699998 ], [ 29.227812164999989, -3.181338910000022 ], [ 29.226511593999987, -3.180862423 ], [ 29.225527078000027, -3.179781231 ], [ 29.225976425999988, -3.177800741999988 ], [ 29.226213196, -3.177642336000019 ], [ 29.227589567999985, -3.17672150300001 ], [ 29.228754835000018, -3.175641924 ], [ 29.23009964900001, -3.174022251999986 ], [ 29.230459275999976, -3.172221767 ], [ 29.231535625, -3.17024174 ], [ 29.232969933, -3.168712164999988 ], [ 29.233311072, -3.16751534399998 ], [ 29.233508766, -3.166821772 ], [ 29.23324123499998, -3.165200893000019 ], [ 29.232926932999987, -3.164779001999989 ], [ 29.232435869000028, -3.16411984299998 ], [ 29.230913852000015, -3.163128296000025 ], [ 29.229302529999984, -3.16177653 ], [ 29.229213953, -3.160425899000018 ], [ 29.230110346, -3.159526189000019 ], [ 29.23172298999998, -3.159077197999977 ], [ 29.232977407000021, -3.158537901999978 ], [ 29.234232546999976, -3.15700818800002 ], [ 29.236473246, -3.155119048000017 ], [ 29.237190876999989, -3.153678969999987 ], [ 29.237104230999989, -3.153271067 ], [ 29.236655278, -3.151157516000012 ], [ 29.236617259000013, -3.150104833 ], [ 29.238304250999988, -3.149597454 ], [ 29.239496793, -3.148699764000014 ], [ 29.239597635999985, -3.146603185 ], [ 29.240294059, -3.145006245 ], [ 29.239798595000025, -3.143408433 ], [ 29.240792985999974, -3.141811710000013 ], [ 29.240297450000014, -3.140313739000021 ], [ 29.24089447, -3.138816565000013 ], [ 29.243277724999984, -3.139517184 ], [ 29.243973633, -3.138619123000012 ], [ 29.243875528999979, -3.13692176 ], [ 29.243777352999984, -3.13532423800001 ], [ 29.243878180000024, -3.133227654999985 ], [ 29.244475618000024, -3.131131434 ], [ 29.245172733, -3.128536078000025 ], [ 29.246762032, -3.128337542999986 ], [ 29.248647948999974, -3.130036194000013 ], [ 29.249741065000023, -3.129238253999972 ], [ 29.249543341999981, -3.12794018 ], [ 29.247955392999984, -3.126241745000016 ], [ 29.247161882, -3.124743562999981 ], [ 29.247162735000018, -3.123545472999979 ], [ 29.247858414, -3.122946929000022 ], [ 29.249744468000017, -3.124445895 ], [ 29.251035017999982, -3.125345386999982 ], [ 29.252823029000012, -3.125047143000018 ], [ 29.254313847, -3.123650433000023 ], [ 29.254911186000015, -3.12165403900002 ], [ 29.255111305000014, -3.119557521 ], [ 29.255708498, -3.117760805999978 ], [ 29.256802015, -3.116363808000017 ], [ 29.257994570999983, -3.115366241 ], [ 29.259981139, -3.115167961999987 ], [ 29.261136170999976, -3.114754209000012 ], [ 29.261172242999976, -3.114109671999984 ], [ 29.26107926100002, -3.113640625000016 ], [ 29.26070629100002, -3.113265176000027 ], [ 29.260426528999972, -3.113030488 ], [ 29.25935371700001, -3.112701445000027 ], [ 29.258280644000024, -3.112747586000012 ], [ 29.256787783, -3.112652734999983 ], [ 29.256321409, -3.112417914 ], [ 29.256042175, -3.111432854999975 ], [ 29.255762843000014, -3.110588490999987 ], [ 29.255063628000016, -3.109743829000024 ], [ 29.25441064, -3.109508876 ], [ 29.253477927, -3.108992334 ], [ 29.252452138000024, -3.108147439999982 ], [ 29.251239869000017, -3.107114819 ], [ 29.251380094000012, -3.106739732999984 ], [ 29.252266712, -3.10645897500001 ], [ 29.253293222000025, -3.10627211100001 ], [ 29.253620324, -3.105521973 ], [ 29.253620948999981, -3.104630910000026 ], [ 29.253341620000015, -3.103786545 ], [ 29.252922232, -3.103082776 ], [ 29.252736079999977, -3.102426071000025 ], [ 29.253156289, -3.101957387000027 ], [ 29.254182598999989, -3.102051909000011 ], [ 29.254415669000025, -3.102333464000026 ], [ 29.255441586000018, -3.10299076299998 ], [ 29.256234334999988, -3.103507202 ], [ 29.256747327000028, -3.103788953 ], [ 29.257540109999979, -3.104258494000021 ], [ 29.257960286000014, -3.103836707000028 ], [ 29.25819420800002, -3.102898907999986 ], [ 29.257775208, -3.101632361999975 ], [ 29.258242232999976, -3.100929217999976 ], [ 29.259315327000024, -3.100836175999973 ], [ 29.259408243, -3.101399019999974 ], [ 29.259361101000025, -3.10210245899998 ], [ 29.259127506000027, -3.102571276999981 ], [ 29.258893815000022, -3.10318079000001 ], [ 29.259266782, -3.103556237000021 ], [ 29.259499757000015, -3.103978485000027 ] ], [ [ 29.247864957, -3.268857265 ], [ 29.247526680000021, -3.269161930999985 ], [ 29.247830290000024, -3.269121476 ], [ 29.248125411, -3.268884543000013 ], [ 29.247864957, -3.268857265 ] ], [ [ 29.272764290999987, -3.344974749000016 ], [ 29.274607322, -3.345374961 ], [ 29.273797160000015, -3.345154245 ], [ 29.272764290999987, -3.344974749000016 ] ] ] ] } },
{ "type": "Feature", "properties": { "SITE_ID": 9164, "SITE_PID": "9164", "SITE_TYPE": "PA", "NAME_ENG": "Bururi Forest", "NAME": "Bururi Forest", "DESIG": "Réserve Naturelle", "DESIG_ENG": "Nature reserve", "DESIG_TYPE": "National", "IUCN_CAT": "Ib", "INT_CRIT": "Not Applicable", "REALM": "Terrestrial", "REP_M_AREA": 0.0, "GIS_M_AREA": 0.0, "REP_AREA": 33.0, "GIS_AREA": 26.8489612117455, "NO_TAKE": "Not Applicable", "NO_TK_AREA": 0.0, "STATUS": "Designated", "STATUS_YR": 1951, "GOV_TYPE": "Federal or national ministry or agency", "GOVSUBTYPE": "Not Applicable", "OWN_TYPE": "State", "OWNSUBTYPE": "Not Applicable", "MANG_AUTH": "OBPE", "MANG_PLAN": "In development", "VERIF": "State Verified", "METADATAID": 1956, "PRNT_ISO3": "BDI", "ISO3": "BDI", "SUPP_INFO": "Not Applicable", "CONS_OBJ": "Not Applicable", "INLND_WTRS": "Not Reported", "OECM_ASMT": "Not Applicable" }, "geometry": { "type": "MultiPolygon", "coordinates": [ [ [ [ 29.587817922999989, -3.96396206999998 ], [ 29.588240320000011, -3.963554159000012 ], [ 29.589020345, -3.963144162 ], [ 29.589750045000017, -3.962918245000026 ], [ 29.590102313999978, -3.962809468999978 ], [ 29.590462969999976, -3.962399472000016 ], [ 29.59084040099998, -3.962081513999976 ], [ 29.591050084000017, -3.961587843000018 ], [ 29.591133958, -3.961152742000024 ], [ 29.590949436000017, -3.960391316000027 ], [ 29.590563617999976, -3.959956214999977 ], [ 29.590228122999974, -3.959797235999986 ], [ 29.589817143, -3.959805603 ], [ 29.589431325000021, -3.959830705 ], [ 29.589011957000025, -3.959646624000015 ], [ 29.588676463000013, -3.959362134 ], [ 29.588408066999989, -3.958876829000019 ], [ 29.588122898, -3.958391522999989 ], [ 29.587846115, -3.957822541999974 ], [ 29.587468683999987, -3.957529685 ], [ 29.587166739, -3.957404175000022 ], [ 29.586772532999987, -3.957571522000023 ], [ 29.586260905000017, -3.957956421 ], [ 29.586026059, -3.95797315599998 ], [ 29.585732501999985, -3.957789073000015 ], [ 29.585715725999989, -3.957563155 ], [ 29.585740889000022, -3.957253563 ], [ 29.585539591999975, -3.957019276999972 ], [ 29.585313133, -3.956902134000018 ], [ 29.584876990999987, -3.956860297 ], [ 29.584449236000012, -3.956868664000012 ], [ 29.583962770000028, -3.956676214000026 ], [ 29.583727924000016, -3.956525602 ], [ 29.583702760999984, -3.95646703 ], [ 29.583627275000026, -3.956174173000022 ], [ 29.583761472999981, -3.955914785 ], [ 29.584013094, -3.955437844000016 ], [ 29.584155679, -3.955103149000024 ], [ 29.584189228000014, -3.954835393 ], [ 29.584096967999983, -3.954693147 ], [ 29.583652437000012, -3.954676413000016 ], [ 29.583224683000026, -3.954676413000016 ], [ 29.582771765000018, -3.954751719 ], [ 29.582260136, -3.954726616000016 ], [ 29.581832381000027, -3.954626207999979 ], [ 29.581438176, -3.954576003999989 ], [ 29.580960096000013, -3.954617841000015 ], [ 29.580557503000023, -3.954609473 ], [ 29.580314269999974, -3.954517431999989 ], [ 29.580037487000027, -3.954517431999989 ], [ 29.579718768000021, -3.954500698 ], [ 29.579475534999972, -3.954383554 ], [ 29.579198752000025, -3.954224574000023 ], [ 29.578905195, -3.954090695 ], [ 29.578519375999974, -3.953873144 ], [ 29.578326467000011, -3.95382293900002 ], [ 29.578175494999982, -3.953806203999989 ], [ 29.578108395000015, -3.953580284999987 ], [ 29.578141946000017, -3.953454774000022 ], [ 29.578376790999982, -3.95322048700001 ], [ 29.578653573999986, -3.952969463999978 ], [ 29.578804546000015, -3.952785381000012 ], [ 29.579072941999982, -3.952417216000015 ], [ 29.579299400000025, -3.951982110000017 ], [ 29.57974393, -3.95166414900001 ], [ 29.580356207000023, -3.951463331000014 ], [ 29.580800736000015, -3.951086797000016 ], [ 29.580968483999982, -3.950752099999988 ], [ 29.581178167000019, -3.950233319 ], [ 29.581052358000022, -3.949446781 ], [ 29.58102719599998, -3.949036777 ], [ 29.581161393, -3.948886163 ], [ 29.581798832, -3.948543097000027 ], [ 29.58202529, -3.948141459999988 ], [ 29.582494983, -3.947421858999974 ], [ 29.58307371, -3.947154099999977 ], [ 29.583535014, -3.946635318 ], [ 29.583920832999979, -3.945832041000017 ], [ 29.584365363000018, -3.94549734200001 ], [ 29.584927315000016, -3.94543876900002 ], [ 29.585321521000026, -3.945422033999989 ], [ 29.585975734999977, -3.945104070000014 ], [ 29.586185418000014, -3.945162642000014 ], [ 29.586344778000012, -3.945455504999984 ], [ 29.58636994, -3.945798571000012 ], [ 29.586328004, -3.946191842000019 ], [ 29.586302842, -3.946518173000015 ], [ 29.586629948999985, -3.946216944000014 ], [ 29.586881569000013, -3.946049594999977 ], [ 29.587149964, -3.94596592 ], [ 29.587393197999972, -3.946150004 ], [ 29.587527395, -3.946401028000025 ], [ 29.587762241, -3.94642613100001 ], [ 29.588114510000025, -3.946258781999973 ], [ 29.588450005000027, -3.945982655000023 ], [ 29.588768723999976, -3.945564280999974 ], [ 29.588860985, -3.945212847999983 ], [ 29.588953245000027, -3.944752635999976 ], [ 29.588869371999976, -3.944484876 ], [ 29.588584202, -3.944083236999973 ], [ 29.588282258, -3.943782006999982 ], [ 29.587971924999977, -3.943689964999976 ], [ 29.587594493999973, -3.943656493999981 ], [ 29.586730596999985, -3.943940989999987 ], [ 29.586437038999975, -3.944091604 ], [ 29.586009284, -3.944426304 ], [ 29.585766051, -3.944610388 ], [ 29.585472493, -3.944727533 ], [ 29.584994414, -3.944484876 ], [ 29.584784730000024, -3.944484876 ], [ 29.584516334999989, -3.944585286 ], [ 29.584088580000014, -3.944911618 ], [ 29.583828572000016, -3.945154275 ], [ 29.583627275000026, -3.945120804999988 ], [ 29.583434366, -3.945062232999987 ], [ 29.583291781000014, -3.944769370000017 ], [ 29.583132421000016, -3.944300790999989 ], [ 29.583333718, -3.943899151999972 ], [ 29.583451141000012, -3.943648127000017 ], [ 29.583384041999977, -3.943572819999986 ], [ 29.583149196000022, -3.94353934999998 ], [ 29.582905962999973, -3.943547717 ], [ 29.582754990000012, -3.943547717 ], [ 29.582620792, -3.943397102 ], [ 29.582377559, -3.942970359000014 ], [ 29.582050451999976, -3.942526881999981 ], [ 29.581622698, -3.942083404000016 ], [ 29.581572374000018, -3.941706866 ], [ 29.581647859999975, -3.941246652000018 ], [ 29.581790445000024, -3.940970524000022 ], [ 29.581983353999988, -3.94070276399998 ], [ 29.58222658699998, -3.940225815000019 ], [ 29.582629180000026, -3.940125404000014 ], [ 29.582872414, -3.94034296 ], [ 29.583275006, -3.940694397000016 ], [ 29.583291781000014, -3.941070935000027 ], [ 29.583199520999983, -3.941422370999987 ], [ 29.583266619000028, -3.941715233000025 ], [ 29.58361050100001, -3.941974626 ], [ 29.584130517, -3.942116874000021 ], [ 29.584424074000026, -3.942300959000022 ], [ 29.584776342999987, -3.942326062 ], [ 29.585019577000025, -3.94209177099998 ], [ 29.585321521000026, -3.941773806000015 ], [ 29.585657014999981, -3.941255020000028 ], [ 29.586059608000028, -3.940719498000021 ], [ 29.586579624000024, -3.940619088 ], [ 29.586906731, -3.940778071000011 ], [ 29.587158351000028, -3.940970524000022 ], [ 29.587535783000021, -3.940778071000011 ], [ 29.587980313, -3.940368062 ], [ 29.587812564999979, -3.940259285000025 ], [ 29.587468683999987, -3.940058464 ], [ 29.587217063000026, -3.939765599999987 ], [ 29.586738984000021, -3.939255181000021 ], [ 29.586185418000014, -3.938736393 ], [ 29.585539591999975, -3.938443528999983 ], [ 29.585397006999983, -3.938502101999973 ], [ 29.58500280200002, -3.93887027400001 ], [ 29.584776342999987, -3.939213343 ], [ 29.584466011000018, -3.939372327 ], [ 29.584264714000028, -3.939305386 ], [ 29.583795023, -3.938987419 ], [ 29.583484689999977, -3.938761495 ], [ 29.583082096999988, -3.938451897 ], [ 29.582830477000016, -3.938108827 ], [ 29.582805313999984, -3.93775739 ], [ 29.582788538999978, -3.937021045 ], [ 29.582746602999975, -3.936786752999978 ], [ 29.582671117000018, -3.936293067 ], [ 29.582654343, -3.935891422999987 ], [ 29.582486594999978, -3.935539985 ], [ 29.582302073999983, -3.93507976799998 ], [ 29.582109163999974, -3.934435463999989 ], [ 29.581857543000012, -3.933523396999988 ], [ 29.581706570999984, -3.932987869999977 ], [ 29.58171495800002, -3.932761944 ], [ 29.581748507999976, -3.932452343000023 ], [ 29.581731733000026, -3.932017228 ], [ 29.58161431000002, -3.931649052000012 ], [ 29.581563986, -3.931381289 ], [ 29.581706570999984, -3.931113525 ], [ 29.581865930999982, -3.930962908000026 ], [ 29.58222658699998, -3.930795554999975 ], [ 29.582780152, -3.930803922999985 ], [ 29.583082096999988, -3.930494321000026 ], [ 29.583434366, -3.930234924 ], [ 29.583660824999981, -3.92996716 ], [ 29.583778247999987, -3.929624086999979 ], [ 29.583719536, -3.929406529 ], [ 29.583493077000014, -3.929247542999974 ], [ 29.583191133000014, -3.92923917600001 ], [ 29.582847252000022, -3.929055087 ], [ 29.582595630000014, -3.928745484999979 ], [ 29.582494983, -3.928536294000025 ], [ 29.582461433, -3.928327102000026 ], [ 29.582478208, -3.92808444100001 ], [ 29.582604017999984, -3.927791572999979 ], [ 29.582822089, -3.927498705 ], [ 29.583031773000016, -3.92746523400001 ], [ 29.583543401999975, -3.927448498999979 ], [ 29.583929220000016, -3.927548910999974 ], [ 29.584398911999983, -3.927691160999984 ], [ 29.58480989200001, -3.927866881 ], [ 29.585170548, -3.927942191 ], [ 29.58535507, -3.927866881 ], [ 29.58535507, -3.92765769 ], [ 29.58530474600002, -3.927507073000015 ], [ 29.585145386000022, -3.927423396 ], [ 29.584826667000016, -3.92740666100002 ], [ 29.584440847999986, -3.927172367000026 ], [ 29.584289877, -3.926912969 ], [ 29.584189228000014, -3.926703777 ], [ 29.583920832999979, -3.926410909000026 ], [ 29.583635663, -3.926452746999985 ], [ 29.583484689999977, -3.926243555999974 ], [ 29.583367267000028, -3.926009261 ], [ 29.583283393999977, -3.925691288999985 ], [ 29.583165969999982, -3.925364950000017 ], [ 29.58323307, -3.925113919000012 ], [ 29.58339243, -3.924921461999986 ], [ 29.58381179700001, -3.924812681999981 ], [ 29.584004705999973, -3.924628594000012 ], [ 29.584080191999988, -3.924134900000013 ], [ 29.584113742, -3.923666309 ], [ 29.584356975, -3.923323233000019 ], [ 29.584717631, -3.923021995999989 ], [ 29.584868604, -3.922670552999989 ], [ 29.584902152999973, -3.922369315000026 ], [ 29.584566659000018, -3.922034607 ], [ 29.584189228000014, -3.921791943000017 ], [ 29.583593726, -3.921432131000017 ], [ 29.582620792, -3.920796183999983 ], [ 29.582302073999983, -3.920620461999988 ], [ 29.58191625500001, -3.920310856000015 ], [ 29.581664634, -3.91999288300002 ], [ 29.581429789000026, -3.919616335 ], [ 29.581597536, -3.919373670000027 ], [ 29.581891091999978, -3.919365302000017 ], [ 29.582276911, -3.919340198999976 ], [ 29.582780152, -3.919415508999975 ], [ 29.582964673999982, -3.919315096 ], [ 29.582989836000024, -3.918997122 ], [ 29.582931125000016, -3.91841138 ], [ 29.582771765000018, -3.918160347000025 ], [ 29.582754990000012, -3.917800533 ], [ 29.58291435000001, -3.91759134 ], [ 29.583400816999983, -3.917147848000013 ], [ 29.583795023, -3.916980493999972 ], [ 29.584189228000014, -3.916947022999977 ], [ 29.58430665100002, -3.916788035000025 ], [ 29.584549884000012, -3.91643658800001 ], [ 29.584893766, -3.916051671 ], [ 29.585212485999989, -3.915465927000014 ], [ 29.585480881000024, -3.915097745000025 ], [ 29.585799599999973, -3.914779769 ], [ 29.586260905000017, -3.914386482999987 ], [ 29.586512525999979, -3.914286069000013 ], [ 29.58670543400001, -3.914361379000013 ], [ 29.586957055000028, -3.914562207000017 ], [ 29.587334485999975, -3.91473793 ], [ 29.587728691999985, -3.91479650399998 ], [ 29.588257095000017, -3.914721193999981 ], [ 29.588726786999985, -3.914595678000012 ], [ 29.589095831, -3.914478528000018 ], [ 29.589448100000027, -3.914336275999972 ], [ 29.590077152, -3.914185655999972 ], [ 29.590739752, -3.913892783 ], [ 29.591058471999986, -3.913742163 ], [ 29.591595262999988, -3.913825841 ], [ 29.591863656999976, -3.914043403 ], [ 29.591964306000023, -3.914336275999972 ], [ 29.591955918999986, -3.91479650399998 ], [ 29.59185527, -3.91513121600002 ], [ 29.591653974, -3.915348778 ], [ 29.591276543, -3.915398985000024 ], [ 29.590790077, -3.915424088 ], [ 29.590404257999978, -3.91549103 ], [ 29.590093926, -3.915524501 ], [ 29.589926178999974, -3.915633281999988 ], [ 29.589682945, -3.915817372999982 ], [ 29.589330675999975, -3.915959626000017 ], [ 29.589053894000017, -3.916143717000011 ], [ 29.588852598000017, -3.916352911 ], [ 29.588902921, -3.916645782999979 ], [ 29.589162929999986, -3.916913551 ], [ 29.589414550000015, -3.917106009 ], [ 29.589867466999976, -3.917064171 ], [ 29.589984889999982, -3.917047436000018 ], [ 29.590303609999978, -3.917080907000013 ], [ 29.590580392, -3.91721479 ], [ 29.590865563000023, -3.917407249 ], [ 29.591083633999972, -3.91759134 ], [ 29.591167508000012, -3.917859108000016 ], [ 29.591360416999976, -3.91800136 ], [ 29.591544939000016, -3.917884212 ], [ 29.591821720999974, -3.917574605000027 ], [ 29.59193914399998, -3.917348675000028 ], [ 29.592224314000021, -3.916871712999978 ], [ 29.592534646, -3.916645782999979 ], [ 29.592928852, -3.916461691999984 ], [ 29.59322240900002, -3.91645332500002 ], [ 29.593474029999982, -3.916361279 ], [ 29.593683714, -3.916302703999975 ], [ 29.593851460999986, -3.916419852999979 ], [ 29.59403598199998, -3.91651189800001 ], [ 29.594237280000016, -3.916637415000025 ], [ 29.59432115300001, -3.917022331999988 ], [ 29.594228892, -3.917306836000023 ], [ 29.594136631000026, -3.917549501 ], [ 29.594069532999981, -3.917750327000022 ], [ 29.59432115300001, -3.917733591 ], [ 29.594455351000022, -3.91759134 ], [ 29.594748907999985, -3.917599707000022 ], [ 29.594941817, -3.917658282 ], [ 29.595025690999989, -3.917951153999979 ], [ 29.595084402, -3.918244024999979 ], [ 29.594975367000018, -3.918620573 ], [ 29.594866331, -3.918955283 ], [ 29.594748907999985, -3.919348566999986 ], [ 29.594690195999988, -3.919507554 ], [ 29.594539224000016, -3.91974184999998 ], [ 29.594631484999979, -3.919875734000016 ], [ 29.594983754, -3.920009618 ], [ 29.595336023000016, -3.920076559999984 ], [ 29.595612804999973, -3.920084927 ], [ 29.595856039000012, -3.92012676600001 ], [ 29.596040561, -3.920327590999989 ], [ 29.59621669500001, -3.920754346000024 ], [ 29.596350891999975, -3.921080687000028 ], [ 29.596669612000028, -3.921331719000023 ], [ 29.596938007, -3.921381925 ], [ 29.597114142, -3.921306615999981 ], [ 29.597156079, -3.921072319000018 ], [ 29.597038656, -3.920411269 ], [ 29.597231565000016, -3.919800425 ], [ 29.597667707000028, -3.919582864 ], [ 29.597910941, -3.91952428899998 ], [ 29.598506443000019, -3.919289992000017 ], [ 29.598900647999983, -3.918963651000013 ], [ 29.599554862, -3.918704250000019 ], [ 29.600074877999987, -3.918495056999973 ], [ 29.600343273000021, -3.918210553999984 ], [ 29.600477470999977, -3.917909313999985 ], [ 29.600435534999974, -3.917708489 ], [ 29.600091653, -3.917482559 ], [ 29.59965551, -3.91744072 ], [ 29.599353566, -3.917465823999976 ], [ 29.599009684, -3.917415617000017 ], [ 29.598472894, -3.917223159 ], [ 29.598087075000024, -3.917164583999977 ], [ 29.597684483000023, -3.917055802999982 ], [ 29.597323825999979, -3.917013965000024 ], [ 29.596820584999989, -3.917172951999987 ], [ 29.596485089999987, -3.917449088000012 ], [ 29.596032173000026, -3.917683384999975 ], [ 29.595822489, -3.917716856000027 ], [ 29.595545706999985, -3.917716856000027 ], [ 29.59534441, -3.917608076000022 ], [ 29.595252148999975, -3.917432352999981 ], [ 29.595210211999984, -3.917097641999987 ], [ 29.595394734000024, -3.916779667000014 ], [ 29.595671517000028, -3.916503530999989 ], [ 29.59601539800002, -3.916403117000016 ], [ 29.596392829000024, -3.916327808 ], [ 29.596778648, -3.916160451999986 ], [ 29.597189628000024, -3.915817372999982 ], [ 29.597483185999977, -3.915449191 ], [ 29.597768356000017, -3.915298571999983 ], [ 29.598045139000021, -3.915298571999983 ], [ 29.598279983999987, -3.915390617000014 ], [ 29.598472894, -3.915583076000019 ], [ 29.598565154000028, -3.915817372999982 ], [ 29.598732901, -3.916051671 ], [ 29.598984522000023, -3.916076775000022 ], [ 29.599269692, -3.91586758 ], [ 29.599554862, -3.915658386000018 ], [ 29.600041329000021, -3.915591443999972 ], [ 29.600116814999978, -3.915306939 ], [ 29.600175525999987, -3.914880182 ], [ 29.600175525999987, -3.914537102999986 ], [ 29.600200689000019, -3.914378114999977 ], [ 29.600292949, -3.914244231 ], [ 29.600586507, -3.91402666800002 ], [ 29.60082974, -3.913817473 ], [ 29.600980713000013, -3.913516232 ], [ 29.601072972999987, -3.913189887999977 ], [ 29.601056199000027, -3.912972325 ], [ 29.600913612999989, -3.912696187999984 ], [ 29.600863289000017, -3.912403315 ], [ 29.600980713000013, -3.912060234000023 ], [ 29.601223946, -3.91163347600002 ], [ 29.601475567000023, -3.910763222000014 ], [ 29.601475567000023, -3.910528924 ], [ 29.601467179, -3.910277888999985 ], [ 29.601391692999982, -3.909892968 ], [ 29.601400080000019, -3.909541519000015 ], [ 29.601525891, -3.909131495 ], [ 29.601710412999978, -3.908796782000024 ], [ 29.601894933999972, -3.908470436000016 ], [ 29.602222041, -3.907893054 ], [ 29.602641409, -3.907206889 ], [ 29.602800769, -3.907073003999983 ], [ 29.603287236000028, -3.907106474999978 ], [ 29.603782089, -3.907332408 ], [ 29.605367299000022, -3.90782611100002 ], [ 29.605912477, -3.908001835999983 ], [ 29.606256358999985, -3.908185929000012 ], [ 29.606717662999984, -3.908328182 ], [ 29.607061545000022, -3.908621057 ], [ 29.607732532999989, -3.908846988 ], [ 29.608051252999985, -3.908805148999988 ], [ 29.608260937000011, -3.908386757000017 ], [ 29.608420297, -3.907842846999984 ], [ 29.608739016000015, -3.90716505 ], [ 29.609024186, -3.906746656999985 ], [ 29.60941839100002, -3.906453782000028 ], [ 29.609879696, -3.90626132 ], [ 29.610181641, -3.906420310999977 ], [ 29.610408099999972, -3.906646243000012 ], [ 29.610785530999976, -3.906872175 ], [ 29.611355871, -3.906905646999974 ], [ 29.611850725000011, -3.906821967999974 ], [ 29.611976535, -3.906621138999981 ], [ 29.611976535, -3.906336630999988 ], [ 29.612102344999983, -3.905784352000012 ], [ 29.612362354000027, -3.905290647000015 ], [ 29.612739783999984, -3.904830414 ], [ 29.613335286, -3.904428756000016 ], [ 29.613737878999984, -3.904361812 ], [ 29.613930788, -3.904303237000022 ], [ 29.614232733, -3.904169351 ], [ 29.614291445, -3.903985256999988 ], [ 29.614299831999972, -3.903600332999986 ], [ 29.614626939, -3.903039684000021 ], [ 29.61495404599998, -3.902755176000028 ], [ 29.615515999000024, -3.902395356 ], [ 29.615926979, -3.902328411999974 ], [ 29.616279248000012, -3.902487403 ], [ 29.61653925600001, -3.902679864999982 ], [ 29.616774102000022, -3.902688233 ], [ 29.616967010999986, -3.902437195 ], [ 29.617210243999978, -3.901876545 ], [ 29.617570899999976, -3.901433046000022 ], [ 29.618149628000026, -3.901190375999988 ], [ 29.618585771000028, -3.901173641000014 ], [ 29.618963200999985, -3.901156904 ], [ 29.619374182, -3.901182009000024 ], [ 29.619818711999983, -3.901349365999977 ], [ 29.620053558, -3.901541828 ], [ 29.620229692, -3.901893282 ], [ 29.620372277, -3.90221963 ], [ 29.620565186000022, -3.902328411999974 ], [ 29.620758094999985, -3.902127582999981 ], [ 29.621076814999981, -3.901834705999988 ], [ 29.621361985000021, -3.901742658999979 ], [ 29.621890388, -3.90176776200002 ], [ 29.622150396999984, -3.901893282 ], [ 29.622586539, -3.902135951 ], [ 29.622863322, -3.902328411999974 ], [ 29.623274302000027, -3.902537610000024 ], [ 29.62356785999998, -3.902847222999981 ], [ 29.623794318000023, -3.903165203000015 ], [ 29.624004002, -3.903382769000018 ], [ 29.624339496, -3.90357523 ], [ 29.624322721999988, -3.903868107 ], [ 29.62429756, -3.904169351 ], [ 29.624364658, -3.904504066000015 ], [ 29.624784025999986, -3.904453858000011 ], [ 29.625446626999974, -3.904219558000023 ], [ 29.625790509000012, -3.904286501 ], [ 29.626067291000027, -3.904520801999979 ], [ 29.626310525, -3.904855516999987 ], [ 29.626570532000017, -3.904947564 ], [ 29.626796991, -3.904805309999972 ], [ 29.626973125, -3.904537538 ], [ 29.627182810000022, -3.904219558000023 ], [ 29.627694438, -3.903525022 ], [ 29.627962833000026, -3.903165203000015 ], [ 29.628365426000016, -3.902956005000021 ], [ 29.629078352000022, -3.902428827999984 ], [ 29.629447395, -3.902144319 ], [ 29.629917087000024, -3.902119215000027 ], [ 29.630202257, -3.901985328000023 ], [ 29.630613238000024, -3.901491621 ], [ 29.630814534000024, -3.901148536999983 ], [ 29.630999056, -3.900730141 ], [ 29.631250675999979, -3.900470735 ], [ 29.632139736, -3.899960292 ], [ 29.632642977999978, -3.899667414000021 ], [ 29.632953309000015, -3.899399640000013 ], [ 29.633272029000011, -3.899156968999989 ], [ 29.633481712999981, -3.899608838 ], [ 29.633683008999981, -3.900186226000017 ], [ 29.633959791999985, -3.900638093 ], [ 29.634228187000019, -3.900805451999986 ], [ 29.634681105000027, -3.901274054999988 ], [ 29.634773365, -3.9015753 ], [ 29.634865626000021, -3.901968593 ], [ 29.635066923000011, -3.902286573000026 ], [ 29.635444354000015, -3.902696600000013 ], [ 29.635922433000019, -3.902805382999986 ], [ 29.63627470199998, -3.90312336400001 ], [ 29.636400512000023, -3.903583598000012 ], [ 29.636652132999984, -3.904202823 ], [ 29.637113436999982, -3.904671424000014 ], [ 29.637767651, -3.905215336000026 ], [ 29.637683778, -3.905307382999979 ], [ 29.637297959000023, -3.905591890999972 ], [ 29.636845042, -3.906035388000021 ], [ 29.636157278999974, -3.906487253000023 ], [ 29.635586939, -3.906905646999974 ], [ 29.63475659, -3.907156682999982 ], [ 29.634001728999976, -3.907625283000016 ], [ 29.633590749, -3.908378389 ], [ 29.633523649999972, -3.908621057 ], [ 29.633272029000011, -3.909181702000012 ], [ 29.632961696999985, -3.90959172700002 ], [ 29.63291976, -3.910035220999987 ], [ 29.632894598, -3.91057076300001 ], [ 29.632584265999981, -3.911206718000017 ], [ 29.632265546999975, -3.911934717 ], [ 29.631787466999981, -3.912503728 ], [ 29.631544233999989, -3.912763129999973 ], [ 29.631275838000022, -3.913081106999982 ], [ 29.630915182000024, -3.913298669000028 ], [ 29.630462265, -3.913290302 ], [ 29.629883537000012, -3.913173153 ], [ 29.629212548999988, -3.913332141000012 ], [ 29.628784794000012, -3.913633382 ], [ 29.628516398999977, -3.914101978000019 ], [ 29.628457688000026, -3.914562207000017 ], [ 29.6284493, -3.91496386 ], [ 29.62835703899998, -3.915214892999984 ], [ 29.628432525, -3.915449191 ], [ 29.628692533, -3.915482662999977 ], [ 29.629086739, -3.915700225000023 ], [ 29.629212548999988, -3.916034936000017 ], [ 29.629246099, -3.916888448 ], [ 29.628977702999975, -3.917599707000022 ], [ 29.628600272000028, -3.917984623999985 ], [ 29.628021545000024, -3.91811850800002 ], [ 29.62735894399998, -3.91819381800002 ], [ 29.626553758, -3.918227289000015 ], [ 29.626000192, -3.918386275999978 ], [ 29.625689860000023, -3.918553631 ], [ 29.625446626999974, -3.918687514999988 ], [ 29.624985321999986, -3.918628941 ], [ 29.624498856, -3.918930180000018 ], [ 29.62464982900002, -3.919147741000018 ], [ 29.625169844000027, -3.919181212000012 ], [ 29.625840832, -3.919281625 ], [ 29.626209876000019, -3.919557759999975 ], [ 29.62625181300001, -3.919867367 ], [ 29.626276975, -3.92035269500002 ], [ 29.626369236000016, -3.920879861 ], [ 29.626444721999974, -3.921448866999981 ], [ 29.626427947000025, -3.922201960999985 ], [ 29.626243424999984, -3.922913215999984 ], [ 29.62574857200002, -3.923908972 ], [ 29.62546340199998, -3.924436136999987 ], [ 29.625446626999974, -3.925415155999985 ], [ 29.625421464999988, -3.926452746999985 ], [ 29.62543824, -3.92733972000002 ], [ 29.625077583, -3.927649323000026 ], [ 29.624658216, -3.928009132 ], [ 29.624314334000019, -3.928578131999984 ], [ 29.624129811999978, -3.929055087 ], [ 29.62381948, -3.929565513999989 ], [ 29.623743994, -3.930209821 ], [ 29.62356785999998, -3.930912702 ], [ 29.623341400000015, -3.931615582 ], [ 29.623156879000021, -3.93200886 ], [ 29.623005906, -3.932377035 ], [ 29.622452340999985, -3.932519284000023 ], [ 29.622351692999985, -3.932703372 ], [ 29.621991036999987, -3.933071546 ], [ 29.621647155, -3.933615439999983 ], [ 29.621445859, -3.9338581 ], [ 29.621060041000021, -3.93431831700002 ], [ 29.619944522000026, -3.935690600999976 ], [ 29.619860647999985, -3.935791011999981 ], [ 29.619743224999979, -3.935983465999982 ], [ 29.619768388000011, -3.936125715 ], [ 29.619835486, -3.936376742 ], [ 29.619734838, -3.936334903999978 ], [ 29.619701288999977, -3.936426948000019 ], [ 29.619617415, -3.936460418000024 ], [ 29.619223209999973, -3.936401844999978 ], [ 29.61863609400001, -3.936259596000014 ], [ 29.618048980000026, -3.936058774 ], [ 29.617386378, -3.935857952 ], [ 29.617059272, -3.935732439 ], [ 29.616857976, -3.936083876999987 ], [ 29.616589579999982, -3.936627768999983 ], [ 29.616061177, -3.937322277000021 ], [ 29.615591484999982, -3.937974946 ], [ 29.614912108999988, -3.938828436 ], [ 29.614811460999988, -3.939037625000026 ], [ 29.614794685999982, -3.939372327 ], [ 29.615012756999988, -3.939598250000017 ], [ 29.615172116999986, -3.939866011 ], [ 29.61513018, -3.940167241999973 ], [ 29.615037918999974, -3.940435002000015 ], [ 29.614979208000022, -3.940727867000021 ], [ 29.615063082, -3.941029097000012 ], [ 29.615432124999984, -3.941464208000014 ], [ 29.615390188, -3.942175447000011 ], [ 29.615323089000015, -3.942702600000018 ], [ 29.61533986400002, -3.943363632 ], [ 29.615608259999988, -3.943782006999982 ], [ 29.616027627, -3.94420038200002 ], [ 29.616111499999988, -3.944786105999981 ], [ 29.616103113, -3.945355093999979 ], [ 29.616396671000018, -3.946534908 ], [ 29.616623129, -3.947070425 ], [ 29.616799264, -3.947639413 ], [ 29.616748939999979, -3.948158195000019 ], [ 29.616556031000016, -3.94861003699998 ], [ 29.616161825, -3.949036777 ], [ 29.61605278899998, -3.94940494399998 ], [ 29.615725682, -3.949689436000028 ], [ 29.615054695000026, -3.949764744 ], [ 29.614442417000021, -3.949906989999988 ], [ 29.613888852, -3.949915358 ], [ 29.613469484, -3.950484343000028 ], [ 29.613410772, -3.950743733000024 ], [ 29.613544970000021, -3.951070061999985 ], [ 29.613796590999982, -3.951371289 ], [ 29.613779815999976, -3.952099254000018 ], [ 29.613771429, -3.952977831999988 ], [ 29.614023050000014, -3.953237221 ], [ 29.614123697000025, -3.953655590999972 ], [ 29.613863690000017, -3.954693147 ], [ 29.613763041000027, -3.955521518000012 ], [ 29.613737878999984, -3.955772539 ], [ 29.613561745000027, -3.956266213999982 ], [ 29.613494646, -3.957002542 ], [ 29.613578518999986, -3.957337236 ], [ 29.613838527999974, -3.957655196000019 ], [ 29.614207571, -3.958040094000012 ], [ 29.614123697000025, -3.958567237000011 ], [ 29.613821753000025, -3.958734584000013 ], [ 29.613553357, -3.958885195999983 ], [ 29.613243026000021, -3.959027440999989 ], [ 29.612890757, -3.959211521999976 ], [ 29.612907532, -3.959445808 ], [ 29.61313399, -3.959797235999986 ], [ 29.613385610000023, -3.960131929 ], [ 29.613402384999972, -3.960424785999976 ], [ 29.613326899000015, -3.960633969000014 ], [ 29.613142376999974, -3.960801315000026 ], [ 29.612714622, -3.961085804 ], [ 29.612219767999989, -3.96125315 ], [ 29.611825563000025, -3.961462333999975 ], [ 29.611724913999979, -3.961730086999978 ], [ 29.611808788000019, -3.962048045000017 ], [ 29.612043633999974, -3.962273962999973 ], [ 29.612202993999972, -3.962692327000013 ], [ 29.612068796000017, -3.962909878 ], [ 29.612060408, -3.963303140999983 ], [ 29.611968148000017, -3.963897218 ], [ 29.611867499000027, -3.964357419 ], [ 29.611766851000027, -3.964474560999975 ], [ 29.611221672999989, -3.964842721000025 ], [ 29.610869404000027, -3.965085373000022 ], [ 29.61081908, -3.965537206000022 ], [ 29.610743593999985, -3.966047608999986 ], [ 29.610559072, -3.966382300000021 ], [ 29.610215191, -3.96682576500001 ], [ 29.610072605000028, -3.967461677000017 ], [ 29.609854534000021, -3.968273300000021 ], [ 29.609896471000013, -3.968674927999984 ], [ 29.610022281, -3.969386143 ], [ 29.609653238000021, -3.969436346 ], [ 29.608990635999987, -3.969310838000013 ], [ 29.608353197999975, -3.969218797999986 ], [ 29.607824795, -3.969151860000011 ], [ 29.60732994, -3.969143493 ], [ 29.606918959999973, -3.969327572 ], [ 29.606675726, -3.969628793000027 ], [ 29.606835086, -3.970105725 ], [ 29.606734437999989, -3.970750001 ], [ 29.606650564, -3.97093408 ], [ 29.606432493, -3.970750001 ], [ 29.606055062, -3.97039021 ], [ 29.605660856999975, -3.970080623 ], [ 29.605384074000028, -3.969988584000021 ], [ 29.60501503, -3.97018103 ], [ 29.604914382, -3.970440414 ], [ 29.605711181, -3.971009384000013 ], [ 29.605610532000014, -3.971411010999987 ], [ 29.605107292000014, -3.971477949000018 ], [ 29.604453078, -3.971411010999987 ], [ 29.604226618999974, -3.971854474 ], [ 29.604100808999988, -3.97239834200002 ], [ 29.603958223, -3.973084452000023 ], [ 29.603580792, -3.973544647999972 ], [ 29.603312398000014, -3.973670156000026 ], [ 29.602985290999982, -3.973377304999985 ], [ 29.602616247000014, -3.973184859000014 ], [ 29.602314302000025, -3.973209961 ], [ 29.602054294000027, -3.973092818999987 ], [ 29.601660089, -3.972640991 ], [ 29.601383306, -3.972088755000016 ], [ 29.601400080000019, -3.971310604 ], [ 29.600980713000013, -3.971268769 ], [ 29.60082974, -3.971519785 ], [ 29.600242626000011, -3.971887942000023 ], [ 29.599462601000027, -3.972339771 ], [ 29.598699351999983, -3.972624257 ], [ 29.597927715000026, -3.972841803 ], [ 29.597030268000026, -3.972138959 ], [ 29.596543801999985, -3.971879575 ], [ 29.596275407, -3.971645293 ], [ 29.595998624, -3.971369175 ], [ 29.595797327000014, -3.970925712 ], [ 29.595562481, -3.970398577000026 ], [ 29.595151500999975, -3.969921645 ], [ 29.594530836999979, -3.969586956 ], [ 29.594153405999975, -3.969469815000025 ], [ 29.593806041999983, -3.969287263000012 ], [ 29.593520893, -3.968797984 ], [ 29.593133092000016, -3.968581789999973 ], [ 29.592768101, -3.968502140999988 ], [ 29.592277646000014, -3.968012860999977 ], [ 29.591616101, -3.96810389 ], [ 29.591319547000012, -3.968274569000016 ], [ 29.591205488000014, -3.967876317999981 ], [ 29.591114240000024, -3.967398417000027 ], [ 29.591091429000016, -3.966658806999988 ], [ 29.590658002, -3.966271934000019 ], [ 29.590099110999972, -3.966044361 ], [ 29.589471785, -3.965907817000016 ], [ 29.589015546999974, -3.965725759 ], [ 29.589072575999978, -3.965122692000023 ], [ 29.589095389000022, -3.96472444 ], [ 29.588730398999985, -3.964542381 ], [ 29.588342597, -3.964531003 ], [ 29.588000417999979, -3.964394459 ], [ 29.587817922999989, -3.96396206999998 ] ] ] ] } },
{ "type": "Feature", "properties": { "SITE_ID": 9165, "SITE_PID": "9165", "SITE_TYPE": "PA", "NAME_ENG": "Rumonge", "NAME": "Réserve Naturelle Forestière de Rumonge", "DESIG": "Réserve Naturelle", "DESIG_ENG": "Nature reserve", "DESIG_TYPE": "National", "IUCN_CAT": "Ib", "INT_CRIT": "Not Applicable", "REALM": "Terrestrial", "REP_M_AREA": 0.0, "GIS_M_AREA": 0.0, "REP_AREA": 50.0, "GIS_AREA": 5.7460119412857003, "NO_TAKE": "Not Applicable", "NO_TK_AREA": 0.0, "STATUS": "Designated", "STATUS_YR": 1980, "GOV_TYPE": "Federal or national ministry or agency", "GOVSUBTYPE": "Not Applicable", "OWN_TYPE": "State", "OWNSUBTYPE": "Not Applicable", "MANG_AUTH": "OBPE", "MANG_PLAN": "No", "VERIF": "State Verified", "METADATAID": 1956, "PRNT_ISO3": "BDI", "ISO3": "BDI", "SUPP_INFO": "Not Applicable", "CONS_OBJ": "Not Applicable", "INLND_WTRS": "Not Reported", "OECM_ASMT": "Not Applicable" }, "geometry": { "type": "MultiPolygon", "coordinates": [ [ [ [ 29.478023198000017, -4.000856576 ], [ 29.478606152, -4.000320570999975 ], [ 29.478899383999988, -4.000165308000021 ], [ 29.479162438, -4.000248844 ], [ 29.479306183, -4.000350705000017 ], [ 29.479501414000026, -4.000299687 ], [ 29.479542569999978, -4.000393950999978 ], [ 29.479504983000027, -3.999950199000011 ], [ 29.479683239, -3.999826378000023 ], [ 29.479832321, -3.999452895 ], [ 29.480169612, -3.99899429300001 ], [ 29.480568075, -3.998775484000021 ], [ 29.480997297999977, -3.998564151999972 ], [ 29.481160736999982, -3.998450919999982 ], [ 29.481573769000022, -3.998727269000028 ], [ 29.481770688999973, -3.99909792 ], [ 29.482030183, -3.998968122 ], [ 29.482082897999987, -3.99871955499998 ], [ 29.482344006, -3.998503993999975 ], [ 29.482721417999983, -3.998414678000017 ], [ 29.483064113000012, -3.998333576 ], [ 29.483745525000018, -3.997549661999983 ], [ 29.484263216999977, -3.99734443 ], [ 29.484509218000028, -3.997402675999979 ], [ 29.484678332999977, -3.997387699 ], [ 29.485132685, -3.997474091000015 ], [ 29.485560753000016, -3.997511347999989 ], [ 29.485975186000019, -3.997510730999977 ], [ 29.486106849, -3.997198186 ], [ 29.486422128000015, -3.996857955 ], [ 29.4866695, -3.996204374 ], [ 29.487236016, -3.995883414 ], [ 29.487784391, -3.995968455000025 ], [ 29.488263188000019, -3.996240484 ], [ 29.488718956000014, -3.996499428 ], [ 29.48918925800001, -3.996478540999988 ], [ 29.489977851999981, -3.996661947 ], [ 29.490324537, -3.996795325999983 ], [ 29.490738201, -3.996729093999988 ], [ 29.490988786, -3.996815357 ], [ 29.491639065000015, -3.996652954000012 ], [ 29.491855851000025, -3.996875253999974 ], [ 29.491987826000013, -3.997124525 ], [ 29.492389095000021, -3.99720531600002 ], [ 29.492600900000014, -3.997463085 ], [ 29.492622822999977, -3.997758249000015 ], [ 29.492766126999982, -3.998124357999984 ], [ 29.493076605999988, -3.99833307900002 ], [ 29.493242871, -3.998604861 ], [ 29.493764447, -3.998980427999982 ], [ 29.493747378000023, -3.999382793 ], [ 29.493971491000025, -3.999550143000022 ], [ 29.493956465999986, -3.999884367 ], [ 29.494252145000019, -4.000061315999972 ], [ 29.494398169000021, -4.000386876 ], [ 29.49439381000002, -4.000703519000012 ], [ 29.494649553999977, -4.001154578000012 ], [ 29.495023066999977, -4.001648887999977 ], [ 29.495339956, -4.001942274999976 ], [ 29.49544964, -4.002331345000016 ], [ 29.495584646, -4.002689094 ], [ 29.495560953, -4.002908617 ], [ 29.495713603000013, -4.003186009999979 ], [ 29.495727, -4.003420705999986 ], [ 29.49562535299998, -4.003732529 ], [ 29.495926591999989, -4.004161400999976 ], [ 29.495908770000028, -4.004352306999976 ], [ 29.496156561000021, -4.004579684000021 ], [ 29.496428658000013, -4.004848724 ], [ 29.496611600999984, -4.005012900999986 ], [ 29.496851892, -4.005281331999981 ], [ 29.49711258100001, -4.005395926 ], [ 29.497321820000025, -4.005503783 ], [ 29.496879676999981, -4.005738856999983 ], [ 29.496013941, -4.006223717000012 ], [ 29.495778309, -4.006783864 ], [ 29.495717738999986, -4.007192153 ], [ 29.495770622, -4.007494179 ], [ 29.495830566, -4.007766624999988 ], [ 29.495917738, -4.008162813000013 ], [ 29.495909120000022, -4.008474994999972 ], [ 29.496013479, -4.008922797000025 ], [ 29.495923321000021, -4.00930659 ], [ 29.495749857000021, -4.009617573000014 ], [ 29.495661891, -4.010521485000027 ], [ 29.49584576, -4.011180551999985 ], [ 29.495983368999987, -4.011535948000017 ], [ 29.495990759, -4.011929348000024 ], [ 29.495902898, -4.012397465999982 ], [ 29.495751139999982, -4.012691576 ], [ 29.495598441000027, -4.01289261300002 ], [ 29.495176910999987, -4.013002261 ], [ 29.49461047, -4.013171248 ], [ 29.494608369, -4.013426740999989 ], [ 29.495018933999972, -4.013665179999975 ], [ 29.495318406000024, -4.014005820000023 ], [ 29.495470921999981, -4.014395718 ], [ 29.495671860000016, -4.014634214000012 ], [ 29.496182342, -4.014833574000022 ], [ 29.496587170999987, -4.014754079 ], [ 29.497158925, -4.014858405999973 ], [ 29.497508198999981, -4.015094522000027 ], [ 29.497824273, -4.015591509999979 ], [ 29.498613337, -4.016229226 ], [ 29.49849259299998, -4.016928904999986 ], [ 29.497916272, -4.017474127000014 ], [ 29.4972661, -4.018653961999973 ], [ 29.496967612, -4.019208918 ], [ 29.496560747, -4.019322865999982 ], [ 29.496184578999987, -4.019060301000025 ], [ 29.495835812999985, -4.018849123999985 ], [ 29.495620498999983, -4.018624661999979 ], [ 29.495291545999976, -4.018304514000022 ], [ 29.495046087, -4.018152527999973 ], [ 29.494565298, -4.018654246999972 ], [ 29.494352994, -4.018875793 ], [ 29.494149557000014, -4.018889135 ], [ 29.493813392999982, -4.018707081 ], [ 29.49359575699998, -4.018589217999988 ], [ 29.49337316499998, -4.01846867 ], [ 29.493085662, -4.018310053 ], [ 29.492895923, -4.018094422 ], [ 29.492764661000024, -4.017909068 ], [ 29.492629595999972, -4.017677597999977 ], [ 29.492378245, -4.017513303999976 ], [ 29.492172292000021, -4.017675775999976 ], [ 29.49212875500001, -4.018299881000019 ], [ 29.492093066, -4.01891344 ], [ 29.49194825, -4.019215023000015 ], [ 29.491850752, -4.019673387000012 ], [ 29.491915614999982, -4.020181528000023 ], [ 29.491992875, -4.020960756000022 ], [ 29.491973856000016, -4.021789195 ], [ 29.49187987, -4.022666309999977 ], [ 29.491665529999977, -4.02332334 ], [ 29.491601987000024, -4.023742862 ], [ 29.491445828999986, -4.02440457900002 ], [ 29.491057938999973, -4.025497461999976 ], [ 29.490986346999989, -4.025844120999977 ], [ 29.490768693, -4.026117865 ], [ 29.490500076999979, -4.026138931 ], [ 29.490401827000028, -4.02643515 ], [ 29.490323637000017, -4.026702458999978 ], [ 29.490153376000023, -4.026880915999982 ], [ 29.489894822, -4.026836960000026 ], [ 29.489501346999987, -4.026668343999972 ], [ 29.489061875, -4.026544546000025 ], [ 29.488811625999972, -4.026478022999981 ], [ 29.488079989000028, -4.02656807 ], [ 29.487322828, -4.026482585 ], [ 29.486345492, -4.025603373000024 ], [ 29.485264659, -4.02406694299998 ], [ 29.484796465999977, -4.023241449000011 ], [ 29.484496535, -4.022928886999978 ], [ 29.484234941000011, -4.022545939 ], [ 29.483962760999987, -4.022251969000024 ], [ 29.483315781999977, -4.021399168000016 ], [ 29.48216671199998, -4.020930338000028 ], [ 29.480754956999988, -4.020951944999979 ], [ 29.479950944, -4.020964247999984 ], [ 29.479026041, -4.020392619 ], [ 29.478545071999974, -4.020095358 ], [ 29.478035004, -4.019780113000024 ], [ 29.477399142000024, -4.019387119999976 ], [ 29.476612301999978, -4.019121143 ], [ 29.476087001, -4.018855939 ], [ 29.475388881000015, -4.018715034000024 ], [ 29.474704448000011, -4.018702674 ], [ 29.474231601999975, -4.019072079000011 ], [ 29.473719872, -4.019335720000015 ], [ 29.473265788, -4.019669561 ], [ 29.472802278000017, -4.02021956599998 ], [ 29.472367196, -4.020174241 ], [ 29.47169248199998, -4.020103952 ], [ 29.471076623999977, -4.020039794000013 ], [ 29.47068935599998, -4.019708034000018 ], [ 29.470914600000015, -4.018860177000022 ], [ 29.471029241, -4.01844683500002 ], [ 29.471295949000023, -4.018220827 ], [ 29.471438888000023, -4.017546491000019 ], [ 29.471901842000022, -4.017221620999976 ], [ 29.472166847999972, -4.016706022999983 ], [ 29.472501212, -4.016427787999987 ], [ 29.472429162000026, -4.016064439 ], [ 29.472633453000014, -4.015858185000013 ], [ 29.472856130000025, -4.016158193000024 ], [ 29.47348181000001, -4.016159555 ], [ 29.473957381, -4.015945688999977 ], [ 29.474899506999975, -4.015888986 ], [ 29.475693964000016, -4.016134994000026 ], [ 29.476379883999982, -4.016034796999975 ], [ 29.47685174999998, -4.01610151 ], [ 29.477281932999972, -4.016379421000011 ], [ 29.477853343, -4.016641586 ], [ 29.478337803999977, -4.016779483 ], [ 29.478763556, -4.017272276000028 ], [ 29.479199075999986, -4.017165578 ], [ 29.47916014499998, -4.016748012 ], [ 29.47925799, -4.016069722999987 ], [ 29.479325212999981, -4.015506 ], [ 29.478740403000018, -4.01493466 ], [ 29.478667873, -4.012374833000024 ], [ 29.478297081999983, -4.01078454200001 ], [ 29.477819653999973, -4.010067479999975 ], [ 29.477616500000011, -4.009273004000022 ], [ 29.477921117999983, -4.009006537 ], [ 29.478009121000014, -4.00863112899998 ], [ 29.478122583000015, -4.008142709000026 ], [ 29.477843415, -4.00797186 ], [ 29.477741001000027, -4.007509750999986 ], [ 29.477475922, -4.006904827000028 ], [ 29.477174436999974, -4.006381192 ], [ 29.476852588999975, -4.005855929 ], [ 29.476378898, -4.005631381 ], [ 29.476504795999972, -4.005288322000013 ], [ 29.47670546400002, -4.005022743999973 ], [ 29.476502278, -4.004814425 ], [ 29.476043914, -4.004568029999973 ], [ 29.475462900000025, -4.004284207000012 ], [ 29.475218057, -4.003717533999975 ], [ 29.47490482, -4.003326295000022 ], [ 29.474882219, -4.002959171999976 ], [ 29.474862578999989, -4.002484489999972 ], [ 29.474562618, -4.002061315999981 ], [ 29.474391335, -4.001788018000013 ], [ 29.474246048999987, -4.001274454 ], [ 29.474631046000013, -4.001433236000025 ], [ 29.475055667, -4.001608358999988 ], [ 29.475567794000028, -4.001857766 ], [ 29.476408205999974, -4.002360953 ], [ 29.477113109000015, -4.002631921999978 ], [ 29.477342641, -4.001822479 ], [ 29.47779914, -4.001580342000011 ], [ 29.478023198000017, -4.000856576 ] ] ] ] } }
]
}
